2026-02-09 13:07:37.032 [http-nio-8081-exec-4] DEBUG com.wio.crm.service.BannerService - 사이드바 활성 배너 조회
2026-02-09 13:07:37.036 [http-nio-8081-exec-4] DEBUG org.mybatis.spring.SqlSessionUtils - Creating a new SqlSession
2026-02-09 13:07:37.036 [http-nio-8081-exec-4] DEBUG org.mybatis.spring.SqlSessionUtils - SqlSession [org.apache.ibatis.session.defaults.DefaultSqlSession@1dd2b3e0] was not registered for synchronization because synchronization is not active
2026-02-09 13:07:37.036 [http-nio-8081-exec-4] DEBUG o.s.jdbc.datasource.DataSourceUtils - Fetching JDBC Connection from DataSource
2026-02-09 13:07:37.041 [http-nio-8081-exec-4] DEBUG o.m.s.t.SpringManagedTransaction - JDBC Connection [HikariProxyConnection@717651959 wrapping oracle.jdbc.driver.T4CConnection@110b40b1] will not be managed by Spring
2026-02-09 13:07:37.041 [http-nio-8081-exec-4] DEBUG c.w.c.m.B.findActiveBannersByPosition - ==>  Preparing: SELECT * FROM banner WHERE active = 1 AND position = ? AND (start_date IS NULL OR start_date <= SYSDATE) AND (end_date IS NULL OR end_date >= SYSDATE) ORDER BY display_order
2026-02-09 13:07:37.041 [http-nio-8081-exec-4] DEBUG c.w.c.m.B.findActiveBannersByPosition - ==> Parameters: sidebar(String)
2026-02-09 13:07:37.047 [http-nio-8081-exec-4] DEBUG c.w.c.m.B.findActiveBannersByPosition - <==      Total: 0
2026-02-09 13:07:37.047 [http-nio-8081-exec-4] DEBUG org.mybatis.spring.SqlSessionUtils - Closing non transactional SqlSession [org.apache.ibatis.session.defaults.DefaultSqlSession@1dd2b3e0]
2026-02-09 13:07:37.047 [http-nio-8081-exec-4] DEBUG org.mybatis.spring.SqlSessionUtils - Creating a new SqlSession
2026-02-09 13:07:37.047 [http-nio-8081-exec-4] DEBUG org.mybatis.spring.SqlSessionUtils - SqlSession [org.apache.ibatis.session.defaults.DefaultSqlSession@1dffd620] was not registered for synchronization because synchronization is not active
2026-02-09 13:07:37.047 [http-nio-8081-exec-4] DEBUG o.s.jdbc.datasource.DataSourceUtils - Fetching JDBC Connection from DataSource
2026-02-09 13:07:37.047 [http-nio-8081-exec-4] DEBUG o.m.s.t.SpringManagedTransaction - JDBC Connection [HikariProxyConnection@1510987944 wrapping oracle.jdbc.driver.T4CConnection@110b40b1] will not be managed by Spring
2026-02-09 13:07:37.047 [http-nio-8081-exec-4] DEBUG c.w.c.m.Temp01Mapper.findByUserId - ==>  Preparing: SELECT * FROM N_TEMP01 WHERE userid = ?
2026-02-09 13:07:37.047 [http-nio-8081-exec-4] DEBUG c.w.c.m.Temp01Mapper.findByUserId - ==> Parameters: anonymousUser(String)
2026-02-09 13:07:37.053 [http-nio-8081-exec-4] DEBUG c.w.c.m.Temp01Mapper.findByUserId - <==      Total: 0
2026-02-09 13:07:37.053 [http-nio-8081-exec-4] DEBUG org.mybatis.spring.SqlSessionUtils - Closing non transactional SqlSession [org.apache.ibatis.session.defaults.DefaultSqlSession@1dffd620]
2026-02-09 13:07:37.053 [http-nio-8081-exec-4] DEBUG c.wio.crm.config.BannerInterceptor - 사이드바 배너를 모델에 추가: /login, 배너 관리 권한: false
2026-02-09 13:07:38.641 [http-nio-8081-exec-9] WARN  c.w.c.e.GlobalExceptionHandler - 잘못된 요청 - URI: /check-userid-availability, 메시지: Name for argument of type [java.lang.String] not specified, and parameter name information not available via reflection. Ensure that the compiler uses the '-parameters' flag.
2026-02-09 13:07:38.642 [http-nio-8081-exec-9] WARN  o.s.w.s.m.m.a.ExceptionHandlerExceptionResolver - Resolved [java.lang.IllegalArgumentException: Name for argument of type [java.lang.String] not specified, and parameter name information not available via reflection. Ensure that the compiler uses the '-parameters' flag.]
2026-02-09 13:07:40.078 [http-nio-8081-exec-2] DEBUG org.mybatis.spring.SqlSessionUtils - Creating a new SqlSession
2026-02-09 13:07:40.078 [http-nio-8081-exec-2] DEBUG org.mybatis.spring.SqlSessionUtils - SqlSession [org.apache.ibatis.session.defaults.DefaultSqlSession@24424f1e] was not registered for synchronization because synchronization is not active
2026-02-09 13:07:40.078 [http-nio-8081-exec-2] DEBUG o.s.jdbc.datasource.DataSourceUtils - Fetching JDBC Connection from DataSource
2026-02-09 13:07:40.084 [http-nio-8081-exec-2] DEBUG o.m.s.t.SpringManagedTransaction - JDBC Connection [HikariProxyConnection@705770990 wrapping oracle.jdbc.driver.T4CConnection@110b40b1] will not be managed by Spring
2026-02-09 13:07:40.084 [http-nio-8081-exec-2] DEBUG c.w.c.m.TipdwMapper.findByUserId - ==>  Preparing: SELECT * FROM N_TIPDW WHERE userid = ?
2026-02-09 13:07:40.084 [http-nio-8081-exec-2] DEBUG c.w.c.m.TipdwMapper.findByUserId - ==> Parameters: testadm(String)
2026-02-09 13:07:40.091 [http-nio-8081-exec-2] WARN  o.a.i.s.AutoMappingUnknownColumnBehavior - Unknown column is detected on 'com.wio.crm.mapper.TipdwMapper.findByUserId' auto-mapping. Mapping parameters are [columnName=REPASS,propertyName=REPASS,propertyType=null]
2026-02-09 13:07:40.091 [http-nio-8081-exec-2] DEBUG c.w.c.m.TipdwMapper.findByUserId - <==      Total: 1
2026-02-09 13:07:40.091 [http-nio-8081-exec-2] DEBUG org.mybatis.spring.SqlSessionUtils - Closing non transactional SqlSession [org.apache.ibatis.session.defaults.DefaultSqlSession@24424f1e]
2026-02-09 13:07:40.091 [http-nio-8081-exec-2] INFO  c.w.c.s.CustomUserDetailsService - 거래처 직원 정보 조회: testadm
2026-02-09 13:07:40.091 [http-nio-8081-exec-2] DEBUG org.mybatis.spring.SqlSessionUtils - Creating a new SqlSession
2026-02-09 13:07:40.091 [http-nio-8081-exec-2] DEBUG org.mybatis.spring.SqlSessionUtils - SqlSession [org.apache.ibatis.session.defaults.DefaultSqlSession@69e13b3c] was not registered for synchronization because synchronization is not active
2026-02-09 13:07:40.091 [http-nio-8081-exec-2] DEBUG o.s.jdbc.datasource.DataSourceUtils - Fetching JDBC Connection from DataSource
2026-02-09 13:07:40.091 [http-nio-8081-exec-2] DEBUG o.m.s.t.SpringManagedTransaction - JDBC Connection [HikariProxyConnection@1243245743 wrapping oracle.jdbc.driver.T4CConnection@110b40b1] will not be managed by Spring
2026-02-09 13:07:40.091 [http-nio-8081-exec-2] DEBUG c.w.c.m.Tcnt01EmpMapper.findByUserId - ==>  Preparing: SELECT A.CUST_CODE as custCode, A.authority, T.CUST_GRADE as cust_grade, A.EMPNO as empno, A.EMP_NAME as emp_name, A.ID as id, A.PW as pw, A.DEPART as depart, A.POSITION as position, A.ZIP_NO as zip_no, A.ADDR as addr, A.TEL_NO as tel_no, A.FEX_NO as fex_no, A.HAND_PHONE as hand_phone, A.EMAIL as email, A.RMK as rmk, A.USE_YN as use_yn, A.IN_DATE as in_date, A.IN_EMPNO as in_empno, A.UP_DATE as up_date, A.UP_EMPNO as up_empno, A.ADDR2 as addr2, A.SUBID as subId, A.USERID as userId, T.CUST_NAME as cust_name FROM N_TCNT01_EMP A LEFT JOIN TCNT01 T ON A.CUST_CODE = T.CUST_CODE WHERE A.id = ?
2026-02-09 13:07:40.091 [http-nio-8081-exec-2] DEBUG c.w.c.m.Tcnt01EmpMapper.findByUserId - ==> Parameters: testadm(String)
2026-02-09 13:07:40.096 [http-nio-8081-exec-2] WARN  o.a.i.s.AutoMappingUnknownColumnBehavior - Unknown column is detected on 'com.wio.crm.mapper.Tcnt01EmpMapper.findByUserId' auto-mapping. Mapping parameters are [columnName=CUST_GRADE,propertyName=CUST_GRADE,propertyType=null]
2026-02-09 13:07:40.096 [http-nio-8081-exec-2] WARN  o.a.i.s.AutoMappingUnknownColumnBehavior - Unknown column is detected on 'com.wio.crm.mapper.Tcnt01EmpMapper.findByUserId' auto-mapping. Mapping parameters are [columnName=EMP_NAME,propertyName=EMP_NAME,propertyType=null]
2026-02-09 13:07:40.096 [http-nio-8081-exec-2] WARN  o.a.i.s.AutoMappingUnknownColumnBehavior - Unknown column is detected on 'com.wio.crm.mapper.Tcnt01EmpMapper.findByUserId' auto-mapping. Mapping parameters are [columnName=PW,propertyName=PW,propertyType=null]
2026-02-09 13:07:40.096 [http-nio-8081-exec-2] WARN  o.a.i.s.AutoMappingUnknownColumnBehavior - Unknown column is detected on 'com.wio.crm.mapper.Tcnt01EmpMapper.findByUserId' auto-mapping. Mapping parameters are [columnName=ZIP_NO,propertyName=ZIP_NO,propertyType=null]
2026-02-09 13:07:40.096 [http-nio-8081-exec-2] WARN  o.a.i.s.AutoMappingUnknownColumnBehavior - Unknown column is detected on 'com.wio.crm.mapper.Tcnt01EmpMapper.findByUserId' auto-mapping. Mapping parameters are [columnName=TEL_NO,propertyName=TEL_NO,propertyType=null]
2026-02-09 13:07:40.096 [http-nio-8081-exec-2] WARN  o.a.i.s.AutoMappingUnknownColumnBehavior - Unknown column is detected on 'com.wio.crm.mapper.Tcnt01EmpMapper.findByUserId' auto-mapping. Mapping parameters are [columnName=FEX_NO,propertyName=FEX_NO,propertyType=null]
2026-02-09 13:07:40.096 [http-nio-8081-exec-2] WARN  o.a.i.s.AutoMappingUnknownColumnBehavior - Unknown column is detected on 'com.wio.crm.mapper.Tcnt01EmpMapper.findByUserId' auto-mapping. Mapping parameters are [columnName=HAND_PHONE,propertyName=HAND_PHONE,propertyType=null]
2026-02-09 13:07:40.096 [http-nio-8081-exec-2] WARN  o.a.i.s.AutoMappingUnknownColumnBehavior - Unknown column is detected on 'com.wio.crm.mapper.Tcnt01EmpMapper.findByUserId' auto-mapping. Mapping parameters are [columnName=USE_YN,propertyName=USE_YN,propertyType=null]
2026-02-09 13:07:40.096 [http-nio-8081-exec-2] WARN  o.a.i.s.AutoMappingUnknownColumnBehavior - Unknown column is detected on 'com.wio.crm.mapper.Tcnt01EmpMapper.findByUserId' auto-mapping. Mapping parameters are [columnName=IN_DATE,propertyName=IN_DATE,propertyType=null]
2026-02-09 13:07:40.096 [http-nio-8081-exec-2] WARN  o.a.i.s.AutoMappingUnknownColumnBehavior - Unknown column is detected on 'com.wio.crm.mapper.Tcnt01EmpMapper.findByUserId' auto-mapping. Mapping parameters are [columnName=IN_EMPNO,propertyName=IN_EMPNO,propertyType=null]
2026-02-09 13:07:40.096 [http-nio-8081-exec-2] WARN  o.a.i.s.AutoMappingUnknownColumnBehavior - Unknown column is detected on 'com.wio.crm.mapper.Tcnt01EmpMapper.findByUserId' auto-mapping. Mapping parameters are [columnName=UP_DATE,propertyName=UP_DATE,propertyType=null]
2026-02-09 13:07:40.096 [http-nio-8081-exec-2] WARN  o.a.i.s.AutoMappingUnknownColumnBehavior - Unknown column is detected on 'com.wio.crm.mapper.Tcnt01EmpMapper.findByUserId' auto-mapping. Mapping parameters are [columnName=UP_EMPNO,propertyName=UP_EMPNO,propertyType=null]
2026-02-09 13:07:40.096 [http-nio-8081-exec-2] WARN  o.a.i.s.AutoMappingUnknownColumnBehavior - Unknown column is detected on 'com.wio.crm.mapper.Tcnt01EmpMapper.findByUserId' auto-mapping. Mapping parameters are [columnName=ADDR2,propertyName=ADDR2,propertyType=null]
2026-02-09 13:07:40.096 [http-nio-8081-exec-2] WARN  o.a.i.s.AutoMappingUnknownColumnBehavior - Unknown column is detected on 'com.wio.crm.mapper.Tcnt01EmpMapper.findByUserId' auto-mapping. Mapping parameters are [columnName=SUBID,propertyName=SUBID,propertyType=null]
2026-02-09 13:07:40.096 [http-nio-8081-exec-2] WARN  o.a.i.s.AutoMappingUnknownColumnBehavior - Unknown column is detected on 'com.wio.crm.mapper.Tcnt01EmpMapper.findByUserId' auto-mapping. Mapping parameters are [columnName=CUST_NAME,propertyName=CUST_NAME,propertyType=null]
2026-02-09 13:07:40.096 [http-nio-8081-exec-2] DEBUG c.w.c.m.Tcnt01EmpMapper.findByUserId - <==      Total: 1
2026-02-09 13:07:40.096 [http-nio-8081-exec-2] DEBUG org.mybatis.spring.SqlSessionUtils - Closing non transactional SqlSession [org.apache.ibatis.session.defaults.DefaultSqlSession@69e13b3c]
2026-02-09 13:07:40.096 [http-nio-8081-exec-2] INFO  c.w.c.s.CustomUserDetailsService - 거래처 직원 정보: userId=testadm, custCode=P000000220, cust_grade=null, emp_name=null, authority=1
2026-02-09 13:07:40.096 [http-nio-8081-exec-2] INFO  c.w.c.s.CustomUserDetailsService - 관리자 권한 추가: testadm
2026-02-09 13:07:40.096 [http-nio-8081-exec-2] DEBUG c.w.c.s.CustomUserDetailsService - tcntUser 정보: custCode=P000000220, cust_grade=null, emp_name=null
2026-02-09 13:07:40.142 [http-nio-8081-exec-2] DEBUG c.w.crm.config.CustomSuccessHandler - 로그인 성공 - userId: testadm, authority: 1, custCode: P000000220
2026-02-09 13:07:40.142 [http-nio-8081-exec-2] DEBUG org.mybatis.spring.SqlSessionUtils - Creating a new SqlSession
2026-02-09 13:07:40.142 [http-nio-8081-exec-2] DEBUG org.mybatis.spring.SqlSessionUtils - SqlSession [org.apache.ibatis.session.defaults.DefaultSqlSession@329cac1f] was not registered for synchronization because synchronization is not active
2026-02-09 13:07:40.143 [http-nio-8081-exec-2] DEBUG o.s.jdbc.datasource.DataSourceUtils - Fetching JDBC Connection from DataSource
2026-02-09 13:07:40.143 [http-nio-8081-exec-2] DEBUG o.m.s.t.SpringManagedTransaction - JDBC Connection [HikariProxyConnection@1137219312 wrapping oracle.jdbc.driver.T4CConnection@110b40b1] will not be managed by Spring
2026-02-09 13:07:40.143 [http-nio-8081-exec-2] DEBUG c.w.c.m.MenuMapper.findMenusByRole - ==>  Preparing: select * from ( SELECT DISTINCT MENU_CD ,MENU_NM ,PROG_NM ,MENU_REF ,MENU_IDX ,MENU_DIV ,PROG_TP ,USE_YN ,SEQ ,HMENU_CD FROM ( WITH DETAIL_MENU AS (SELECT HM.MENU_CD AS HMENU_CD , MM.MENU_CD AS MMENU_CD , DM.MENU_CD AS DMENU_CD FROM N_WMENU HM , N_WMENU DM , N_WMENU MM , N_WMENU_USER MU , N_TEMP01 EP WHERE HM.MENU_CD = MM.MENU_REF AND HM.USE_YN = 'Y' AND MM.MENU_CD = DM.MENU_REF AND MM.USE_YN = 'Y' AND DM.MENU_CD = MU.MENU_CD AND DM.USE_YN = 'Y' AND MU.USER_ID = EP.POSITION AND MU.AUTHORITY = 'Y' AND EP.USERID =? UNION ALL SELECT HM.MENU_CD AS HMENU_CD , MM.MENU_CD AS MMENU_CD , DM.MENU_CD AS DMENU_CD FROM N_WMENU HM , N_WMENU DM , N_WMENU MM , N_WMENU_USER MU , N_TCNT01_EMP EP WHERE HM.MENU_CD = MM.MENU_REF AND HM.USE_YN = 'Y' AND MM.MENU_CD = DM.MENU_REF AND MM.USE_YN = 'Y' AND DM.MENU_CD = MU.MENU_CD AND DM.USE_YN = 'Y' AND MU.USER_ID = EP.CUST_CODE AND MU.AUTHORITY = 'Y' AND EP.ID =? ) SELECT * FROM ( SELECT A.MENU_CD ,A.MENU_NM ,NVL(A.PROG_NM, ' ') PROG_NM ,A.MENU_REF ,A.MENU_IDX ,A.MENU_DIV ,A.PROG_TP ,A.USE_YN ,1 AS SEQ ,0 AS HMENU_CD FROM N_WMENU A WHERE A.MENU_CD IN (SELECT HMENU_CD FROM DETAIL_MENU GROUP BY HMENU_CD) UNION ALL SELECT A.MENU_CD ,A.MENU_NM ,NVL(A.PROG_NM, ' ') PROG_NM ,A.MENU_REF ,A.MENU_IDX ,A.MENU_DIV ,A.PROG_TP ,A.USE_YN ,2 AS SEQ ,0 AS HMENU_CD FROM N_WMENU A WHERE A.MENU_CD IN (SELECT MMENU_CD FROM DETAIL_MENU GROUP BY MMENU_CD) UNION ALL SELECT A.MENU_CD ,A.MENU_NM ,NVL(A.PROG_NM, ' ') PROG_NM ,A.MENU_REF ,A.MENU_IDX ,A.MENU_DIV ,A.PROG_TP ,A.USE_YN ,3 AS SEQ ,C.MENU_CD AS HMENU_CD FROM N_WMENU A , N_WMENU B , N_WMENU C WHERE A.MENU_CD IN (SELECT DMENU_CD FROM DETAIL_MENU GROUP BY DMENU_CD) AND A.MENU_REF = B.MENU_CD AND B.MENU_REF = C.MENU_CD ) ) WHERE MENU_CD IS NOT NULL CONNECT BY nocycle MENU_REF = PRIOR MENU_CD ORDER SIBLINGS BY SEQ, MENU_IDX ) WHERE 1=1 START WITH MENU_DIV ='M' CONNECT BY PRIOR MENU_CD = MENU_REF
2026-02-09 13:07:40.143 [http-nio-8081-exec-2] DEBUG c.w.c.m.MenuMapper.findMenusByRole - ==> Parameters: testadm(String), testadm(String)
2026-02-09 13:07:40.182 [http-nio-8081-exec-2] DEBUG c.w.c.m.MenuMapper.findMenusByRole - <==      Total: 17
2026-02-09 13:07:40.182 [http-nio-8081-exec-2] DEBUG org.mybatis.spring.SqlSessionUtils - Closing non transactional SqlSession [org.apache.ibatis.session.defaults.DefaultSqlSession@329cac1f]
2026-02-09 13:07:40.182 [http-nio-8081-exec-2] DEBUG org.mybatis.spring.SqlSessionUtils - Creating a new SqlSession
2026-02-09 13:07:40.182 [http-nio-8081-exec-2] DEBUG org.mybatis.spring.SqlSessionUtils - SqlSession [org.apache.ibatis.session.defaults.DefaultSqlSession@573df824] was not registered for synchronization because synchronization is not active
2026-02-09 13:07:40.182 [http-nio-8081-exec-2] DEBUG o.s.jdbc.datasource.DataSourceUtils - Fetching JDBC Connection from DataSource
2026-02-09 13:07:40.182 [http-nio-8081-exec-2] DEBUG o.m.s.t.SpringManagedTransaction - JDBC Connection [HikariProxyConnection@1620930977 wrapping oracle.jdbc.driver.T4CConnection@110b40b1] will not be managed by Spring
2026-02-09 13:07:40.183 [http-nio-8081-exec-2] DEBUG c.w.c.m.L.insertLoginHistory - ==>  Preparing: INSERT INTO EMPLOGIN (ID, IN_DATE, SEQ) VALUES(?, SYSDATE, (SELECT TO_NUMBER(NVL(MAX(SEQ),0)+1) FROM EMPLOGIN WHERE TO_CHAR(IN_DATE,'YYYYMMDD') = TO_CHAR(SYSDATE,'YYYYMMDD') AND ID = ?))
2026-02-09 13:07:40.183 [http-nio-8081-exec-2] DEBUG c.w.c.m.L.insertLoginHistory - ==> Parameters: testadm(String), testadm(String)
2026-02-09 13:07:40.212 [http-nio-8081-exec-2] DEBUG c.w.c.m.L.insertLoginHistory - <==    Updates: 1
2026-02-09 13:07:40.212 [http-nio-8081-exec-2] DEBUG org.mybatis.spring.SqlSessionUtils - Closing non transactional SqlSession [org.apache.ibatis.session.defaults.DefaultSqlSession@573df824]
2026-02-09 13:07:40.217 [http-nio-8081-exec-2] DEBUG com.wio.crm.service.BannerService - 사이드바 활성 배너 조회
2026-02-09 13:07:40.217 [http-nio-8081-exec-2] DEBUG org.mybatis.spring.SqlSessionUtils - Creating a new SqlSession
2026-02-09 13:07:40.217 [http-nio-8081-exec-2] DEBUG org.mybatis.spring.SqlSessionUtils - SqlSession [org.apache.ibatis.session.defaults.DefaultSqlSession@18f192f3] was not registered for synchronization because synchronization is not active
2026-02-09 13:07:40.217 [http-nio-8081-exec-2] DEBUG o.s.jdbc.datasource.DataSourceUtils - Fetching JDBC Connection from DataSource
2026-02-09 13:07:40.217 [http-nio-8081-exec-2] DEBUG o.m.s.t.SpringManagedTransaction - JDBC Connection [HikariProxyConnection@313763167 wrapping oracle.jdbc.driver.T4CConnection@110b40b1] will not be managed by Spring
2026-02-09 13:07:40.217 [http-nio-8081-exec-2] DEBUG c.w.c.m.B.findActiveBannersByPosition - ==>  Preparing: SELECT * FROM banner WHERE active = 1 AND position = ? AND (start_date IS NULL OR start_date <= SYSDATE) AND (end_date IS NULL OR end_date >= SYSDATE) ORDER BY display_order
2026-02-09 13:07:40.218 [http-nio-8081-exec-2] DEBUG c.w.c.m.B.findActiveBannersByPosition - ==> Parameters: sidebar(String)
2026-02-09 13:07:40.222 [http-nio-8081-exec-2] DEBUG c.w.c.m.B.findActiveBannersByPosition - <==      Total: 0
2026-02-09 13:07:40.223 [http-nio-8081-exec-2] DEBUG org.mybatis.spring.SqlSessionUtils - Closing non transactional SqlSession [org.apache.ibatis.session.defaults.DefaultSqlSession@18f192f3]
2026-02-09 13:07:40.223 [http-nio-8081-exec-2] DEBUG org.mybatis.spring.SqlSessionUtils - Creating a new SqlSession
2026-02-09 13:07:40.223 [http-nio-8081-exec-2] DEBUG org.mybatis.spring.SqlSessionUtils - SqlSession [org.apache.ibatis.session.defaults.DefaultSqlSession@2af793f5] was not registered for synchronization because synchronization is not active
2026-02-09 13:07:40.223 [http-nio-8081-exec-2] DEBUG o.s.jdbc.datasource.DataSourceUtils - Fetching JDBC Connection from DataSource
2026-02-09 13:07:40.223 [http-nio-8081-exec-2] DEBUG o.m.s.t.SpringManagedTransaction - JDBC Connection [HikariProxyConnection@560791411 wrapping oracle.jdbc.driver.T4CConnection@110b40b1] will not be managed by Spring
2026-02-09 13:07:40.223 [http-nio-8081-exec-2] DEBUG c.w.c.m.Temp01Mapper.findByUserId - ==>  Preparing: SELECT * FROM N_TEMP01 WHERE userid = ?
2026-02-09 13:07:40.223 [http-nio-8081-exec-2] DEBUG c.w.c.m.Temp01Mapper.findByUserId - ==> Parameters: testadm(String)
2026-02-09 13:07:40.228 [http-nio-8081-exec-2] DEBUG c.w.c.m.Temp01Mapper.findByUserId - <==      Total: 0
2026-02-09 13:07:40.228 [http-nio-8081-exec-2] DEBUG org.mybatis.spring.SqlSessionUtils - Closing non transactional SqlSession [org.apache.ibatis.session.defaults.DefaultSqlSession@2af793f5]
2026-02-09 13:07:40.228 [http-nio-8081-exec-2] DEBUG c.wio.crm.config.BannerInterceptor - 사이드바 배너를 모델에 추가: /, 배너 관리 권한: false
2026-02-09 13:07:40.243 [http-nio-8081-exec-6] DEBUG com.wio.crm.service.BannerService - 사이드바 활성 배너 조회
2026-02-09 13:07:40.243 [http-nio-8081-exec-6] DEBUG org.mybatis.spring.SqlSessionUtils - Creating a new SqlSession
2026-02-09 13:07:40.243 [http-nio-8081-exec-6] DEBUG org.mybatis.spring.SqlSessionUtils - SqlSession [org.apache.ibatis.session.defaults.DefaultSqlSession@4eebefed] was not registered for synchronization because synchronization is not active
2026-02-09 13:07:40.243 [http-nio-8081-exec-6] DEBUG o.s.jdbc.datasource.DataSourceUtils - Fetching JDBC Connection from DataSource
2026-02-09 13:07:40.243 [http-nio-8081-exec-6] DEBUG o.m.s.t.SpringManagedTransaction - JDBC Connection [HikariProxyConnection@1255860892 wrapping oracle.jdbc.driver.T4CConnection@110b40b1] will not be managed by Spring
2026-02-09 13:07:40.243 [http-nio-8081-exec-6] DEBUG c.w.c.m.B.findActiveBannersByPosition - ==>  Preparing: SELECT * FROM banner WHERE active = 1 AND position = ? AND (start_date IS NULL OR start_date <= SYSDATE) AND (end_date IS NULL OR end_date >= SYSDATE) ORDER BY display_order
2026-02-09 13:07:40.243 [http-nio-8081-exec-6] DEBUG c.w.c.m.B.findActiveBannersByPosition - ==> Parameters: sidebar(String)
2026-02-09 13:07:40.248 [http-nio-8081-exec-6] DEBUG c.w.c.m.B.findActiveBannersByPosition - <==      Total: 0
2026-02-09 13:07:40.248 [http-nio-8081-exec-6] DEBUG org.mybatis.spring.SqlSessionUtils - Closing non transactional SqlSession [org.apache.ibatis.session.defaults.DefaultSqlSession@4eebefed]
2026-02-09 13:07:40.248 [http-nio-8081-exec-6] DEBUG org.mybatis.spring.SqlSessionUtils - Creating a new SqlSession
2026-02-09 13:07:40.248 [http-nio-8081-exec-6] DEBUG org.mybatis.spring.SqlSessionUtils - SqlSession [org.apache.ibatis.session.defaults.DefaultSqlSession@4a89e051] was not registered for synchronization because synchronization is not active
2026-02-09 13:07:40.248 [http-nio-8081-exec-6] DEBUG o.s.jdbc.datasource.DataSourceUtils - Fetching JDBC Connection from DataSource
2026-02-09 13:07:40.248 [http-nio-8081-exec-6] DEBUG o.m.s.t.SpringManagedTransaction - JDBC Connection [HikariProxyConnection@976088581 wrapping oracle.jdbc.driver.T4CConnection@110b40b1] will not be managed by Spring
2026-02-09 13:07:40.248 [http-nio-8081-exec-6] DEBUG c.w.c.m.Temp01Mapper.findByUserId - ==>  Preparing: SELECT * FROM N_TEMP01 WHERE userid = ?
2026-02-09 13:07:40.248 [http-nio-8081-exec-6] DEBUG c.w.c.m.Temp01Mapper.findByUserId - ==> Parameters: testadm(String)
2026-02-09 13:07:40.253 [http-nio-8081-exec-6] DEBUG c.w.c.m.Temp01Mapper.findByUserId - <==      Total: 0
2026-02-09 13:07:40.253 [http-nio-8081-exec-6] DEBUG org.mybatis.spring.SqlSessionUtils - Closing non transactional SqlSession [org.apache.ibatis.session.defaults.DefaultSqlSession@4a89e051]
2026-02-09 13:07:40.253 [http-nio-8081-exec-6] DEBUG c.wio.crm.config.BannerInterceptor - 사이드바 배너를 모델에 추가: /login, 배너 관리 권한: false
2026-02-09 13:07:40.273 [http-nio-8081-exec-8] DEBUG org.mybatis.spring.SqlSessionUtils - Creating a new SqlSession
2026-02-09 13:07:40.273 [http-nio-8081-exec-8] DEBUG org.mybatis.spring.SqlSessionUtils - SqlSession [org.apache.ibatis.session.defaults.DefaultSqlSession@5cc29dbf] was not registered for synchronization because synchronization is not active
2026-02-09 13:07:40.273 [http-nio-8081-exec-8] DEBUG o.s.jdbc.datasource.DataSourceUtils - Fetching JDBC Connection from DataSource
2026-02-09 13:07:40.273 [http-nio-8081-exec-8] DEBUG o.m.s.t.SpringManagedTransaction - JDBC Connection [HikariProxyConnection@1961551634 wrapping oracle.jdbc.driver.T4CConnection@110b40b1] will not be managed by Spring
2026-02-09 13:07:40.273 [http-nio-8081-exec-8] DEBUG c.w.c.m.BoardMapper.getLatestNotice - ==>  Preparing: SELECT gno as GNO, uno as UNO, REPLY_DEPTH as REPLY_DEPTH, CAT_GROUP as CAT_GROUP, SUBJECT as SUBJECT, EMPNM as EMPNM, TO_CHAR(TO_DATE(IN_DATE, 'YYYY-MM-DD HH24:MI:SS'), 'YYYY-MM-DD') as IN_DATE, ID as ID, CONTENT as CONTENT, ATT_FILE as ATT_FILE FROM BOARD_CALL WHERE CAT_GROUP = 'G' AND REPLY_DEPTH = 'A' AND SUBJECT IS NOT NULL AND DELCODE IS NULL AND NOCODE = '1' AND ROWNUM = 1 ORDER BY UNO DESC
2026-02-09 13:07:40.273 [http-nio-8081-exec-8] DEBUG c.w.c.m.BoardMapper.getLatestNotice - ==> Parameters: 
2026-02-09 13:07:40.278 [http-nio-8081-exec-8] DEBUG c.w.c.m.BoardMapper.getLatestNotice - <==      Total: 0
2026-02-09 13:07:40.278 [http-nio-8081-exec-8] DEBUG org.mybatis.spring.SqlSessionUtils - Closing non transactional SqlSession [org.apache.ibatis.session.defaults.DefaultSqlSession@5cc29dbf]
2026-02-09 13:07:40.279 [http-nio-8081-exec-8] DEBUG com.wio.crm.service.BannerService - 사이드바 활성 배너 조회
2026-02-09 13:07:40.279 [http-nio-8081-exec-8] DEBUG org.mybatis.spring.SqlSessionUtils - Creating a new SqlSession
2026-02-09 13:07:40.279 [http-nio-8081-exec-8] DEBUG org.mybatis.spring.SqlSessionUtils - SqlSession [org.apache.ibatis.session.defaults.DefaultSqlSession@4284db56] was not registered for synchronization because synchronization is not active
2026-02-09 13:07:40.279 [http-nio-8081-exec-8] DEBUG o.s.jdbc.datasource.DataSourceUtils - Fetching JDBC Connection from DataSource
2026-02-09 13:07:40.279 [http-nio-8081-exec-8] DEBUG o.m.s.t.SpringManagedTransaction - JDBC Connection [HikariProxyConnection@1782505548 wrapping oracle.jdbc.driver.T4CConnection@110b40b1] will not be managed by Spring
2026-02-09 13:07:40.279 [http-nio-8081-exec-8] DEBUG c.w.c.m.B.findActiveBannersByPosition - ==>  Preparing: SELECT * FROM banner WHERE active = 1 AND position = ? AND (start_date IS NULL OR start_date <= SYSDATE) AND (end_date IS NULL OR end_date >= SYSDATE) ORDER BY display_order
2026-02-09 13:07:40.279 [http-nio-8081-exec-8] DEBUG c.w.c.m.B.findActiveBannersByPosition - ==> Parameters: sidebar(String)
2026-02-09 13:07:40.283 [http-nio-8081-exec-8] DEBUG c.w.c.m.B.findActiveBannersByPosition - <==      Total: 0
2026-02-09 13:07:40.283 [http-nio-8081-exec-8] DEBUG org.mybatis.spring.SqlSessionUtils - Closing non transactional SqlSession [org.apache.ibatis.session.defaults.DefaultSqlSession@4284db56]
2026-02-09 13:07:40.283 [http-nio-8081-exec-8] DEBUG org.mybatis.spring.SqlSessionUtils - Creating a new SqlSession
2026-02-09 13:07:40.283 [http-nio-8081-exec-8] DEBUG org.mybatis.spring.SqlSessionUtils - SqlSession [org.apache.ibatis.session.defaults.DefaultSqlSession@22d9a7d1] was not registered for synchronization because synchronization is not active
2026-02-09 13:07:40.283 [http-nio-8081-exec-8] DEBUG o.s.jdbc.datasource.DataSourceUtils - Fetching JDBC Connection from DataSource
2026-02-09 13:07:40.283 [http-nio-8081-exec-8] DEBUG o.m.s.t.SpringManagedTransaction - JDBC Connection [HikariProxyConnection@19404527 wrapping oracle.jdbc.driver.T4CConnection@110b40b1] will not be managed by Spring
2026-02-09 13:07:40.283 [http-nio-8081-exec-8] DEBUG c.w.c.m.Temp01Mapper.findByUserId - ==>  Preparing: SELECT * FROM N_TEMP01 WHERE userid = ?
2026-02-09 13:07:40.283 [http-nio-8081-exec-8] DEBUG c.w.c.m.Temp01Mapper.findByUserId - ==> Parameters: testadm(String)
2026-02-09 13:07:40.288 [http-nio-8081-exec-8] DEBUG c.w.c.m.Temp01Mapper.findByUserId - <==      Total: 0
2026-02-09 13:07:40.288 [http-nio-8081-exec-8] DEBUG org.mybatis.spring.SqlSessionUtils - Closing non transactional SqlSession [org.apache.ibatis.session.defaults.DefaultSqlSession@22d9a7d1]
2026-02-09 13:07:40.288 [http-nio-8081-exec-8] DEBUG c.wio.crm.config.BannerInterceptor - 사이드바 배너를 모델에 추가: /main, 배너 관리 권한: false
2026-02-09 13:07:40.589 [http-nio-8081-exec-6] INFO  c.wio.crm.service.DashboardService - getDashboardCallCount 호출됨 - username: testadm, custCode: P000000220
2026-02-09 13:07:40.589 [http-nio-8081-exec-6] DEBUG org.mybatis.spring.SqlSessionUtils - Creating a new SqlSession
2026-02-09 13:07:40.589 [http-nio-8081-exec-6] DEBUG org.mybatis.spring.SqlSessionUtils - Registering transaction synchronization for SqlSession [org.apache.ibatis.session.defaults.DefaultSqlSession@7e3e1a2a]
2026-02-09 13:07:40.589 [http-nio-8081-exec-6] DEBUG o.m.s.t.SpringManagedTransaction - JDBC Connection [HikariProxyConnection@658955685 wrapping oracle.jdbc.driver.T4CConnection@110b40b1] will be managed by Spring
2026-02-09 13:07:40.589 [http-nio-8081-exec-6] DEBUG c.w.c.m.D.getDashboardCallCount - ==>  Preparing: SELECT PRC_DATE, GUBN, to_number(NVL(HOUR_09, 0)) as HOUR_09, to_number(NVL(HOUR_10, 0)) as HOUR_10, to_number(NVL(HOUR_11, 0)) as HOUR_11, to_number(NVL(HOUR_12, 0)) as HOUR_12, to_number(NVL(HOUR_13, 0)) as HOUR_13, to_number(NVL(HOUR_14, 0)) as HOUR_14, to_number(NVL(HOUR_15, 0)) as HOUR_15, to_number(NVL(HOUR_16, 0)) as HOUR_16, to_number(NVL(HOUR_17, 0)) as HOUR_17, to_number(NVL(HOUR_18, 0)) as HOUR_18, to_number(NVL(HOUR_19, 0)) as HOUR_19, to_number(NVL((HOUR_09+HOUR_10+HOUR_11+HOUR_12+HOUR_13+HOUR_14+HOUR_15+HOUR_16+HOUR_17+HOUR_18+HOUR_19), 0)) as CALLSUM FROM ( SELECT TO_CHAR(SYSDATE, 'YYYYMMDD') PRC_DATE, '1' GUBN, nvl(SUM(DECODE(TO_CHAR(IN_DATE, 'HH24'), '09', 1, 0)), 0) HOUR_09, nvl(SUM(DECODE(TO_CHAR(IN_DATE, 'HH24'), '10', 1, 0)), 0) HOUR_10, nvl(SUM(DECODE(TO_CHAR(IN_DATE, 'HH24'), '11', 1, 0)), 0) HOUR_11, nvl(SUM(DECODE(TO_CHAR(IN_DATE, 'HH24'), '12', 1, 0)), 0) HOUR_12, nvl(SUM(DECODE(TO_CHAR(IN_DATE, 'HH24'), '13', 1, 0)), 0) HOUR_13, nvl(SUM(DECODE(TO_CHAR(IN_DATE, 'HH24'), '14', 1, 0)), 0) HOUR_14, nvl(SUM(DECODE(TO_CHAR(IN_DATE, 'HH24'), '15', 1, 0)), 0) HOUR_15, nvl(SUM(DECODE(TO_CHAR(IN_DATE, 'HH24'), '16', 1, 0)), 0) HOUR_16, nvl(SUM(DECODE(TO_CHAR(IN_DATE, 'HH24'), '17', 1, 0)), 0) HOUR_17, nvl(SUM(DECODE(TO_CHAR(IN_DATE, 'HH24'), '18', 1, 0)), 0) HOUR_18, nvl(SUM(DECODE(TO_CHAR(IN_DATE, 'HH24'), '19', 1, 0)), 0) HOUR_19 FROM TBND01 WHERE PRC_GUBN = '2' AND TO_CHAR(IN_DATE, 'YYYYMMDD') = TO_CHAR(SYSDATE, 'YYYYMMDD') AND CUST_CODE = ? UNION ALL SELECT TO_CHAR(SYSDATE, 'YYYYMMDD') PRC_DATE, '2' GUBN, nvl(SUM(DECODE(SUBSTR(CALLDATE, 12, 2), '09', 1, 0)), 0) HOUR_09, nvl(SUM(DECODE(SUBSTR(CALLDATE, 12, 2), '10', 1, 0)), 0) HOUR_10, nvl(SUM(DECODE(SUBSTR(CALLDATE, 12, 2), '11', 1, 0)), 0) HOUR_11, nvl(SUM(DECODE(SUBSTR(CALLDATE, 12, 2), '12', 1, 0)), 0) HOUR_12, nvl(SUM(DECODE(SUBSTR(CALLDATE, 12, 2), '13', 1, 0)), 0) HOUR_13, nvl(SUM(DECODE(SUBSTR(CALLDATE, 12, 2), '14', 1, 0)), 0) HOUR_14, nvl(SUM(DECODE(SUBSTR(CALLDATE, 12, 2), '15', 1, 0)), 0) HOUR_15, nvl(SUM(DECODE(SUBSTR(CALLDATE, 12, 2), '16', 1, 0)), 0) HOUR_16, nvl(SUM(DECODE(SUBSTR(CALLDATE, 12, 2), '17', 1, 0)), 0) HOUR_17, nvl(SUM(DECODE(SUBSTR(CALLDATE, 12, 2), '18', 1, 0)), 0) HOUR_18, nvl(SUM(DECODE(SUBSTR(CALLDATE, 12, 2), '19', 1, 0)), 0) HOUR_19 FROM ( SELECT B.CALLDATE, B.CLID, B.PERSON_CODE, B.CUST_CODE, B.PROJECT_CODE, B.empno, B.INCALL_NO, 1 COUNT, B.RESULT, B.CONTEXT FROM (SELECT MAX(CALLDATE) CALL_DATE, CLID, CUST_CODE, PROJECT_CODE FROM CALL_LOG_D WHERE SUBSTR(calldate, 0, 10) = TO_CHAR(SYSDATE, 'YYYY-MM-DD') AND CUST_CODE IS NOT NULL GROUP BY SUBSTR(calldate, 0, 10), CLID, CUST_CODE, PROJECT_CODE) A JOIN CALL_LOG_D B ON A.CALL_DATE = B.CALLDATE AND A.CLID = B.CLID WHERE SUBSTR(B.calldate, 0, 10) = TO_CHAR(SYSDATE, 'YYYY-MM-DD') AND B.RESULT <> 'ANSWER' -- AND B.CONTEXT <> 'outbound' AND A.CUST_CODE = ? ORDER BY B.CALLDATE DESC ) a WHERE 1=1 AND CUST_CODE IS NOT NULL GROUP BY SUBSTR(REPLACE(CALLDATE, '-', ''), 1, 8) UNION ALL SELECT TO_CHAR(SYSDATE-1, 'YYYYMMDD') PRC_DATE, '3' GUBN, nvl(SUM(DECODE(TO_CHAR(IN_DATE, 'HH24'), '09', 1, 0)), 0) HOUR_09, nvl(SUM(DECODE(TO_CHAR(IN_DATE, 'HH24'), '10', 1, 0)), 0) HOUR_10, nvl(SUM(DECODE(TO_CHAR(IN_DATE, 'HH24'), '11', 1, 0)), 0) HOUR_11, nvl(SUM(DECODE(TO_CHAR(IN_DATE, 'HH24'), '12', 1, 0)), 0) HOUR_12, nvl(SUM(DECODE(TO_CHAR(IN_DATE, 'HH24'), '13', 1, 0)), 0) HOUR_13, nvl(SUM(DECODE(TO_CHAR(IN_DATE, 'HH24'), '14', 1, 0)), 0) HOUR_14, nvl(SUM(DECODE(TO_CHAR(IN_DATE, 'HH24'), '15', 1, 0)), 0) HOUR_15, nvl(SUM(DECODE(TO_CHAR(IN_DATE, 'HH24'), '16', 1, 0)), 0) HOUR_16, nvl(SUM(DECODE(TO_CHAR(IN_DATE, 'HH24'), '17', 1, 0)), 0) HOUR_17, nvl(SUM(DECODE(TO_CHAR(IN_DATE, 'HH24'), '18', 1, 0)), 0) HOUR_18, nvl(SUM(DECODE(TO_CHAR(IN_DATE, 'HH24'), '19', 1, 0)), 0) HOUR_19 FROM TBND01 WHERE PRC_GUBN = '2' AND TO_CHAR(IN_DATE, 'YYYYMMDD') = TO_CHAR(SYSDATE-1, 'YYYYMMDD') AND CUST_CODE = ? ) ORDER BY PRC_DATE
2026-02-09 13:07:40.590 [http-nio-8081-exec-6] DEBUG c.w.c.m.D.getDashboardCallCount - ==> Parameters: P000000220(String), P000000220(String), P000000220(String)
2026-02-09 13:07:40.590 [http-nio-8081-exec-10] DEBUG org.mybatis.spring.SqlSessionUtils - Creating a new SqlSession
2026-02-09 13:07:40.590 [http-nio-8081-exec-10] DEBUG org.mybatis.spring.SqlSessionUtils - Registering transaction synchronization for SqlSession [org.apache.ibatis.session.defaults.DefaultSqlSession@428a656b]
2026-02-09 13:07:40.591 [http-nio-8081-exec-10] DEBUG o.m.s.t.SpringManagedTransaction - JDBC Connection [HikariProxyConnection@1930482377 wrapping oracle.jdbc.driver.T4CConnection@475a25a7] will be managed by Spring
2026-02-09 13:07:40.591 [http-nio-8081-exec-10] DEBUG c.w.c.m.DashboardMapper.getWeeklySum - ==>  Preparing: SELECT WEEK, SUM(MONDAY) AS "MONDAY", SUM(TUESDAY) AS "TUESDAY", SUM(WEDNESDAY) AS "WEDNESDAY", SUM(THURSDAY) AS "THURSDAY", SUM(FRIDAY) AS "FRIDAY" FROM ( SELECT 'PRI' AS WEEK, COUNT(CASE WHEN TO_CHAR(IN_DATE,'DY', 'NLS_DATE_LANGUAGE=AMERICAN') = 'MON' THEN 1 END) AS MONDAY, COUNT(CASE WHEN TO_CHAR(IN_DATE,'DY', 'NLS_DATE_LANGUAGE=AMERICAN') = 'TUE' THEN 1 END) AS TUESDAY, COUNT(CASE WHEN TO_CHAR(IN_DATE,'DY', 'NLS_DATE_LANGUAGE=AMERICAN') = 'WED' THEN 1 END) AS WEDNESDAY, COUNT(CASE WHEN TO_CHAR(IN_DATE,'DY', 'NLS_DATE_LANGUAGE=AMERICAN') = 'THU' THEN 1 END) AS THURSDAY, COUNT(CASE WHEN TO_CHAR(IN_DATE,'DY', 'NLS_DATE_LANGUAGE=AMERICAN') = 'FRI' THEN 1 END) AS FRIDAY FROM TBND01 WHERE PRC_GUBN = '2' AND CUST_CODE = ? AND IN_DATE BETWEEN TRUNC(SYSDATE, 'IW') - 10 AND TRUNC(SYSDATE, 'IW') - 3 UNION ALL SELECT 'THI' AS WEEK, COUNT(CASE WHEN TO_CHAR(IN_DATE,'DY', 'NLS_DATE_LANGUAGE=AMERICAN') = 'MON' THEN 1 END) AS MONDAY, COUNT(CASE WHEN TO_CHAR(IN_DATE,'DY', 'NLS_DATE_LANGUAGE=AMERICAN') = 'TUE' THEN 1 END) AS TUESDAY, COUNT(CASE WHEN TO_CHAR(IN_DATE,'DY', 'NLS_DATE_LANGUAGE=AMERICAN') = 'WED' THEN 1 END) AS WEDNESDAY, COUNT(CASE WHEN TO_CHAR(IN_DATE,'DY', 'NLS_DATE_LANGUAGE=AMERICAN') = 'THU' THEN 1 END) AS THURSDAY, COUNT(CASE WHEN TO_CHAR(IN_DATE,'DY', 'NLS_DATE_LANGUAGE=AMERICAN') = 'FRI' THEN 1 END) AS FRIDAY FROM TBND01 WHERE PRC_GUBN = '2' AND CUST_CODE = ? AND IN_DATE BETWEEN TRUNC(SYSDATE, 'IW') AND TRUNC(SYSDATE, 'IW') + 5 ) GROUP BY WEEK ORDER BY WEEK DESC
2026-02-09 13:07:40.591 [http-nio-8081-exec-10] DEBUG c.w.c.m.DashboardMapper.getWeeklySum - ==> Parameters: P000000220(String), P000000220(String)
2026-02-09 13:07:40.595 [http-nio-8081-exec-9] DEBUG org.mybatis.spring.SqlSessionUtils - Creating a new SqlSession
2026-02-09 13:07:40.595 [http-nio-8081-exec-9] DEBUG org.mybatis.spring.SqlSessionUtils - Registering transaction synchronization for SqlSession [org.apache.ibatis.session.defaults.DefaultSqlSession@7e28717f]
2026-02-09 13:07:40.595 [http-nio-8081-exec-9] DEBUG o.m.s.t.SpringManagedTransaction - JDBC Connection [HikariProxyConnection@998972389 wrapping oracle.jdbc.driver.T4CConnection@325a9381] will be managed by Spring
2026-02-09 13:07:40.595 [http-nio-8081-exec-9] DEBUG c.w.c.m.D.getDashboardMonth - ==>  Preparing: SELECT A AS THISMONTH, B AS PREVIOUSMONTH, CASE WHEN B = 0 THEN 0 -- Avoid division by zero by directly returning 0 when B is zero. ELSE NVL(TRUNC((A / B) * 100), 0) END AS PERCENTCHANGE FROM ( SELECT ( SELECT NVL(COUNT(CUST_CODE), 0) FROM TBND01 WHERE TO_CHAR(IN_dATE, 'YYYYMM') = TO_CHAR(SYSDATE, 'YYYYMM') AND CUST_CODE = ? AND PRC_GUBN = '2' ) AS A, ( SELECT NVL(COUNT(CUST_CODE), 0) FROM TBND01 WHERE TO_CHAR(IN_DATE, 'YYYYMM') = TO_CHAR(ADD_MONTHS(SYSDATE, -1), 'YYYYMM') AND CUST_CODE = ? AND PRC_GUBN = '2' ) AS B FROM DUAL )
2026-02-09 13:07:40.595 [http-nio-8081-exec-4] DEBUG c.wio.crm.service.DashboardService - Username: testadm, Authorities: [ROLE_ADMIN, ROLE_USER]
2026-02-09 13:07:40.595 [http-nio-8081-exec-9] DEBUG c.w.c.m.D.getDashboardMonth - ==> Parameters: P000000220(String), P000000220(String)
2026-02-09 13:07:40.595 [http-nio-8081-exec-7] DEBUG org.mybatis.spring.SqlSessionUtils - Creating a new SqlSession
2026-02-09 13:07:40.595 [http-nio-8081-exec-8] DEBUG org.mybatis.spring.SqlSessionUtils - Creating a new SqlSession
2026-02-09 13:07:40.596 [http-nio-8081-exec-7] DEBUG org.mybatis.spring.SqlSessionUtils - Registering transaction synchronization for SqlSession [org.apache.ibatis.session.defaults.DefaultSqlSession@2b702dcf]
2026-02-09 13:07:40.596 [http-nio-8081-exec-8] DEBUG org.mybatis.spring.SqlSessionUtils - Registering transaction synchronization for SqlSession [org.apache.ibatis.session.defaults.DefaultSqlSession@20de0cc7]
2026-02-09 13:07:40.596 [http-nio-8081-exec-7] DEBUG o.m.s.t.SpringManagedTransaction - JDBC Connection [HikariProxyConnection@2039694531 wrapping oracle.jdbc.driver.T4CConnection@21b81650] will be managed by Spring
2026-02-09 13:07:40.596 [http-nio-8081-exec-7] DEBUG c.w.c.m.D.getDashboardPersonCount - ==>  Preparing: SELECT IN_DATE_MONTH as PERSONMONTH, SUM(CASE WHEN DATE_MATCH = 'N' THEN 1 ELSE 0 END) AS NEWPERSONCOUNT, SUM(CASE WHEN DATE_MATCH = 'O' THEN 1 ELSE 0 END) AS OLDPERSONCOUNT FROM ( SELECT TO_CHAR(B.IN_DATE, 'YYYY-MM') AS IN_DATE_MONTH,A.PERSON_CODE, CASE WHEN TO_CHAR(A.IN_DATE, 'YYYYMM') = TO_CHAR(B.IN_DATE, 'YYYYMM') THEN 'N' ELSE 'O' END AS DATE_MATCH FROM TPER01 A JOIN TBND01 B ON A.CUST_CODE = B.CUST_CODE AND A.PROJECT_CODE = B.PROJECT_CODE AND A.PERSON_CODE = B.PERSON_CODE and B.PRC_GUBN='2' AND A.CUST_CODE = ? WHERE B.IN_DATE >= ADD_MONTHS(TRUNC(SYSDATE, 'MM'), -11) AND B.IN_DATE < TRUNC(SYSDATE, 'MM') + INTERVAL '1' MONTH ) GROUP BY IN_DATE_MONTH ORDER BY IN_DATE_MONTH
2026-02-09 13:07:40.596 [http-nio-8081-exec-8] DEBUG o.m.s.t.SpringManagedTransaction - JDBC Connection [HikariProxyConnection@1092870740 wrapping oracle.jdbc.driver.T4CConnection@36b54603] will be managed by Spring
2026-02-09 13:07:40.596 [http-nio-8081-exec-7] DEBUG c.w.c.m.D.getDashboardPersonCount - ==> Parameters: P000000220(String)
2026-02-09 13:07:40.596 [http-nio-8081-exec-8] DEBUG c.w.c.m.DashboardMapper.getDailyAve - ==>  Preparing: WITH DatePeriods AS ( SELECT '월요일' AS weekday, 2 AS day_num FROM DUAL UNION ALL SELECT '화요일', 3 FROM DUAL UNION ALL SELECT '수요일', 4 FROM DUAL UNION ALL SELECT '목요일', 5 FROM DUAL UNION ALL SELECT '금요일', 6 FROM DUAL ), Periods AS ( SELECT '1W' AS period, TRUNC(SYSDATE-8) AS start_date, TRUNC(SYSDATE)-1 AS end_date, 1 AS weeks FROM DUAL UNION ALL SELECT '1M', ADD_MONTHS(TRUNC(SYSDATE, 'MM'), -1), TRUNC(SYSDATE, 'MM'), 4 AS weeks FROM DUAL UNION ALL SELECT '3M', ADD_MONTHS(TRUNC(SYSDATE, 'MM'), -3), TRUNC(SYSDATE, 'MM'), 13 AS weeks FROM DUAL UNION ALL SELECT '6M', ADD_MONTHS(TRUNC(SYSDATE, 'MM'), -6), TRUNC(SYSDATE, 'MM'), 26 AS weeks FROM DUAL UNION ALL SELECT '9M', ADD_MONTHS(TRUNC(SYSDATE, 'MM'), -9), TRUNC(SYSDATE, 'MM'), 26 AS weeks FROM DUAL UNION ALL SELECT '12M', ADD_MONTHS(TRUNC(SYSDATE, 'MM'), -12), TRUNC(SYSDATE, 'MM'), 52 AS weeks FROM DUAL ), AggregatedData AS ( SELECT dp.weekday, p.period, COUNT(*) AS count, p.weeks AS weeks FROM twowincall.tbnd01 t JOIN Periods p ON t.IN_DATE BETWEEN p.start_date AND p.end_date JOIN DatePeriods dp ON TO_CHAR(t.IN_DATE, 'D', 'NLS_DATE_LANGUAGE=AMERICAN') = TO_CHAR(dp.day_num) WHERE t.PRC_GUBN = '2' AND CUST_CODE = ? AND TO_CHAR(t.IN_DATE, 'D', 'NLS_DATE_LANGUAGE=AMERICAN') BETWEEN '2' AND '6' GROUP BY dp.weekday, p.period, p.weeks ) SELECT dp.weekday, ROUND(SUM(CASE WHEN ad.period = '1W' THEN ad.count ELSE 0 END) / MAX(CASE WHEN ad.period = '1W' THEN ad.weeks ELSE 1 END), 0) AS avg1week, ROUND(SUM(CASE WHEN ad.period = '1M' THEN ad.count ELSE 0 END) / MAX(CASE WHEN ad.period = '1M' THEN ad.weeks ELSE 4 END), 0) AS avg1month, ROUND(SUM(CASE WHEN ad.period = '3M' THEN ad.count ELSE 0 END) / MAX(CASE WHEN ad.period = '3M' THEN ad.weeks ELSE 13 END), 0) AS avg3months, ROUND(SUM(CASE WHEN ad.period = '6M' THEN ad.count ELSE 0 END) / MAX(CASE WHEN ad.period = '6M' THEN ad.weeks ELSE 26 END), 0) AS avg6months, ROUND(SUM(CASE WHEN ad.period = '9M' THEN ad.count ELSE 0 END) / MAX(CASE WHEN ad.period = '9M' THEN ad.weeks ELSE 26 END), 0) AS avg9months, ROUND(SUM(CASE WHEN ad.period = '12M' THEN ad.count ELSE 0 END) / MAX(CASE WHEN ad.period = '12M' THEN ad.weeks ELSE 52 END), 0) AS avg12months FROM DatePeriods dp LEFT JOIN AggregatedData ad ON dp.weekday = ad.weekday GROUP BY dp.weekday ORDER BY CASE dp.weekday WHEN '월요일' THEN 1 WHEN '화요일' THEN 2 WHEN '수요일' THEN 3 WHEN '목요일' THEN 4 WHEN '금요일' THEN 5 END
2026-02-09 13:07:40.596 [http-nio-8081-exec-8] DEBUG c.w.c.m.DashboardMapper.getDailyAve - ==> Parameters: P000000220(String)
2026-02-09 13:07:40.597 [http-nio-8081-exec-10] DEBUG c.w.c.m.DashboardMapper.getWeeklySum - <==      Total: 2
2026-02-09 13:07:40.597 [http-nio-8081-exec-10] DEBUG org.mybatis.spring.SqlSessionUtils - Releasing transactional SqlSession [org.apache.ibatis.session.defaults.DefaultSqlSession@428a656b]
2026-02-09 13:07:40.597 [http-nio-8081-exec-10] DEBUG org.mybatis.spring.SqlSessionUtils - Transaction synchronization committing SqlSession [org.apache.ibatis.session.defaults.DefaultSqlSession@428a656b]
2026-02-09 13:07:40.597 [http-nio-8081-exec-10] DEBUG org.mybatis.spring.SqlSessionUtils - Transaction synchronization deregistering SqlSession [org.apache.ibatis.session.defaults.DefaultSqlSession@428a656b]
2026-02-09 13:07:40.597 [http-nio-8081-exec-10] DEBUG org.mybatis.spring.SqlSessionUtils - Transaction synchronization closing SqlSession [org.apache.ibatis.session.defaults.DefaultSqlSession@428a656b]
2026-02-09 13:07:40.598 [http-nio-8081-exec-6] DEBUG c.w.c.m.D.getDashboardCallCount - <==      Total: 2
2026-02-09 13:07:40.598 [http-nio-8081-exec-6] DEBUG org.mybatis.spring.SqlSessionUtils - Releasing transactional SqlSession [org.apache.ibatis.session.defaults.DefaultSqlSession@7e3e1a2a]
2026-02-09 13:07:40.598 [http-nio-8081-exec-6] INFO  c.wio.crm.service.DashboardService - SQL 쿼리 실행 후 callCountList size: 2
2026-02-09 13:07:40.598 [http-nio-8081-exec-6] INFO  c.wio.crm.service.DashboardService - 첫 번째 항목 필드 확인: gubn=[3], prc_Date=[20260208], hour_09=[0], hour_10=[0], hour_11=[0], hour_12=[0], callSum=[0]
2026-02-09 13:07:40.598 [http-nio-8081-exec-6] INFO  c.wio.crm.service.DashboardService - 항목 #1: gubn=[3], prc_Date=[20260208], hour_09=[0], hour_10=[0], hour_11=[0], hour_12=[0], callSum=[0]
2026-02-09 13:07:40.598 [http-nio-8081-exec-6] INFO  c.wio.crm.service.DashboardService - 항목 #2: gubn=[1], prc_Date=[20260209], hour_09=[0], hour_10=[0], hour_11=[3], hour_12=[1], callSum=[4]
2026-02-09 13:07:40.598 [http-nio-8081-exec-6] INFO  c.wio.crm.service.DashboardService - data 맵에 callCountList 추가 완료. data 크기: 1
2026-02-09 13:07:40.598 [http-nio-8081-exec-6] DEBUG org.mybatis.spring.SqlSessionUtils - Transaction synchronization committing SqlSession [org.apache.ibatis.session.defaults.DefaultSqlSession@7e3e1a2a]
2026-02-09 13:07:40.598 [http-nio-8081-exec-6] DEBUG org.mybatis.spring.SqlSessionUtils - Transaction synchronization deregistering SqlSession [org.apache.ibatis.session.defaults.DefaultSqlSession@7e3e1a2a]
2026-02-09 13:07:40.598 [http-nio-8081-exec-6] DEBUG org.mybatis.spring.SqlSessionUtils - Transaction synchronization closing SqlSession [org.apache.ibatis.session.defaults.DefaultSqlSession@7e3e1a2a]
2026-02-09 13:07:40.600 [http-nio-8081-exec-4] DEBUG org.mybatis.spring.SqlSessionUtils - Creating a new SqlSession
2026-02-09 13:07:40.600 [http-nio-8081-exec-4] DEBUG org.mybatis.spring.SqlSessionUtils - Registering transaction synchronization for SqlSession [org.apache.ibatis.session.defaults.DefaultSqlSession@47dc7305]
2026-02-09 13:07:40.600 [http-nio-8081-exec-9] DEBUG c.w.c.m.D.getDashboardMonth - <==      Total: 1
2026-02-09 13:07:40.600 [http-nio-8081-exec-9] DEBUG org.mybatis.spring.SqlSessionUtils - Releasing transactional SqlSession [org.apache.ibatis.session.defaults.DefaultSqlSession@7e28717f]
2026-02-09 13:07:40.600 [http-nio-8081-exec-9] DEBUG org.mybatis.spring.SqlSessionUtils - Transaction synchronization committing SqlSession [org.apache.ibatis.session.defaults.DefaultSqlSession@7e28717f]
2026-02-09 13:07:40.600 [http-nio-8081-exec-9] DEBUG org.mybatis.spring.SqlSessionUtils - Transaction synchronization deregistering SqlSession [org.apache.ibatis.session.defaults.DefaultSqlSession@7e28717f]
2026-02-09 13:07:40.600 [http-nio-8081-exec-9] DEBUG org.mybatis.spring.SqlSessionUtils - Transaction synchronization closing SqlSession [org.apache.ibatis.session.defaults.DefaultSqlSession@7e28717f]
2026-02-09 13:07:40.600 [http-nio-8081-exec-4] DEBUG o.m.s.t.SpringManagedTransaction - JDBC Connection [HikariProxyConnection@1512048798 wrapping oracle.jdbc.driver.T4CConnection@75f1ccd2] will be managed by Spring
2026-02-09 13:07:40.601 [http-nio-8081-exec-4] DEBUG c.w.c.m.D.findDataForCard1 - ==>  Preparing: select nvl(todayMiss,0) as todayMiss, nvl(todayCom,0) as todayCom, nvl(todayEme,0) as todayEme, nvl(todayMiss+todayCom,0) as count_sum, NVL(ROUND((todayCom / NULLIF(todayMiss + todayCom, 0)) * 100, 2), 0) AS PROCESSING_RATE from ( select ( SELECT count(*) FROM (SELECT MAX(CALLDATE)CALL_DATE ,CLID,CUST_CODE,PROJECT_CODE FROM CALL_LOG_D WHERE substr(calldate,0,10)= TO_CHAR(SYSDATE,'YYYY-MM-DD') and cust_code is not null GROUP BY SUBSTR(calldate,0,10) , CLID,CUST_CODE,PROJECT_CODE) A,CALL_LOG_D B WHERE A.CALL_DATE = B.CALLDATE AND substr(calldate,0,10) =TO_CHAR(SYSDATE,'YYYY-MM-DD') AND A.CLID = B.CLID AND RESULT <>'ANSWER' --and b.context <> 'outbound' and a.cust_code is not null AND a.CUST_CODE = ? ) todayMiss, ( SELECT count(A.CUST_CODE) FROM TBND01 A WHERE 1=1 AND PRC_GUBN = '2' AND TO_CHAR(IN_DATE, 'YYYYMMDD') = TO_CHAR(SYSDATE,'YYYYMMDD') AND CUST_CODE = ? )todayCom, ( SELECT count(A.CUST_CODE) FROM TBND01 A WHERE 1=1 AND A.PRC_GUBN = '2' AND EMG_GUBN = '1' AND TO_CHAR(IN_DATE, 'YYYYMMDD') = to_char(sysdate,'YYYYMMDD') )todayEme from dual )
2026-02-09 13:07:40.601 [http-nio-8081-exec-4] DEBUG c.w.c.m.D.findDataForCard1 - ==> Parameters: P000000220(String), P000000220(String)
2026-02-09 13:07:40.602 [http-nio-8081-exec-2] DEBUG org.mybatis.spring.SqlSessionUtils - Creating a new SqlSession
2026-02-09 13:07:40.602 [http-nio-8081-exec-7] DEBUG c.w.c.m.D.getDashboardPersonCount - <==      Total: 1
2026-02-09 13:07:40.603 [http-nio-8081-exec-2] DEBUG org.mybatis.spring.SqlSessionUtils - Registering transaction synchronization for SqlSession [org.apache.ibatis.session.defaults.DefaultSqlSession@1a0c06cf]
2026-02-09 13:07:40.603 [http-nio-8081-exec-7] DEBUG org.mybatis.spring.SqlSessionUtils - Releasing transactional SqlSession [org.apache.ibatis.session.defaults.DefaultSqlSession@2b702dcf]
2026-02-09 13:07:40.603 [http-nio-8081-exec-7] DEBUG org.mybatis.spring.SqlSessionUtils - Transaction synchronization committing SqlSession [org.apache.ibatis.session.defaults.DefaultSqlSession@2b702dcf]
2026-02-09 13:07:40.603 [http-nio-8081-exec-7] DEBUG org.mybatis.spring.SqlSessionUtils - Transaction synchronization deregistering SqlSession [org.apache.ibatis.session.defaults.DefaultSqlSession@2b702dcf]
2026-02-09 13:07:40.603 [http-nio-8081-exec-7] DEBUG org.mybatis.spring.SqlSessionUtils - Transaction synchronization closing SqlSession [org.apache.ibatis.session.defaults.DefaultSqlSession@2b702dcf]
2026-02-09 13:07:40.603 [http-nio-8081-exec-2] DEBUG o.m.s.t.SpringManagedTransaction - JDBC Connection [HikariProxyConnection@393717673 wrapping oracle.jdbc.driver.T4CConnection@110b40b1] will be managed by Spring
2026-02-09 13:07:40.603 [http-nio-8081-exec-2] DEBUG c.w.c.m.D.getMonthlySum - ==>  Preparing: WITH months AS ( SELECT ADD_MONTHS(TRUNC(SYSDATE, 'MM'), -level + 1) AS month_start FROM dual CONNECT BY LEVEL <= 12 ) SELECT TO_CHAR(m.month_start, 'YYYY-MM') AS "MONTH", COUNT(t.IN_DATE) AS countMonthSum FROM months m LEFT JOIN TBND01 t ON t.IN_DATE >= m.month_start AND t.IN_DATE < ADD_MONTHS(m.month_start, 1) AND t.PRC_GUBN = '2' AND t.CUST_CODE = ? GROUP BY m.month_start ORDER BY m.month_start
2026-02-09 13:07:40.603 [http-nio-8081-exec-2] DEBUG c.w.c.m.D.getMonthlySum - ==> Parameters: P000000220(String)
2026-02-09 13:07:40.603 [http-nio-8081-exec-3] DEBUG c.wio.crm.service.DashboardService - Vendor employee user - accessing point data
2026-02-09 13:07:40.603 [http-nio-8081-exec-3] DEBUG org.mybatis.spring.SqlSessionUtils - Creating a new SqlSession
2026-02-09 13:07:40.603 [http-nio-8081-exec-3] DEBUG org.mybatis.spring.SqlSessionUtils - Registering transaction synchronization for SqlSession [org.apache.ibatis.session.defaults.DefaultSqlSession@61041874]
2026-02-09 13:07:40.603 [http-nio-8081-exec-3] DEBUG o.m.s.t.SpringManagedTransaction - JDBC Connection [HikariProxyConnection@1724919222 wrapping oracle.jdbc.driver.T4CConnection@475a25a7] will be managed by Spring
2026-02-09 13:07:40.603 [http-nio-8081-exec-3] DEBUG c.w.c.m.DashboardMapper.getPoint - ==>  Preparing: WITH DateInfo AS ( SELECT TO_CHAR(SYSDATE, 'YYYYMM') AS CurrentMonth, TO_CHAR(SYSDATE, 'YYYYMMDD') AS CurrentDay, TRUNC(SYSDATE, 'IW') AS ThisWeekStart, TRUNC(SYSDATE, 'IW') + 5 AS ThisWeekEnd FROM DUAL ), AggregatedPoints AS ( SELECT TP.CUST_CODE, SUM(CASE WHEN TP.CALL_CODE IS NULL AND TP.PERSON_CODE IS NULL AND TP.POINT_CHARGE IS NOT NULL THEN TP.POINT ELSE 0 END) AS POINT_CHARGE, SUM(CASE WHEN TP.POINT<0 THEN TP.POINT ELSE 0 END) AS POINT_USE, SUM(CASE WHEN TP.CALL_CODE IS NOT NULL AND TP.PERSON_CODE IS NOT NULL AND TP.POINT_CHARGE IS NULL AND TO_CHAR(TP.IN_DATE, 'YYYYMMDD') = CurrentDay THEN TP.POINT ELSE 0 END) AS POINT_USE_DAY, SUM(CASE WHEN TP.CALL_CODE IS NOT NULL AND TP.PERSON_CODE IS NOT NULL AND TP.POINT_CHARGE IS NULL AND TP.IN_DATE >= ThisWeekStart AND TP.IN_DATE < ThisWeekEnd THEN TP.POINT ELSE 0 END) AS POINT_USE_WEEK FROM TCNT01_POINT TP INNER JOIN TCNT01 T ON TP.CUST_CODE = T.CUST_CODE CROSS JOIN DateInfo WHERE T.USE_YN = '1' AND t.CUST_CODE = ? AND ( TO_CHAR(TP.IN_DATE, 'YYYYMM') = CurrentMonth OR TP.IN_DATE >= ThisWeekStart ) GROUP BY TP.CUST_CODE ), TotalPoints AS ( SELECT SUM(POINT_CHARGE) AS DPOINTCHARGE, SUM(POINT_USE)*-1 AS DPOINTUSE, SUM(POINT_USE_DAY)*-1 AS DPOINTUSEDAY, SUM(POINT_USE_WEEK)*-1 AS DPOINTUSEWEEK FROM AggregatedPoints ) SELECT (SELECT to_char(nvl(SUM(T.POINT),0),'999,999,999') FROM TCNT01_POINT T INNER JOIN TCNT01 T1 ON T.CUST_CODE = T1.CUST_CODE WHERE T1.USE_YN = '1' AND t.CUST_CODE = ? ) AS DPOINTSUM, to_char(nvl(TP.DPOINTCHARGE,0),'999,999,999') as DPOINTCHARGE , to_char(nvl(TP.DPOINTUSE,0),'999,999,999')as DPOINTUSE, to_char(nvl(TP.DPOINTUSEDAY,0),'999,999,999') as DPOINTUSEDAY, to_char(nvl(TP.DPOINTUSEWEEK,0),'999,999,999') as DPOINTUSEWEEK FROM TotalPoints TP
2026-02-09 13:07:40.603 [http-nio-8081-exec-3] DEBUG c.w.c.m.DashboardMapper.getPoint - ==> Parameters: P000000220(String), P000000220(String)
2026-02-09 13:07:40.607 [http-nio-8081-exec-4] DEBUG c.w.c.m.D.findDataForCard1 - <==      Total: 1
2026-02-09 13:07:40.608 [http-nio-8081-exec-4] DEBUG org.mybatis.spring.SqlSessionUtils - Releasing transactional SqlSession [org.apache.ibatis.session.defaults.DefaultSqlSession@47dc7305]
2026-02-09 13:07:40.608 [http-nio-8081-exec-4] DEBUG org.mybatis.spring.SqlSessionUtils - Fetched SqlSession [org.apache.ibatis.session.defaults.DefaultSqlSession@47dc7305] from current transaction
2026-02-09 13:07:40.608 [http-nio-8081-exec-4] DEBUG c.w.c.m.D.findDataForCard2 - ==>  Preparing: SELECT NVL( TO_CHAR( CASE WHEN percentChange > 100 THEN percentChange - 100 ELSE percentChange END, 'FM999999990.00' ), '0' ) AS processing_rate, dailyPoint, dailyPointN FROM ( SELECT (today.dailyPointN - yesterday.dailyPointN) / NULLIF(yesterday.dailyPointN, 0) * 100 AS percentChange, today.dailyPoint as dailyPoint, today.dailyPointN as dailyPointN FROM ( SELECT NVL(TO_CHAR(SUM(point) * -1, '999,999,999,999'), '0') AS dailyPoint, NVL(SUM(point) * -1, 0) AS dailyPointN FROM tcnt01_point WHERE call_code IS NOT NULL AND ISSUE_DATE =to_char(sysdate,'YYYYMMDD') -- 오늘 날짜 AND CUST_CODE = ? ) today, ( SELECT NVL(TO_CHAR(SUM(point) * -1, '999,999,999,999'), '0') AS dailyPoint, NVL(SUM(point) * -1, 0) AS dailyPointN FROM tcnt01_point WHERE call_code IS NOT NULL AND ISSUE_DATE = to_char(sysdate-1,'YYYYMMDD') -- 어제 날짜; 날짜가 잘못 지정되었으니 적절히 조정해야 함 AND CUST_CODE = ? ) yesterday )
2026-02-09 13:07:40.608 [http-nio-8081-exec-4] DEBUG c.w.c.m.D.findDataForCard2 - ==> Parameters: P000000220(String), P000000220(String)
2026-02-09 13:07:40.613 [http-nio-8081-exec-2] DEBUG c.w.c.m.D.getMonthlySum - <==      Total: 12
2026-02-09 13:07:40.613 [http-nio-8081-exec-2] DEBUG org.mybatis.spring.SqlSessionUtils - Releasing transactional SqlSession [org.apache.ibatis.session.defaults.DefaultSqlSession@1a0c06cf]
2026-02-09 13:07:40.613 [http-nio-8081-exec-4] WARN  o.a.i.s.AutoMappingUnknownColumnBehavior - Unknown column is detected on 'com.wio.crm.mapper.DashboardMapper.findDataForCard2' auto-mapping. Mapping parameters are [columnName=PROCESSING_RATE,propertyName=PROCESSING_RATE,propertyType=null]
2026-02-09 13:07:40.613 [http-nio-8081-exec-2] DEBUG org.mybatis.spring.SqlSessionUtils - Transaction synchronization committing SqlSession [org.apache.ibatis.session.defaults.DefaultSqlSession@1a0c06cf]
2026-02-09 13:07:40.613 [http-nio-8081-exec-2] DEBUG org.mybatis.spring.SqlSessionUtils - Transaction synchronization deregistering SqlSession [org.apache.ibatis.session.defaults.DefaultSqlSession@1a0c06cf]
2026-02-09 13:07:40.613 [http-nio-8081-exec-4] DEBUG c.w.c.m.D.findDataForCard2 - <==      Total: 1
2026-02-09 13:07:40.613 [http-nio-8081-exec-2] DEBUG org.mybatis.spring.SqlSessionUtils - Transaction synchronization closing SqlSession [org.apache.ibatis.session.defaults.DefaultSqlSession@1a0c06cf]
2026-02-09 13:07:40.613 [http-nio-8081-exec-4] DEBUG org.mybatis.spring.SqlSessionUtils - Releasing transactional SqlSession [org.apache.ibatis.session.defaults.DefaultSqlSession@47dc7305]
2026-02-09 13:07:40.613 [http-nio-8081-exec-4] DEBUG org.mybatis.spring.SqlSessionUtils - Fetched SqlSession [org.apache.ibatis.session.defaults.DefaultSqlSession@47dc7305] from current transaction
2026-02-09 13:07:40.613 [http-nio-8081-exec-4] DEBUG c.w.c.m.D.findPointList - ==>  Preparing: WITH AggregatedData AS ( SELECT CS_TYPE, count(POINT) AS TotalPoints FROM tcnt01_point b INNER JOIN tcnt01 a ON a.cust_code = b.cust_code INNER JOIN tbnd01 c ON b.cust_code = c.cust_code AND b.projct_code = c.project_code AND b.call_code = c.call_code AND b.person_code = c.person_code WHERE b.issue_date = to_char(sysdate,'YYYYMMDD') AND b.CUST_CODE = ? GROUP BY CS_TYPE ), RankedData AS ( SELECT CS_TYPE, TotalPoints, ROW_NUMBER() OVER (ORDER BY TotalPoints DESC) AS Rank FROM AggregatedData A ), FinalData AS ( SELECT CASE WHEN Rank <= 2 THEN CS_TYPE ELSE '기타' END AS GroupingKey, SUM(TotalPoints) AS Points FROM RankedData GROUP BY CASE WHEN Rank <= 2 THEN CS_TYPE ELSE '기타' END ) SELECT CASE WHEN GroupingKey = '기타' THEN '기타' WHEN (SELECT ADM_SNAME FROM TSYS01 WHERE ADM_GUBN='4002' AND ADM_CODE = GroupingKey) IS NULL THEN NVL(GroupingKey, '분류없음') ELSE (SELECT ADM_SNAME FROM TSYS01 WHERE ADM_GUBN='4002' AND ADM_CODE = GroupingKey) END AS CS_TYPE, TO_CHAR(nvl(Points,0),'999,999,999,999') as dailyPoint , nvl(Points,0) dailyPointN FROM FinalData ORDER BY CASE WHEN GroupingKey = '기타' THEN 1 ELSE 0 END, Points DESC
2026-02-09 13:07:40.613 [http-nio-8081-exec-4] DEBUG c.w.c.m.D.findPointList - ==> Parameters: P000000220(String)
2026-02-09 13:07:40.617 [http-nio-8081-exec-3] DEBUG c.w.c.m.DashboardMapper.getPoint - <==      Total: 1
2026-02-09 13:07:40.617 [http-nio-8081-exec-3] DEBUG org.mybatis.spring.SqlSessionUtils - Releasing transactional SqlSession [org.apache.ibatis.session.defaults.DefaultSqlSession@61041874]
2026-02-09 13:07:40.617 [http-nio-8081-exec-3] DEBUG org.mybatis.spring.SqlSessionUtils - Fetched SqlSession [org.apache.ibatis.session.defaults.DefaultSqlSession@61041874] from current transaction
2026-02-09 13:07:40.617 [http-nio-8081-exec-3] DEBUG c.w.c.m.DashboardMapper.getPointList - ==>  Preparing: WITH DateRange AS ( SELECT TRUNC(SYSDATE, 'MM') AS MonthStart, ADD_MONTHS(TRUNC(SYSDATE, 'MM'), 1) AS NextMonthStart FROM DUAL ) SELECT SUM(A.POINT)*-1 AS SUM_POINT, TO_CHAR(A.IN_DATE, 'YYYY-MM-DD') AS POINT_DATE FROM TCNT01_POINT A JOIN TCNT01 B ON A.CUST_CODE = B.CUST_CODE , DateRange D WHERE A.CALL_CODE IS NOT NULL AND A.PERSON_CODE IS NOT NULL AND A.POINT_CHARGE IS NULL -- Uncomment and adjust the NOT IN clause as needed -- AND A.CUST_CODE NOT IN ('P000000067', 'P000000094', 'P000000092', 'P000000197', 'P000000045') AND B.USE_YN = '1' AND b.CUST_CODE = ? AND A.IN_DATE >= D.MonthStart AND A.IN_DATE < D.NextMonthStart GROUP BY TO_CHAR(A.IN_DATE, 'YYYY-MM-DD') ORDER BY POINT_DATE
2026-02-09 13:07:40.617 [http-nio-8081-exec-3] DEBUG c.w.c.m.DashboardMapper.getPointList - ==> Parameters: P000000220(String)
2026-02-09 13:07:40.621 [http-nio-8081-exec-3] DEBUG c.w.c.m.DashboardMapper.getPointList - <==      Total: 1
2026-02-09 13:07:40.621 [http-nio-8081-exec-3] DEBUG org.mybatis.spring.SqlSessionUtils - Releasing transactional SqlSession [org.apache.ibatis.session.defaults.DefaultSqlSession@61041874]
2026-02-09 13:07:40.621 [http-nio-8081-exec-3] DEBUG org.mybatis.spring.SqlSessionUtils - Transaction synchronization committing SqlSession [org.apache.ibatis.session.defaults.DefaultSqlSession@61041874]
2026-02-09 13:07:40.621 [http-nio-8081-exec-3] DEBUG org.mybatis.spring.SqlSessionUtils - Transaction synchronization deregistering SqlSession [org.apache.ibatis.session.defaults.DefaultSqlSession@61041874]
2026-02-09 13:07:40.621 [http-nio-8081-exec-3] DEBUG org.mybatis.spring.SqlSessionUtils - Transaction synchronization closing SqlSession [org.apache.ibatis.session.defaults.DefaultSqlSession@61041874]
2026-02-09 13:07:40.629 [http-nio-8081-exec-8] DEBUG c.w.c.m.DashboardMapper.getDailyAve - <==      Total: 5
2026-02-09 13:07:40.629 [http-nio-8081-exec-8] DEBUG org.mybatis.spring.SqlSessionUtils - Releasing transactional SqlSession [org.apache.ibatis.session.defaults.DefaultSqlSession@20de0cc7]
2026-02-09 13:07:40.629 [http-nio-8081-exec-8] DEBUG org.mybatis.spring.SqlSessionUtils - Transaction synchronization committing SqlSession [org.apache.ibatis.session.defaults.DefaultSqlSession@20de0cc7]
2026-02-09 13:07:40.629 [http-nio-8081-exec-8] DEBUG org.mybatis.spring.SqlSessionUtils - Transaction synchronization deregistering SqlSession [org.apache.ibatis.session.defaults.DefaultSqlSession@20de0cc7]
2026-02-09 13:07:40.629 [http-nio-8081-exec-8] DEBUG org.mybatis.spring.SqlSessionUtils - Transaction synchronization closing SqlSession [org.apache.ibatis.session.defaults.DefaultSqlSession@20de0cc7]
2026-02-09 13:07:40.637 [http-nio-8081-exec-4] DEBUG c.w.c.m.D.findPointList - <==      Total: 3
2026-02-09 13:07:40.637 [http-nio-8081-exec-4] DEBUG org.mybatis.spring.SqlSessionUtils - Releasing transactional SqlSession [org.apache.ibatis.session.defaults.DefaultSqlSession@47dc7305]
2026-02-09 13:07:40.637 [http-nio-8081-exec-4] INFO  c.wio.crm.service.DashboardService - findPointList 조회 결과 - 항목 수: 3
2026-02-09 13:07:40.637 [http-nio-8081-exec-4] INFO  c.wio.crm.service.DashboardService - 포인트 항목 [0] - CS_TYPE: '일반', dailyPoint:                1, dailyPointN: 1
2026-02-09 13:07:40.637 [http-nio-8081-exec-4] INFO  c.wio.crm.service.DashboardService - 포인트 항목 [1] - CS_TYPE: '주문취소', dailyPoint:                1, dailyPointN: 1
2026-02-09 13:07:40.637 [http-nio-8081-exec-4] INFO  c.wio.crm.service.DashboardService - 포인트 항목 [2] - CS_TYPE: '기타', dailyPoint:                2, dailyPointN: 2
2026-02-09 13:07:40.637 [http-nio-8081-exec-4] DEBUG org.mybatis.spring.SqlSessionUtils - Fetched SqlSession [org.apache.ibatis.session.defaults.DefaultSqlSession@47dc7305] from current transaction
2026-02-09 13:07:40.637 [http-nio-8081-exec-4] DEBUG c.w.c.m.DashboardMapper.dashConSum - ==>  Preparing: select ( SELECT count(*) FROM (SELECT MAX(CALLDATE)CALL_DATE ,CLID,CUST_CODE,PROJECT_CODE FROM CALL_LOG_D WHERE substr(calldate,0,10)= TO_CHAR(SYSDATE,'YYYY-MM-DD') and cust_code is not null GROUP BY SUBSTR(calldate,0,10) , CLID,CUST_CODE,PROJECT_CODE) A,CALL_LOG_D B WHERE A.CALL_DATE = B.CALLDATE AND substr(calldate,0,10) =TO_CHAR(SYSDATE-1,'YYYY-MM-DD') AND A.CLID = B.CLID AND RESULT <>'ANSWER' --and b.context <> 'outbound' and a.cust_code is not null AND A.CUST_CODE = ? ) yesterdayMiss, ( SELECT count(A.CUST_CODE) FROM TBND01 A WHERE 1=1 AND PRC_GUBN = '2' AND TO_CHAR(IN_DATE, 'YYYYMMDD') = TO_CHAR(SYSDATE-1,'YYYYMMDD') AND A.CUST_CODE = ? )yesterdayCom, ( SELECT count(A.CUST_CODE) FROM TBND01 A WHERE 1=1 AND A.PRC_GUBN = '2' AND EMG_GUBN = '1' AND TO_CHAR(IN_DATE, 'YYYYMMDD') = to_char(sysdate-1,'YYYYMMDD') AND A.CUST_CODE = ? )yesterdayEme, ( SELECT count(*) FROM (SELECT MAX(CALLDATE)CALL_DATE ,CLID,CUST_CODE,PROJECT_CODE FROM CALL_LOG_D WHERE substr(calldate,0,10)= TO_CHAR(SYSDATE,'YYYY-MM-DD') and cust_code is not null GROUP BY SUBSTR(calldate,0,10) , CLID,CUST_CODE,PROJECT_CODE) A,CALL_LOG_D B WHERE A.CALL_DATE = B.CALLDATE AND substr(calldate,0,10) =TO_CHAR(SYSDATE,'YYYY-MM-DD') AND A.CLID = B.CLID AND RESULT <>'ANSWER' --and b.context <> 'outbound' and a.cust_code is not null AND A.CUST_CODE = ? ) todayMiss, ( SELECT count(A.CUST_CODE) FROM TBND01 A WHERE 1=1 AND PRC_GUBN = '2' AND TO_CHAR(IN_DATE, 'YYYYMMDD') = TO_CHAR(SYSDATE,'YYYYMMDD') AND A.CUST_CODE = ? )todayCom, ( SELECT count(A.CUST_CODE) FROM TBND01 A WHERE 1=1 AND A.PRC_GUBN = '2' AND EMG_GUBN = '1' AND TO_CHAR(IN_DATE, 'YYYYMMDD') = to_char(sysdate,'YYYYMMDD') AND A.CUST_CODE = ? )todayEme from dual
2026-02-09 13:07:40.638 [http-nio-8081-exec-4] DEBUG c.w.c.m.DashboardMapper.dashConSum - ==> Parameters: P000000220(String), P000000220(String), P000000220(String), P000000220(String), P000000220(String), P000000220(String)
2026-02-09 13:07:40.642 [http-nio-8081-exec-4] DEBUG c.w.c.m.DashboardMapper.dashConSum - <==      Total: 1
2026-02-09 13:07:40.642 [http-nio-8081-exec-4] DEBUG org.mybatis.spring.SqlSessionUtils - Releasing transactional SqlSession [org.apache.ibatis.session.defaults.DefaultSqlSession@47dc7305]
2026-02-09 13:07:40.642 [http-nio-8081-exec-4] INFO  c.wio.crm.service.DashboardService - [원본 데이터 확인] card1Data 원래 상태: count_Com=[4](타입:java.lang.String), todayCom=[4](타입:java.lang.String), todayMiss=[0](타입:java.lang.String), todayEme=[22](타입:java.lang.String), processing_rate=[100](타입:java.lang.String)
2026-02-09 13:07:40.642 [http-nio-8081-exec-4] INFO  c.wio.crm.service.DashboardService - [확인] SQL에서 계산된 processing_rate 값 사용: 100
2026-02-09 13:07:40.642 [http-nio-8081-exec-4] DEBUG org.mybatis.spring.SqlSessionUtils - Fetched SqlSession [org.apache.ibatis.session.defaults.DefaultSqlSession@47dc7305] from current transaction
2026-02-09 13:07:40.642 [http-nio-8081-exec-4] DEBUG c.w.c.m.D.findYesterdayDataForCard1 - ==>  Preparing: select nvl(todayMiss,0) as todayMiss, nvl(todayCom,0) as todayCom, nvl(todayEme,0) as todayEme, nvl(todayMiss+todayCom,0) as count_sum, NVL(ROUND((todayCom / NULLIF(todayMiss + todayCom, 0)) * 100, 2), 0) AS PROCESSING_RATE from ( select ( SELECT count(*) FROM (SELECT MAX(CALLDATE)CALL_DATE ,CLID,CUST_CODE,PROJECT_CODE FROM CALL_LOG_D WHERE substr(calldate,0,10)= TO_CHAR(SYSDATE-1,'YYYY-MM-DD') and cust_code is not null GROUP BY SUBSTR(calldate,0,10) , CLID,CUST_CODE,PROJECT_CODE) A,CALL_LOG_D B WHERE A.CALL_DATE = B.CALLDATE AND substr(calldate,0,10) =TO_CHAR(SYSDATE-1,'YYYY-MM-DD') AND A.CLID = B.CLID AND RESULT <>'ANSWER' --and b.context <> 'outbound' and a.cust_code is not null AND a.CUST_CODE = ? ) todayMiss, ( SELECT count(A.CUST_CODE) FROM TBND01 A WHERE 1=1 AND PRC_GUBN = '2' AND TO_CHAR(IN_DATE, 'YYYYMMDD') = TO_CHAR(SYSDATE-1,'YYYYMMDD') AND CUST_CODE = ? )todayCom, ( SELECT count(A.CUST_CODE) FROM TBND01 A WHERE 1=1 AND A.PRC_GUBN = '2' AND EMG_GUBN = '1' AND TO_CHAR(IN_DATE, 'YYYYMMDD') = to_char(sysdate-1,'YYYYMMDD') )todayEme from dual )
2026-02-09 13:07:40.642 [http-nio-8081-exec-4] DEBUG c.w.c.m.D.findYesterdayDataForCard1 - ==> Parameters: P000000220(String), P000000220(String)
2026-02-09 13:07:40.647 [http-nio-8081-exec-4] DEBUG c.w.c.m.D.findYesterdayDataForCard1 - <==      Total: 1
2026-02-09 13:07:40.647 [http-nio-8081-exec-4] DEBUG org.mybatis.spring.SqlSessionUtils - Releasing transactional SqlSession [org.apache.ibatis.session.defaults.DefaultSqlSession@47dc7305]
2026-02-09 13:07:40.647 [http-nio-8081-exec-4] DEBUG org.mybatis.spring.SqlSessionUtils - Fetched SqlSession [org.apache.ibatis.session.defaults.DefaultSqlSession@47dc7305] from current transaction
2026-02-09 13:07:40.648 [http-nio-8081-exec-4] DEBUG c.w.c.m.D.findWeeklyDataForCard1 - ==>  Preparing: select nvl(todayMiss,0) as todayMiss, nvl(todayCom,0) as todayCom, nvl(todayEme,0) as todayEme, nvl(todayMiss+todayCom,0) as count_sum, NVL(ROUND((todayCom / NULLIF(todayMiss + todayCom, 0)) * 100, 2), 0) AS PROCESSING_RATE from ( select ( SELECT count(*) FROM (SELECT MAX(CALLDATE)CALL_DATE ,CLID,CUST_CODE,PROJECT_CODE FROM CALL_LOG_D WHERE substr(calldate,0,10) BETWEEN TO_CHAR(SYSDATE-7,'YYYY-MM-DD') AND TO_CHAR(SYSDATE,'YYYY-MM-DD') and cust_code is not null GROUP BY SUBSTR(calldate,0,10) , CLID,CUST_CODE,PROJECT_CODE) A,CALL_LOG_D B WHERE A.CALL_DATE = B.CALLDATE AND substr(calldate,0,10) BETWEEN TO_CHAR(SYSDATE-7,'YYYY-MM-DD') AND TO_CHAR(SYSDATE,'YYYY-MM-DD') AND A.CLID = B.CLID AND RESULT <>'ANSWER' --and b.context <> 'outbound' and a.cust_code is not null AND a.CUST_CODE = ? ) todayMiss, ( SELECT count(A.CUST_CODE) FROM TBND01 A WHERE 1=1 AND PRC_GUBN = '2' AND TO_CHAR(IN_DATE, 'YYYYMMDD') BETWEEN TO_CHAR(SYSDATE-7,'YYYYMMDD') AND TO_CHAR(SYSDATE,'YYYYMMDD') AND CUST_CODE = ? )todayCom, ( SELECT count(A.CUST_CODE) FROM TBND01 A WHERE 1=1 AND A.PRC_GUBN = '2' AND EMG_GUBN = '1' AND TO_CHAR(IN_DATE, 'YYYYMMDD') BETWEEN TO_CHAR(SYSDATE-7,'YYYYMMDD') AND TO_CHAR(SYSDATE,'YYYYMMDD') )todayEme from dual )
2026-02-09 13:07:40.648 [http-nio-8081-exec-4] DEBUG c.w.c.m.D.findWeeklyDataForCard1 - ==> Parameters: P000000220(String), P000000220(String)
2026-02-09 13:07:40.655 [http-nio-8081-exec-4] DEBUG c.w.c.m.D.findWeeklyDataForCard1 - <==      Total: 1
2026-02-09 13:07:40.655 [http-nio-8081-exec-4] DEBUG org.mybatis.spring.SqlSessionUtils - Releasing transactional SqlSession [org.apache.ibatis.session.defaults.DefaultSqlSession@47dc7305]
2026-02-09 13:07:40.655 [http-nio-8081-exec-4] DEBUG org.mybatis.spring.SqlSessionUtils - Fetched SqlSession [org.apache.ibatis.session.defaults.DefaultSqlSession@47dc7305] from current transaction
2026-02-09 13:07:40.655 [http-nio-8081-exec-4] DEBUG c.w.c.m.D.findMonthlyDataForCard1 - ==>  Preparing: select nvl(todayMiss,0) as todayMiss, nvl(todayCom,0) as todayCom, nvl(todayEme,0) as todayEme, nvl(todayMiss+todayCom,0) as count_sum, NVL(ROUND((todayCom / NULLIF(todayMiss + todayCom, 0)) * 100, 2), 0) AS PROCESSING_RATE from ( select ( SELECT count(*) FROM (SELECT MAX(CALLDATE)CALL_DATE ,CLID,CUST_CODE,PROJECT_CODE FROM CALL_LOG_D WHERE TO_CHAR(TO_DATE(substr(calldate,0,10), 'YYYY-MM-DD'), 'YYYYMM') = TO_CHAR(SYSDATE, 'YYYYMM') and cust_code is not null GROUP BY SUBSTR(calldate,0,10) , CLID,CUST_CODE,PROJECT_CODE) A,CALL_LOG_D B WHERE A.CALL_DATE = B.CALLDATE AND TO_CHAR(TO_DATE(substr(calldate,0,10), 'YYYY-MM-DD'), 'YYYYMM') = TO_CHAR(SYSDATE, 'YYYYMM') AND A.CLID = B.CLID AND RESULT <>'ANSWER' --and b.context <> 'outbound' and a.cust_code is not null AND a.CUST_CODE = ? ) todayMiss, ( SELECT count(A.CUST_CODE) FROM TBND01 A WHERE 1=1 AND PRC_GUBN = '2' AND TO_CHAR(IN_DATE, 'YYYYMM') = TO_CHAR(SYSDATE, 'YYYYMM') AND CUST_CODE = ? )todayCom, ( SELECT count(A.CUST_CODE) FROM TBND01 A WHERE 1=1 AND A.PRC_GUBN = '2' AND EMG_GUBN = '1' AND TO_CHAR(IN_DATE, 'YYYYMM') = TO_CHAR(SYSDATE, 'YYYYMM') )todayEme from dual )
2026-02-09 13:07:40.655 [http-nio-8081-exec-4] DEBUG c.w.c.m.D.findMonthlyDataForCard1 - ==> Parameters: P000000220(String), P000000220(String)
2026-02-09 13:07:40.662 [http-nio-8081-exec-4] DEBUG c.w.c.m.D.findMonthlyDataForCard1 - <==      Total: 1
2026-02-09 13:07:40.663 [http-nio-8081-exec-4] DEBUG org.mybatis.spring.SqlSessionUtils - Releasing transactional SqlSession [org.apache.ibatis.session.defaults.DefaultSqlSession@47dc7305]
2026-02-09 13:07:40.663 [http-nio-8081-exec-4] DEBUG org.mybatis.spring.SqlSessionUtils - Fetched SqlSession [org.apache.ibatis.session.defaults.DefaultSqlSession@47dc7305] from current transaction
2026-02-09 13:07:40.663 [http-nio-8081-exec-4] DEBUG c.w.c.m.D.findYesterdayDataForCard2 - ==>  Preparing: SELECT NVL(TO_CHAR(SUM(point) * -1, '999,999,999,999'), '0') AS dailyPoint, NVL(SUM(point) * -1, 0) AS dailyPointN FROM tcnt01_point WHERE call_code IS NOT NULL AND ISSUE_DATE = to_char(sysdate-1,'YYYYMMDD') AND CUST_CODE = ?
2026-02-09 13:07:40.663 [http-nio-8081-exec-4] DEBUG c.w.c.m.D.findYesterdayDataForCard2 - ==> Parameters: P000000220(String)
2026-02-09 13:07:40.667 [http-nio-8081-exec-4] DEBUG c.w.c.m.D.findYesterdayDataForCard2 - <==      Total: 1
2026-02-09 13:07:40.668 [http-nio-8081-exec-4] DEBUG org.mybatis.spring.SqlSessionUtils - Releasing transactional SqlSession [org.apache.ibatis.session.defaults.DefaultSqlSession@47dc7305]
2026-02-09 13:07:40.668 [http-nio-8081-exec-4] DEBUG org.mybatis.spring.SqlSessionUtils - Fetched SqlSession [org.apache.ibatis.session.defaults.DefaultSqlSession@47dc7305] from current transaction
2026-02-09 13:07:40.668 [http-nio-8081-exec-4] DEBUG c.w.c.m.D.findWeeklyDataForCard2 - ==>  Preparing: SELECT NVL(TO_CHAR(SUM(point) * -1, '999,999,999,999'), '0') AS dailyPoint, NVL(SUM(point) * -1, 0) AS dailyPointN FROM tcnt01_point WHERE call_code IS NOT NULL AND ISSUE_DATE BETWEEN to_char(sysdate-7,'YYYYMMDD') AND to_char(sysdate,'YYYYMMDD') AND CUST_CODE = ?
2026-02-09 13:07:40.668 [http-nio-8081-exec-4] DEBUG c.w.c.m.D.findWeeklyDataForCard2 - ==> Parameters: P000000220(String)
2026-02-09 13:07:40.673 [http-nio-8081-exec-4] DEBUG c.w.c.m.D.findWeeklyDataForCard2 - <==      Total: 1
2026-02-09 13:07:40.673 [http-nio-8081-exec-4] DEBUG org.mybatis.spring.SqlSessionUtils - Releasing transactional SqlSession [org.apache.ibatis.session.defaults.DefaultSqlSession@47dc7305]
2026-02-09 13:07:40.673 [http-nio-8081-exec-4] DEBUG org.mybatis.spring.SqlSessionUtils - Fetched SqlSession [org.apache.ibatis.session.defaults.DefaultSqlSession@47dc7305] from current transaction
2026-02-09 13:07:40.673 [http-nio-8081-exec-4] DEBUG c.w.c.m.D.findMonthlyDataForCard2 - ==>  Preparing: SELECT NVL(TO_CHAR(SUM(point) * -1, '999,999,999,999'), '0') AS dailyPoint, NVL(SUM(point) * -1, 0) AS dailyPointN FROM tcnt01_point WHERE call_code IS NOT NULL AND TO_CHAR(TO_DATE(ISSUE_DATE, 'YYYYMMDD'), 'YYYYMM') = TO_CHAR(SYSDATE, 'YYYYMM') AND CUST_CODE = ?
2026-02-09 13:07:40.673 [http-nio-8081-exec-4] DEBUG c.w.c.m.D.findMonthlyDataForCard2 - ==> Parameters: P000000220(String)
2026-02-09 13:07:40.679 [http-nio-8081-exec-4] DEBUG c.w.c.m.D.findMonthlyDataForCard2 - <==      Total: 1
2026-02-09 13:07:40.679 [http-nio-8081-exec-4] DEBUG org.mybatis.spring.SqlSessionUtils - Releasing transactional SqlSession [org.apache.ibatis.session.defaults.DefaultSqlSession@47dc7305]
2026-02-09 13:07:40.679 [http-nio-8081-exec-4] DEBUG c.wio.crm.service.DashboardService - Yesterday card1Data 상태: count_Com=[0], todayCom=[0], processing_rate=[0]
2026-02-09 13:07:40.679 [http-nio-8081-exec-4] DEBUG c.wio.crm.service.DashboardService - Yesterday processing_rate가 SQL에서 null 또는 0으로 반환됨
2026-02-09 13:07:40.679 [http-nio-8081-exec-4] DEBUG c.wio.crm.service.DashboardService - Weekly card1Data 상태: count_Com=[4], todayCom=[4], processing_rate=[100]
2026-02-09 13:07:40.679 [http-nio-8081-exec-4] DEBUG c.wio.crm.service.DashboardService - Weekly SQL에서 반환된 processing_rate 값 사용: 100
2026-02-09 13:07:40.679 [http-nio-8081-exec-4] DEBUG c.wio.crm.service.DashboardService - Monthly card1Data 상태: count_Com=[4], todayCom=[4], processing_rate=[100]
2026-02-09 13:07:40.679 [http-nio-8081-exec-4] DEBUG c.wio.crm.service.DashboardService - Monthly SQL에서 반환된 processing_rate 값 사용: 100
2026-02-09 13:07:40.679 [http-nio-8081-exec-4] INFO  c.wio.crm.service.DashboardService - [최종 확인] 카드1 데이터(수정 후): {count_Com=4, todayCom=4, todayMiss=0, todayEme=22, processing_rate=100, count_sum=4}
2026-02-09 13:07:40.679 [http-nio-8081-exec-4] DEBUG org.mybatis.spring.SqlSessionUtils - Transaction synchronization committing SqlSession [org.apache.ibatis.session.defaults.DefaultSqlSession@47dc7305]
2026-02-09 13:07:40.679 [http-nio-8081-exec-4] DEBUG org.mybatis.spring.SqlSessionUtils - Transaction synchronization deregistering SqlSession [org.apache.ibatis.session.defaults.DefaultSqlSession@47dc7305]
2026-02-09 13:07:40.679 [http-nio-8081-exec-4] DEBUG org.mybatis.spring.SqlSessionUtils - Transaction synchronization closing SqlSession [org.apache.ibatis.session.defaults.DefaultSqlSession@47dc7305]
2026-02-09 13:07:42.444 [http-nio-8081-exec-1] DEBUG org.mybatis.spring.SqlSessionUtils - Creating a new SqlSession
2026-02-09 13:07:42.444 [http-nio-8081-exec-1] DEBUG org.mybatis.spring.SqlSessionUtils - SqlSession [org.apache.ibatis.session.defaults.DefaultSqlSession@6672baee] was not registered for synchronization because synchronization is not active
2026-02-09 13:07:42.444 [http-nio-8081-exec-1] DEBUG o.s.jdbc.datasource.DataSourceUtils - Fetching JDBC Connection from DataSource
2026-02-09 13:07:42.449 [http-nio-8081-exec-1] DEBUG o.m.s.t.SpringManagedTransaction - JDBC Connection [HikariProxyConnection@1116278995 wrapping oracle.jdbc.driver.T4CConnection@110b40b1] will not be managed by Spring
2026-02-09 13:07:42.449 [http-nio-8081-exec-1] DEBUG c.w.c.m.A.findByAdmGubn - ==>  Preparing: SELECT adm_code as admCode,adm_gubn as admGubn ,adm_sname as admSname FROM TSYS01 WHERE ADM_GUBN = ?
2026-02-09 13:07:42.449 [http-nio-8081-exec-1] DEBUG c.w.c.m.A.findByAdmGubn - ==> Parameters: 4003(String)
2026-02-09 13:07:42.454 [http-nio-8081-exec-1] DEBUG c.w.c.m.A.findByAdmGubn - <==      Total: 8
2026-02-09 13:07:42.454 [http-nio-8081-exec-1] DEBUG org.mybatis.spring.SqlSessionUtils - Closing non transactional SqlSession [org.apache.ibatis.session.defaults.DefaultSqlSession@6672baee]
2026-02-09 13:07:42.454 [http-nio-8081-exec-1] DEBUG org.mybatis.spring.SqlSessionUtils - Creating a new SqlSession
2026-02-09 13:07:42.454 [http-nio-8081-exec-1] DEBUG org.mybatis.spring.SqlSessionUtils - SqlSession [org.apache.ibatis.session.defaults.DefaultSqlSession@240948d3] was not registered for synchronization because synchronization is not active
2026-02-09 13:07:42.454 [http-nio-8081-exec-1] DEBUG o.s.jdbc.datasource.DataSourceUtils - Fetching JDBC Connection from DataSource
2026-02-09 13:07:42.454 [http-nio-8081-exec-1] DEBUG o.m.s.t.SpringManagedTransaction - JDBC Connection [HikariProxyConnection@401197805 wrapping oracle.jdbc.driver.T4CConnection@110b40b1] will not be managed by Spring
2026-02-09 13:07:42.454 [http-nio-8081-exec-1] DEBUG c.w.c.m.A.findByAdmGubn - ==>  Preparing: SELECT adm_code as admCode,adm_gubn as admGubn ,adm_sname as admSname FROM TSYS01 WHERE ADM_GUBN = ?
2026-02-09 13:07:42.454 [http-nio-8081-exec-1] DEBUG c.w.c.m.A.findByAdmGubn - ==> Parameters: 5000(String)
2026-02-09 13:07:42.476 [http-nio-8081-exec-1] DEBUG c.w.c.m.A.findByAdmGubn - <==      Total: 49
2026-02-09 13:07:42.476 [http-nio-8081-exec-1] DEBUG org.mybatis.spring.SqlSessionUtils - Closing non transactional SqlSession [org.apache.ibatis.session.defaults.DefaultSqlSession@240948d3]
2026-02-09 13:07:42.476 [http-nio-8081-exec-1] DEBUG org.mybatis.spring.SqlSessionUtils - Creating a new SqlSession
2026-02-09 13:07:42.476 [http-nio-8081-exec-1] DEBUG org.mybatis.spring.SqlSessionUtils - SqlSession [org.apache.ibatis.session.defaults.DefaultSqlSession@601d3be2] was not registered for synchronization because synchronization is not active
2026-02-09 13:07:42.476 [http-nio-8081-exec-1] DEBUG o.s.jdbc.datasource.DataSourceUtils - Fetching JDBC Connection from DataSource
2026-02-09 13:07:42.476 [http-nio-8081-exec-1] DEBUG o.m.s.t.SpringManagedTransaction - JDBC Connection [HikariProxyConnection@276207123 wrapping oracle.jdbc.driver.T4CConnection@110b40b1] will not be managed by Spring
2026-02-09 13:07:42.476 [http-nio-8081-exec-1] DEBUG c.w.c.m.A.findByAdmGubn - ==>  Preparing: SELECT adm_code as admCode,adm_gubn as admGubn ,adm_sname as admSname FROM TSYS01 WHERE ADM_GUBN = ?
2026-02-09 13:07:42.476 [http-nio-8081-exec-1] DEBUG c.w.c.m.A.findByAdmGubn - ==> Parameters: 4002(String)
2026-02-09 13:07:42.485 [http-nio-8081-exec-1] DEBUG c.w.c.m.A.findByAdmGubn - <==      Total: 17
2026-02-09 13:07:42.485 [http-nio-8081-exec-1] DEBUG org.mybatis.spring.SqlSessionUtils - Closing non transactional SqlSession [org.apache.ibatis.session.defaults.DefaultSqlSession@601d3be2]
2026-02-09 13:07:42.485 [http-nio-8081-exec-1] DEBUG org.mybatis.spring.SqlSessionUtils - Creating a new SqlSession
2026-02-09 13:07:42.485 [http-nio-8081-exec-1] DEBUG org.mybatis.spring.SqlSessionUtils - SqlSession [org.apache.ibatis.session.defaults.DefaultSqlSession@5f33fc8c] was not registered for synchronization because synchronization is not active
2026-02-09 13:07:42.485 [http-nio-8081-exec-1] DEBUG o.s.jdbc.datasource.DataSourceUtils - Fetching JDBC Connection from DataSource
2026-02-09 13:07:42.485 [http-nio-8081-exec-1] DEBUG o.m.s.t.SpringManagedTransaction - JDBC Connection [HikariProxyConnection@567146217 wrapping oracle.jdbc.driver.T4CConnection@110b40b1] will not be managed by Spring
2026-02-09 13:07:42.485 [http-nio-8081-exec-1] DEBUG c.w.c.m.A.findByAdmGubn - ==>  Preparing: SELECT adm_code as admCode,adm_gubn as admGubn ,adm_sname as admSname FROM TSYS01 WHERE ADM_GUBN = ?
2026-02-09 13:07:42.485 [http-nio-8081-exec-1] DEBUG c.w.c.m.A.findByAdmGubn - ==> Parameters: 9500(String)
2026-02-09 13:07:42.489 [http-nio-8081-exec-1] DEBUG c.w.c.m.A.findByAdmGubn - <==      Total: 3
2026-02-09 13:07:42.490 [http-nio-8081-exec-1] DEBUG org.mybatis.spring.SqlSessionUtils - Closing non transactional SqlSession [org.apache.ibatis.session.defaults.DefaultSqlSession@5f33fc8c]
2026-02-09 13:07:42.490 [http-nio-8081-exec-1] DEBUG com.wio.crm.service.BannerService - 사이드바 활성 배너 조회
2026-02-09 13:07:42.490 [http-nio-8081-exec-1] DEBUG org.mybatis.spring.SqlSessionUtils - Creating a new SqlSession
2026-02-09 13:07:42.490 [http-nio-8081-exec-1] DEBUG org.mybatis.spring.SqlSessionUtils - SqlSession [org.apache.ibatis.session.defaults.DefaultSqlSession@79cfa58a] was not registered for synchronization because synchronization is not active
2026-02-09 13:07:42.490 [http-nio-8081-exec-1] DEBUG o.s.jdbc.datasource.DataSourceUtils - Fetching JDBC Connection from DataSource
2026-02-09 13:07:42.490 [http-nio-8081-exec-1] DEBUG o.m.s.t.SpringManagedTransaction - JDBC Connection [HikariProxyConnection@2116236961 wrapping oracle.jdbc.driver.T4CConnection@110b40b1] will not be managed by Spring
2026-02-09 13:07:42.490 [http-nio-8081-exec-1] DEBUG c.w.c.m.B.findActiveBannersByPosition - ==>  Preparing: SELECT * FROM banner WHERE active = 1 AND position = ? AND (start_date IS NULL OR start_date <= SYSDATE) AND (end_date IS NULL OR end_date >= SYSDATE) ORDER BY display_order
2026-02-09 13:07:42.490 [http-nio-8081-exec-1] DEBUG c.w.c.m.B.findActiveBannersByPosition - ==> Parameters: sidebar(String)
2026-02-09 13:07:42.494 [http-nio-8081-exec-1] DEBUG c.w.c.m.B.findActiveBannersByPosition - <==      Total: 0
2026-02-09 13:07:42.494 [http-nio-8081-exec-1] DEBUG org.mybatis.spring.SqlSessionUtils - Closing non transactional SqlSession [org.apache.ibatis.session.defaults.DefaultSqlSession@79cfa58a]
2026-02-09 13:07:42.494 [http-nio-8081-exec-1] DEBUG org.mybatis.spring.SqlSessionUtils - Creating a new SqlSession
2026-02-09 13:07:42.494 [http-nio-8081-exec-1] DEBUG org.mybatis.spring.SqlSessionUtils - SqlSession [org.apache.ibatis.session.defaults.DefaultSqlSession@684f9960] was not registered for synchronization because synchronization is not active
2026-02-09 13:07:42.494 [http-nio-8081-exec-1] DEBUG o.s.jdbc.datasource.DataSourceUtils - Fetching JDBC Connection from DataSource
2026-02-09 13:07:42.494 [http-nio-8081-exec-1] DEBUG o.m.s.t.SpringManagedTransaction - JDBC Connection [HikariProxyConnection@73474364 wrapping oracle.jdbc.driver.T4CConnection@110b40b1] will not be managed by Spring
2026-02-09 13:07:42.494 [http-nio-8081-exec-1] DEBUG c.w.c.m.Temp01Mapper.findByUserId - ==>  Preparing: SELECT * FROM N_TEMP01 WHERE userid = ?
2026-02-09 13:07:42.494 [http-nio-8081-exec-1] DEBUG c.w.c.m.Temp01Mapper.findByUserId - ==> Parameters: testadm(String)
2026-02-09 13:07:42.498 [http-nio-8081-exec-1] DEBUG c.w.c.m.Temp01Mapper.findByUserId - <==      Total: 0
2026-02-09 13:07:42.498 [http-nio-8081-exec-1] DEBUG org.mybatis.spring.SqlSessionUtils - Closing non transactional SqlSession [org.apache.ibatis.session.defaults.DefaultSqlSession@684f9960]
2026-02-09 13:07:42.498 [http-nio-8081-exec-1] DEBUG c.wio.crm.config.BannerInterceptor - 사이드바 배너를 모델에 추가: /cons, 배너 관리 권한: false
2026-02-09 13:07:42.722 [http-nio-8081-exec-2] DEBUG org.mybatis.spring.SqlSessionUtils - Creating a new SqlSession
2026-02-09 13:07:42.722 [http-nio-8081-exec-7] DEBUG org.mybatis.spring.SqlSessionUtils - Creating a new SqlSession
2026-02-09 13:07:42.722 [http-nio-8081-exec-2] DEBUG org.mybatis.spring.SqlSessionUtils - SqlSession [org.apache.ibatis.session.defaults.DefaultSqlSession@1958193b] was not registered for synchronization because synchronization is not active
2026-02-09 13:07:42.722 [http-nio-8081-exec-7] DEBUG org.mybatis.spring.SqlSessionUtils - SqlSession [org.apache.ibatis.session.defaults.DefaultSqlSession@4f6884fc] was not registered for synchronization because synchronization is not active
2026-02-09 13:07:42.722 [http-nio-8081-exec-2] DEBUG o.s.jdbc.datasource.DataSourceUtils - Fetching JDBC Connection from DataSource
2026-02-09 13:07:42.722 [http-nio-8081-exec-7] DEBUG o.s.jdbc.datasource.DataSourceUtils - Fetching JDBC Connection from DataSource
2026-02-09 13:07:42.722 [http-nio-8081-exec-2] DEBUG o.m.s.t.SpringManagedTransaction - JDBC Connection [HikariProxyConnection@571891808 wrapping oracle.jdbc.driver.T4CConnection@110b40b1] will not be managed by Spring
2026-02-09 13:07:42.722 [http-nio-8081-exec-2] DEBUG c.w.c.m.C.getConsultationStats - ==>  Preparing: SELECT COUNT(*) as totalCount, SUM(CASE WHEN EMG_GUBN = '1' THEN 1 ELSE 0 END) as urgentCount, SUM(CASE WHEN PRC_GUBN IN ('1', '2') THEN 1 ELSE 0 END) as completedCount, SUM(CASE WHEN MEMO_COUNT > 0 THEN 1 ELSE 0 END) as hasCommentCount FROM ( SELECT TBND01.EMG_GUBN, TBND01.PRC_GUBN, ( SELECT COUNT(*) FROM TBND01_MEMO WHERE CUST_CODE = TBND01.CUST_CODE AND PROJECT_CODE = TBND01.PROJECT_CODE AND PERSON_CODE = TBND01.PERSON_CODE AND CALL_CODE = TBND01.CALL_CODE ) as MEMO_COUNT FROM TBND01 WHERE TBND01.CUST_CODE = ? AND ( TBND01.EMG_GUBN = '1' OR ( TO_CHAR(TBND01.IN_DATE, 'YYYYMMDD') BETWEEN ? AND ? AND TBND01.PRC_GUBN<>'4' ) ) )
2026-02-09 13:07:42.722 [http-nio-8081-exec-2] DEBUG c.w.c.m.C.getConsultationStats - ==> Parameters: P000000220(String), 20260209(String), 20260209(String)
2026-02-09 13:07:42.726 [http-nio-8081-exec-7] DEBUG o.m.s.t.SpringManagedTransaction - JDBC Connection [HikariProxyConnection@1620261329 wrapping oracle.jdbc.driver.T4CConnection@21b81650] will not be managed by Spring
2026-02-09 13:07:42.727 [http-nio-8081-exec-7] DEBUG c.w.crm.mapper.ConsMapper.selectList - ==>  Preparing: WITH filtered_consultations AS ( SELECT TBND01.CUST_CODE, TBND01.PROJECT_CODE, TBND01.PERSON_CODE, TBND01.CALL_CODE, TBND01.EMPNO, TBND01.INCALL_NO, TBND01.OUTCALL_NO, TBND01.RING_TIME, TBND01.RING_ID, TBND01.CHANNEL_TIME, TBND01.CHANNEL_ID, TBND01.OUT_TIME, TBND01.OUT_ID, TBND01.CS_TYPE, TBND01.CS_NOTE, TBND01.CS_DATE, TBND01.CS_BANK, TBND01.CS_NAME, TBND01.CS_CASH, TBND01.PRC_GUBN, TBND01.PRC_NOTE, TBND01.EMG_GUBN, TBND01.RECALL_EMP, TBND01.RECALL_CUST, TBND01.SAUP_GUBN, TBND01.DEL_GUBN, TBND01.IN_DATE, TBND01.IN_EMPNO, TBND01.UP_DATE, TBND01.UP_EMPNO, TBND01.BUY_GUBN, TBND01.NEW_CS_TYPE, TBND01.NEW_CS_SUB_TYPE, TBND01.BUY_TYPE, TBND01_CUST.COMPLETION_CODE, CASE WHEN TBND01.EMG_GUBN = '1' THEN 1 ELSE 2 END AS priority FROM TBND01 LEFT JOIN TBND01_CUST ON TBND01.CUST_CODE = TBND01_CUST.CUST_CODE AND TBND01.PROJECT_CODE = TBND01_CUST.PROJECT_CODE AND TBND01.PERSON_CODE = TBND01_CUST.PERSON_CODE AND TBND01.CALL_CODE = TBND01_CUST.CALL_CODE WHERE TBND01.CUST_CODE = ? AND ( TBND01.EMG_GUBN = '1' OR ( TO_CHAR(TBND01.IN_DATE, 'YYYYMMDD') BETWEEN ? AND ? AND TBND01.PRC_GUBN<>'4' ) ) ), ranked_consultations AS ( SELECT fc.*, ROW_NUMBER() OVER (ORDER BY priority, IN_DATE DESC) AS rnum FROM filtered_consultations fc ) SELECT rc.CUST_CODE as custCode, rc.PROJECT_CODE as projectCode, ( SELECT PROJECT_NAME FROM TPRJ01 WHERE PROJECT_CODE = rc.PROJECT_CODE AND CUST_CODE = ? ) as projectName, rc.PERSON_CODE as personCode, rc.CALL_CODE as callCode, NVL( ( SELECT PERSON_NAME FROM TPER01 WHERE PERSON_CODE = rc.PERSON_CODE AND CUST_CODE = ? ), ' ' ) as empNo, ( SELECT TEL_NO FROM TPER01 WHERE PERSON_CODE = rc.PERSON_CODE AND CUST_CODE = ? ) as custTell, rc.INCALL_NO as incallNo, rc.OUTCALL_NO as outcallNo, rc.RING_TIME as ringTime, rc.RING_ID as ringId, rc.CHANNEL_TIME as channelTime, rc.CHANNEL_ID as channelId, rc.OUT_TIME as outTime, rc.OUT_ID as outId, ( SELECT ADM_SNAME FROM TSYS01 WHERE ADM_GUBN = '4002' AND ADM_CODE = rc.CS_TYPE ) as csType, CASE WHEN INSTR(rc.CS_NOTE, CHR(30)) > 0 THEN CASE WHEN LENGTH(SUBSTR(rc.CS_NOTE, 1, INSTR(rc.CS_NOTE, CHR(30)) - 1)) > 30 THEN SUBSTR(SUBSTR(rc.CS_NOTE, 1, INSTR(rc.CS_NOTE, CHR(30)) - 1), 1, 30) || '...' ELSE SUBSTR(rc.CS_NOTE, 1, INSTR(rc.CS_NOTE, CHR(30)) - 1) END ELSE CASE WHEN LENGTH(rc.CS_NOTE) > 30 THEN SUBSTR(rc.CS_NOTE, 1, 30) || '...' ELSE rc.CS_NOTE END END as csNote, rc.CS_DATE as csDate, rc.CS_BANK as csBank, rc.CS_NAME as csName, rc.CS_CASH as csCash, ( SELECT ADM_SNAME FROM TSYS01 WHERE ADM_GUBN = '4003' AND ADM_CODE = rc.PRC_GUBN ) as prcGubn, rc.PRC_NOTE as prcNote, rc.EMG_GUBN as emgGubn, rc.RECALL_EMP as recallEmp, rc.RECALL_CUST as recallCust, rc.SAUP_GUBN as saupGubn, rc.DEL_GUBN as delGubn, TO_CHAR(rc.IN_DATE, 'YYYYMMDD') as inDate, TO_CHAR(rc.IN_DATE, 'HH24:MI:SS') as inTime, rc.IN_EMPNO as inEmpno, rc.UP_DATE as up_Date, rc.UP_EMPNO as upEmpno, ( SELECT ADM_SNAME FROM TSYS01 WHERE ADM_GUBN = '5000' AND ADM_CODE = rc.BUY_GUBN ) as buyGubn, rc.NEW_CS_TYPE as newCsType, rc.NEW_CS_SUB_TYPE as newCsSubType, rc.BUY_TYPE as buyType, rc.COMPLETION_CODE as completionCode, ( SELECT COUNT(*) FROM TBND01_MEMO WHERE CUST_CODE = rc.CUST_CODE AND PROJECT_CODE = rc.PROJECT_CODE AND PERSON_CODE = rc.PERSON_CODE AND CALL_CODE = rc.CALL_CODE ) as COUNTRE FROM ranked_consultations rc WHERE rc.rnum BETWEEN ? AND ? ORDER BY rc.priority, rc.IN_DATE DESC
2026-02-09 13:07:42.727 [http-nio-8081-exec-7] DEBUG c.w.crm.mapper.ConsMapper.selectList - ==> Parameters: P000000220(String), 20260209(String), 20260209(String), P000000220(String), P000000220(String), P000000220(String), 1(Integer), 15(Integer)
2026-02-09 13:07:42.730 [http-nio-8081-exec-2] DEBUG c.w.c.m.C.getConsultationStats - <==      Total: 1
2026-02-09 13:07:42.730 [http-nio-8081-exec-2] DEBUG org.mybatis.spring.SqlSessionUtils - Closing non transactional SqlSession [org.apache.ibatis.session.defaults.DefaultSqlSession@1958193b]
2026-02-09 13:07:42.746 [http-nio-8081-exec-7] WARN  o.a.i.s.AutoMappingUnknownColumnBehavior - Unknown column is detected on 'com.wio.crm.mapper.ConsMapper.selectList' auto-mapping. Mapping parameters are [columnName=UP_DATE,propertyName=UP_DATE,propertyType=null]
2026-02-09 13:07:42.746 [http-nio-8081-exec-7] DEBUG c.w.crm.mapper.ConsMapper.selectList - <==      Total: 6
2026-02-09 13:07:42.746 [http-nio-8081-exec-7] DEBUG org.mybatis.spring.SqlSessionUtils - Closing non transactional SqlSession [org.apache.ibatis.session.defaults.DefaultSqlSession@4f6884fc]
2026-02-09 13:07:42.746 [http-nio-8081-exec-7] DEBUG org.mybatis.spring.SqlSessionUtils - Creating a new SqlSession
2026-02-09 13:07:42.746 [http-nio-8081-exec-7] DEBUG org.mybatis.spring.SqlSessionUtils - SqlSession [org.apache.ibatis.session.defaults.DefaultSqlSession@102197d3] was not registered for synchronization because synchronization is not active
2026-02-09 13:07:42.746 [http-nio-8081-exec-7] DEBUG o.s.jdbc.datasource.DataSourceUtils - Fetching JDBC Connection from DataSource
2026-02-09 13:07:42.747 [http-nio-8081-exec-7] DEBUG o.m.s.t.SpringManagedTransaction - JDBC Connection [HikariProxyConnection@1580913120 wrapping oracle.jdbc.driver.T4CConnection@21b81650] will not be managed by Spring
2026-02-09 13:07:42.747 [http-nio-8081-exec-7] DEBUG c.w.crm.mapper.ConsMapper.countTotal - ==>  Preparing: SELECT COUNT(*) FROM ( SELECT TBND01.CUST_CODE, TBND01.PROJECT_CODE, TBND01.PERSON_CODE, TBND01.CALL_CODE, TBND01.EMG_GUBN, TBND01.IN_DATE, TBND01.CS_TYPE, TBND01.PRC_GUBN, TBND01.BUY_GUBN, TBND01.CS_NOTE, TBND01.PRC_NOTE, TBND01.RECALL_CUST, TBND01_CUST.COMPLETION_CODE FROM TBND01 LEFT JOIN TBND01_CUST ON TBND01.CUST_CODE = TBND01_CUST.CUST_CODE AND TBND01.PROJECT_CODE = TBND01_CUST.PROJECT_CODE AND TBND01.PERSON_CODE = TBND01_CUST.PERSON_CODE AND TBND01.CALL_CODE = TBND01_CUST.CALL_CODE WHERE TBND01.CUST_CODE = ? AND ( TBND01.EMG_GUBN = '1' OR ( TO_CHAR(TBND01.IN_DATE, 'YYYYMMDD') BETWEEN ? AND ? AND TBND01.PRC_GUBN<>'4' ) ) ) subquery
2026-02-09 13:07:42.747 [http-nio-8081-exec-7] DEBUG c.w.crm.mapper.ConsMapper.countTotal - ==> Parameters: P000000220(String), 20260209(String), 20260209(String)
2026-02-09 13:07:42.758 [http-nio-8081-exec-7] DEBUG c.w.crm.mapper.ConsMapper.countTotal - <==      Total: 1
2026-02-09 13:07:42.759 [http-nio-8081-exec-7] DEBUG org.mybatis.spring.SqlSessionUtils - Closing non transactional SqlSession [org.apache.ibatis.session.defaults.DefaultSqlSession@102197d3]
2026-02-09 13:07:47.397 [http-nio-8081-exec-4] DEBUG org.mybatis.spring.SqlSessionUtils - Creating a new SqlSession
2026-02-09 13:07:47.397 [http-nio-8081-exec-4] DEBUG org.mybatis.spring.SqlSessionUtils - SqlSession [org.apache.ibatis.session.defaults.DefaultSqlSession@407038be] was not registered for synchronization because synchronization is not active
2026-02-09 13:07:47.397 [http-nio-8081-exec-4] DEBUG o.s.jdbc.datasource.DataSourceUtils - Fetching JDBC Connection from DataSource
2026-02-09 13:07:47.401 [http-nio-8081-exec-4] DEBUG o.m.s.t.SpringManagedTransaction - JDBC Connection [HikariProxyConnection@703922644 wrapping oracle.jdbc.driver.T4CConnection@75f1ccd2] will not be managed by Spring
2026-02-09 13:07:47.401 [http-nio-8081-exec-4] DEBUG c.w.c.m.C.selectConsultationDetails - ==>  Preparing: SELECT A.CUST_CODE as custCode, A.PROJECT_CODE as projectCode, A.PERSON_CODE as personCode, A.CALL_CODE as callCode, TO_CHAR(A.IN_DATE,'YYYYMMDD') as inDate, TO_CHAR(A.IN_DATE, 'HH24:MI:SS') as inTime, (SELECT ADM_SNAME FROM TSYS01 WHERE ADM_GUBN='4002' AND ADM_CODE=A.CS_TYPE) as csType, (SELECT ADM_SNAME FROM TSYS01 WHERE ADM_GUBN='4003' AND ADM_CODE=A.PRC_GUBN) as prcGubn, (SELECT ADM_SNAME FROM TSYS01 WHERE ADM_GUBN='5000' AND ADM_CODE=A.BUY_GUBN) as buyGubn, NVL((SELECT PERSON_NAME FROM TPER01 WHERE PERSON_CODE = A.PERSON_CODE AND CUST_CODE = ?), ' ') as empNo, (SELECT TEL_NO FROM TPER01 WHERE PERSON_CODE=A.PERSON_CODE AND CUST_CODE = ?) as custTell, A.CS_NOTE AS csNote, A.EMG_GUBN as emgGubn, NVL(A.CS_DATE,'') as csDate, NVL(A.CS_BANK,'') as csBank, NVL(A.CS_NAME,'') as csName, NVL(A.CS_CASH,'') as csCash, B.COMPLETION_CODE as completionCode, A.PRC_NOTE as prcNote FROM TBND01 A LEFT JOIN TBND01_CUST B ON A.CUST_CODE = B.CUST_CODE AND A.PROJECT_CODE = B.PROJECT_CODE AND A.PERSON_CODE = B.PERSON_CODE AND A.CALL_CODE = B.CALL_CODE AND A.EMPNO = B.EMPNO AND A.INCALL_NO = B.INCALL_NO AND A.OUTCALL_NO = B.OUTCALL_NO AND A.RING_ID = B.RING_ID WHERE A.CUST_CODE = ? AND A.PROJECT_CODE = ? AND A.PERSON_CODE = ? AND A.CALL_CODE = ?
2026-02-09 13:07:47.401 [http-nio-8081-exec-4] DEBUG c.w.c.m.C.selectConsultationDetails - ==> Parameters: P000000220(String), P000000220(String), P000000220(String), R000000001(String), 0000000002(String), 0000000002(String)
2026-02-09 13:07:47.429 [http-nio-8081-exec-4] DEBUG c.w.c.m.C.selectConsultationDetails - <==      Total: 1
2026-02-09 13:07:47.429 [http-nio-8081-exec-4] DEBUG org.mybatis.spring.SqlSessionUtils - Closing non transactional SqlSession [org.apache.ibatis.session.defaults.DefaultSqlSession@407038be]
2026-02-09 13:07:47.429 [http-nio-8081-exec-4] DEBUG org.mybatis.spring.SqlSessionUtils - Creating a new SqlSession
2026-02-09 13:07:47.429 [http-nio-8081-exec-4] DEBUG org.mybatis.spring.SqlSessionUtils - SqlSession [org.apache.ibatis.session.defaults.DefaultSqlSession@5b5e3330] was not registered for synchronization because synchronization is not active
2026-02-09 13:07:47.429 [http-nio-8081-exec-4] DEBUG o.s.jdbc.datasource.DataSourceUtils - Fetching JDBC Connection from DataSource
2026-02-09 13:07:47.429 [http-nio-8081-exec-4] DEBUG o.m.s.t.SpringManagedTransaction - JDBC Connection [HikariProxyConnection@1818017919 wrapping oracle.jdbc.driver.T4CConnection@75f1ccd2] will not be managed by Spring
2026-02-09 13:07:47.429 [http-nio-8081-exec-4] DEBUG c.w.c.mapper.ConsMapper.getComments - ==>  Preparing: SELECT B.SERL_NO as serlNo, B.USER_ID as userId, B.CONTEXT as conText, B.SAUP_GUBN as saupGubn, B.DEL_GUBN as delGubn, B.CONFIRM_YN as confirmYn, TO_CHAR(B.IN_DATE,'YYYYMMDD HH24:MI:SS') as inDate FROM TBND01_MEMO B WHERE B.CUST_CODE = ? AND B.PROJECT_CODE = ? AND B.PERSON_CODE = ? AND B.CALL_CODE = ? ORDER BY TO_CHAR(B.IN_DATE,'YYYYMMDD HH24:MI:SS')
2026-02-09 13:07:47.429 [http-nio-8081-exec-4] DEBUG c.w.c.mapper.ConsMapper.getComments - ==> Parameters: P000000220(String), R000000001(String), 0000000002(String), 0000000002(String)
2026-02-09 13:07:47.439 [http-nio-8081-exec-4] DEBUG c.w.c.mapper.ConsMapper.getComments - <==      Total: 0
2026-02-09 13:07:47.439 [http-nio-8081-exec-4] DEBUG org.mybatis.spring.SqlSessionUtils - Closing non transactional SqlSession [org.apache.ibatis.session.defaults.DefaultSqlSession@5b5e3330]
2026-02-09 13:07:47.439 [http-nio-8081-exec-4] DEBUG org.mybatis.spring.SqlSessionUtils - Creating a new SqlSession
2026-02-09 13:07:47.439 [http-nio-8081-exec-4] DEBUG org.mybatis.spring.SqlSessionUtils - SqlSession [org.apache.ibatis.session.defaults.DefaultSqlSession@3e7501f9] was not registered for synchronization because synchronization is not active
2026-02-09 13:07:47.439 [http-nio-8081-exec-4] DEBUG o.s.jdbc.datasource.DataSourceUtils - Fetching JDBC Connection from DataSource
2026-02-09 13:07:47.439 [http-nio-8081-exec-4] DEBUG o.m.s.t.SpringManagedTransaction - JDBC Connection [HikariProxyConnection@1899599790 wrapping oracle.jdbc.driver.T4CConnection@75f1ccd2] will not be managed by Spring
2026-02-09 13:07:47.439 [http-nio-8081-exec-4] DEBUG c.w.crm.mapper.ConsMapper.getHistory - ==>  Preparing: WITH ConsultationData AS ( SELECT '1' AS GUBN, CUST_CODE, PROJECT_CODE, PERSON_CODE, CALL_CODE, CS_NOTE AS CSNOTE, ( SELECT ADM_SNAME FROM TSYS01 WHERE ADM_GUBN = '4003' AND ADM_CODE = TBND01.PRC_GUBN ) AS PRCGUBN, PRC_NOTE AS PRCNOTE, TO_CHAR(IN_DATE, 'YYYYMMDD') AS INDATE, TO_CHAR(IN_DATE, 'HH24:MI:SS') AS INTIME, ROW_NUMBER() OVER (ORDER BY IN_DATE DESC) AS RN FROM TBND01 WHERE CUST_CODE =? AND PROJECT_CODE = ? AND PERSON_CODE = ? AND CALL_CODE<>? AND PRC_GUBN<>'4' ) SELECT * FROM ( SELECT CD.GUBN, CD.CSNOTE, CD.PRCGUBN, CD.PRCNOTE, CD.INDATE, CD.INTIME, CD.RN, CD.CALL_CODE FROM ConsultationData CD UNION ALL SELECT '2' AS GUBN, M.CONTEXT AS CSNOTE, NULL AS PRCGUBN, NULL AS PRCNOTE, TO_CHAR(M.IN_DATE, 'YYYYMMDD') AS INDATE, TO_CHAR(M.IN_DATE, 'HH24:MI:SS') AS INTIME, CD.RN, M.CALL_CODE FROM TBND01_MEMO M JOIN ConsultationData CD ON M.CUST_CODE = CD.CUST_CODE AND M.PROJECT_CODE = CD.PROJECT_CODE AND M.PERSON_CODE = CD.PERSON_CODE AND M.CALL_CODE = CD.CALL_CODE ) ORDER BY RN, GUBN, INDATE, INTIME
2026-02-09 13:07:47.440 [http-nio-8081-exec-4] DEBUG c.w.crm.mapper.ConsMapper.getHistory - ==> Parameters: P000000220(String), R000000001(String), 0000000002(String), 0000000002(String)
2026-02-09 13:07:47.468 [http-nio-8081-exec-4] WARN  o.a.i.s.AutoMappingUnknownColumnBehavior - Unknown column is detected on 'com.wio.crm.mapper.ConsMapper.getHistory' auto-mapping. Mapping parameters are [columnName=RN,propertyName=RN,propertyType=null]
2026-02-09 13:07:47.468 [http-nio-8081-exec-4] WARN  o.a.i.s.AutoMappingUnknownColumnBehavior - Unknown column is detected on 'com.wio.crm.mapper.ConsMapper.getHistory' auto-mapping. Mapping parameters are [columnName=CALL_CODE,propertyName=CALL_CODE,propertyType=null]
2026-02-09 13:07:47.468 [http-nio-8081-exec-4] DEBUG c.w.crm.mapper.ConsMapper.getHistory - <==      Total: 3
2026-02-09 13:07:47.468 [http-nio-8081-exec-4] DEBUG org.mybatis.spring.SqlSessionUtils - Closing non transactional SqlSession [org.apache.ibatis.session.defaults.DefaultSqlSession@3e7501f9]
2026-02-09 13:08:01.920 [http-nio-8081-exec-3] DEBUG org.mybatis.spring.SqlSessionUtils - Creating a new SqlSession
2026-02-09 13:08:01.920 [http-nio-8081-exec-3] DEBUG org.mybatis.spring.SqlSessionUtils - SqlSession [org.apache.ibatis.session.defaults.DefaultSqlSession@76e67e9a] was not registered for synchronization because synchronization is not active
2026-02-09 13:08:01.920 [http-nio-8081-exec-3] DEBUG o.s.jdbc.datasource.DataSourceUtils - Fetching JDBC Connection from DataSource
2026-02-09 13:08:01.920 [http-nio-8081-exec-7] DEBUG org.mybatis.spring.SqlSessionUtils - Creating a new SqlSession
2026-02-09 13:08:01.920 [http-nio-8081-exec-7] DEBUG org.mybatis.spring.SqlSessionUtils - SqlSession [org.apache.ibatis.session.defaults.DefaultSqlSession@6b5e3406] was not registered for synchronization because synchronization is not active
2026-02-09 13:08:01.921 [http-nio-8081-exec-7] DEBUG o.s.jdbc.datasource.DataSourceUtils - Fetching JDBC Connection from DataSource
2026-02-09 13:08:01.925 [http-nio-8081-exec-7] DEBUG o.m.s.t.SpringManagedTransaction - JDBC Connection [HikariProxyConnection@1331720734 wrapping oracle.jdbc.driver.T4CConnection@21b81650] will not be managed by Spring
2026-02-09 13:08:01.926 [http-nio-8081-exec-3] DEBUG o.m.s.t.SpringManagedTransaction - JDBC Connection [HikariProxyConnection@1218117965 wrapping oracle.jdbc.driver.T4CConnection@475a25a7] will not be managed by Spring
2026-02-09 13:08:01.926 [http-nio-8081-exec-7] DEBUG c.w.crm.mapper.ConsMapper.selectList - ==>  Preparing: WITH filtered_consultations AS ( SELECT TBND01.CUST_CODE, TBND01.PROJECT_CODE, TBND01.PERSON_CODE, TBND01.CALL_CODE, TBND01.EMPNO, TBND01.INCALL_NO, TBND01.OUTCALL_NO, TBND01.RING_TIME, TBND01.RING_ID, TBND01.CHANNEL_TIME, TBND01.CHANNEL_ID, TBND01.OUT_TIME, TBND01.OUT_ID, TBND01.CS_TYPE, TBND01.CS_NOTE, TBND01.CS_DATE, TBND01.CS_BANK, TBND01.CS_NAME, TBND01.CS_CASH, TBND01.PRC_GUBN, TBND01.PRC_NOTE, TBND01.EMG_GUBN, TBND01.RECALL_EMP, TBND01.RECALL_CUST, TBND01.SAUP_GUBN, TBND01.DEL_GUBN, TBND01.IN_DATE, TBND01.IN_EMPNO, TBND01.UP_DATE, TBND01.UP_EMPNO, TBND01.BUY_GUBN, TBND01.NEW_CS_TYPE, TBND01.NEW_CS_SUB_TYPE, TBND01.BUY_TYPE, TBND01_CUST.COMPLETION_CODE, CASE WHEN TBND01.EMG_GUBN = '1' THEN 1 ELSE 2 END AS priority FROM TBND01 LEFT JOIN TBND01_CUST ON TBND01.CUST_CODE = TBND01_CUST.CUST_CODE AND TBND01.PROJECT_CODE = TBND01_CUST.PROJECT_CODE AND TBND01.PERSON_CODE = TBND01_CUST.PERSON_CODE AND TBND01.CALL_CODE = TBND01_CUST.CALL_CODE WHERE TBND01.CUST_CODE = ? AND ( TBND01.EMG_GUBN = '1' OR ( TO_CHAR(TBND01.IN_DATE, 'YYYYMMDD') BETWEEN ? AND ? AND TBND01.PRC_GUBN<>'4' ) ) AND EXISTS ( SELECT 1 FROM TBND01_MEMO WHERE TBND01_MEMO.CUST_CODE = TBND01.CUST_CODE AND TBND01_MEMO.PROJECT_CODE = TBND01.PROJECT_CODE AND TBND01_MEMO.PERSON_CODE = TBND01.PERSON_CODE AND TBND01_MEMO.CALL_CODE = TBND01.CALL_CODE ) ), ranked_consultations AS ( SELECT fc.*, ROW_NUMBER() OVER (ORDER BY priority, IN_DATE DESC) AS rnum FROM filtered_consultations fc ) SELECT rc.CUST_CODE as custCode, rc.PROJECT_CODE as projectCode, ( SELECT PROJECT_NAME FROM TPRJ01 WHERE PROJECT_CODE = rc.PROJECT_CODE AND CUST_CODE = ? ) as projectName, rc.PERSON_CODE as personCode, rc.CALL_CODE as callCode, NVL( ( SELECT PERSON_NAME FROM TPER01 WHERE PERSON_CODE = rc.PERSON_CODE AND CUST_CODE = ? ), ' ' ) as empNo, ( SELECT TEL_NO FROM TPER01 WHERE PERSON_CODE = rc.PERSON_CODE AND CUST_CODE = ? ) as custTell, rc.INCALL_NO as incallNo, rc.OUTCALL_NO as outcallNo, rc.RING_TIME as ringTime, rc.RING_ID as ringId, rc.CHANNEL_TIME as channelTime, rc.CHANNEL_ID as channelId, rc.OUT_TIME as outTime, rc.OUT_ID as outId, ( SELECT ADM_SNAME FROM TSYS01 WHERE ADM_GUBN = '4002' AND ADM_CODE = rc.CS_TYPE ) as csType, CASE WHEN INSTR(rc.CS_NOTE, CHR(30)) > 0 THEN CASE WHEN LENGTH(SUBSTR(rc.CS_NOTE, 1, INSTR(rc.CS_NOTE, CHR(30)) - 1)) > 30 THEN SUBSTR(SUBSTR(rc.CS_NOTE, 1, INSTR(rc.CS_NOTE, CHR(30)) - 1), 1, 30) || '...' ELSE SUBSTR(rc.CS_NOTE, 1, INSTR(rc.CS_NOTE, CHR(30)) - 1) END ELSE CASE WHEN LENGTH(rc.CS_NOTE) > 30 THEN SUBSTR(rc.CS_NOTE, 1, 30) || '...' ELSE rc.CS_NOTE END END as csNote, rc.CS_DATE as csDate, rc.CS_BANK as csBank, rc.CS_NAME as csName, rc.CS_CASH as csCash, ( SELECT ADM_SNAME FROM TSYS01 WHERE ADM_GUBN = '4003' AND ADM_CODE = rc.PRC_GUBN ) as prcGubn, rc.PRC_NOTE as prcNote, rc.EMG_GUBN as emgGubn, rc.RECALL_EMP as recallEmp, rc.RECALL_CUST as recallCust, rc.SAUP_GUBN as saupGubn, rc.DEL_GUBN as delGubn, TO_CHAR(rc.IN_DATE, 'YYYYMMDD') as inDate, TO_CHAR(rc.IN_DATE, 'HH24:MI:SS') as inTime, rc.IN_EMPNO as inEmpno, rc.UP_DATE as up_Date, rc.UP_EMPNO as upEmpno, ( SELECT ADM_SNAME FROM TSYS01 WHERE ADM_GUBN = '5000' AND ADM_CODE = rc.BUY_GUBN ) as buyGubn, rc.NEW_CS_TYPE as newCsType, rc.NEW_CS_SUB_TYPE as newCsSubType, rc.BUY_TYPE as buyType, rc.COMPLETION_CODE as completionCode, ( SELECT COUNT(*) FROM TBND01_MEMO WHERE CUST_CODE = rc.CUST_CODE AND PROJECT_CODE = rc.PROJECT_CODE AND PERSON_CODE = rc.PERSON_CODE AND CALL_CODE = rc.CALL_CODE ) as COUNTRE FROM ranked_consultations rc WHERE rc.rnum BETWEEN ? AND ? ORDER BY rc.priority, rc.IN_DATE DESC
2026-02-09 13:08:01.926 [http-nio-8081-exec-3] DEBUG c.w.c.m.C.getConsultationStats - ==>  Preparing: SELECT COUNT(*) as totalCount, SUM(CASE WHEN EMG_GUBN = '1' THEN 1 ELSE 0 END) as urgentCount, SUM(CASE WHEN PRC_GUBN IN ('1', '2') THEN 1 ELSE 0 END) as completedCount, SUM(CASE WHEN MEMO_COUNT > 0 THEN 1 ELSE 0 END) as hasCommentCount FROM ( SELECT TBND01.EMG_GUBN, TBND01.PRC_GUBN, ( SELECT COUNT(*) FROM TBND01_MEMO WHERE CUST_CODE = TBND01.CUST_CODE AND PROJECT_CODE = TBND01.PROJECT_CODE AND PERSON_CODE = TBND01.PERSON_CODE AND CALL_CODE = TBND01.CALL_CODE ) as MEMO_COUNT FROM TBND01 WHERE TBND01.CUST_CODE = ? AND ( TBND01.EMG_GUBN = '1' OR ( TO_CHAR(TBND01.IN_DATE, 'YYYYMMDD') BETWEEN ? AND ? AND TBND01.PRC_GUBN<>'4' ) ) )
2026-02-09 13:08:01.926 [http-nio-8081-exec-3] DEBUG c.w.c.m.C.getConsultationStats - ==> Parameters: P000000220(String), 20260209(String), 20260209(String)
2026-02-09 13:08:01.926 [http-nio-8081-exec-7] DEBUG c.w.crm.mapper.ConsMapper.selectList - ==> Parameters: P000000220(String), 20260209(String), 20260209(String), P000000220(String), P000000220(String), P000000220(String), 1(Integer), 15(Integer)
2026-02-09 13:08:01.930 [http-nio-8081-exec-3] DEBUG c.w.c.m.C.getConsultationStats - <==      Total: 1
2026-02-09 13:08:01.930 [http-nio-8081-exec-3] DEBUG org.mybatis.spring.SqlSessionUtils - Closing non transactional SqlSession [org.apache.ibatis.session.defaults.DefaultSqlSession@76e67e9a]
2026-02-09 13:08:01.933 [http-nio-8081-exec-7] WARN  o.a.i.s.AutoMappingUnknownColumnBehavior - Unknown column is detected on 'com.wio.crm.mapper.ConsMapper.selectList' auto-mapping. Mapping parameters are [columnName=UP_DATE,propertyName=UP_DATE,propertyType=null]
2026-02-09 13:08:01.934 [http-nio-8081-exec-7] DEBUG c.w.crm.mapper.ConsMapper.selectList - <==      Total: 3
2026-02-09 13:08:01.934 [http-nio-8081-exec-7] DEBUG org.mybatis.spring.SqlSessionUtils - Closing non transactional SqlSession [org.apache.ibatis.session.defaults.DefaultSqlSession@6b5e3406]
2026-02-09 13:08:01.934 [http-nio-8081-exec-7] DEBUG org.mybatis.spring.SqlSessionUtils - Creating a new SqlSession
2026-02-09 13:08:01.934 [http-nio-8081-exec-7] DEBUG org.mybatis.spring.SqlSessionUtils - SqlSession [org.apache.ibatis.session.defaults.DefaultSqlSession@25c4097e] was not registered for synchronization because synchronization is not active
2026-02-09 13:08:01.934 [http-nio-8081-exec-7] DEBUG o.s.jdbc.datasource.DataSourceUtils - Fetching JDBC Connection from DataSource
2026-02-09 13:08:01.934 [http-nio-8081-exec-7] DEBUG o.m.s.t.SpringManagedTransaction - JDBC Connection [HikariProxyConnection@2047722471 wrapping oracle.jdbc.driver.T4CConnection@21b81650] will not be managed by Spring
2026-02-09 13:08:01.934 [http-nio-8081-exec-7] DEBUG c.w.crm.mapper.ConsMapper.countTotal - ==>  Preparing: SELECT COUNT(*) FROM ( SELECT TBND01.CUST_CODE, TBND01.PROJECT_CODE, TBND01.PERSON_CODE, TBND01.CALL_CODE, TBND01.EMG_GUBN, TBND01.IN_DATE, TBND01.CS_TYPE, TBND01.PRC_GUBN, TBND01.BUY_GUBN, TBND01.CS_NOTE, TBND01.PRC_NOTE, TBND01.RECALL_CUST, TBND01_CUST.COMPLETION_CODE FROM TBND01 LEFT JOIN TBND01_CUST ON TBND01.CUST_CODE = TBND01_CUST.CUST_CODE AND TBND01.PROJECT_CODE = TBND01_CUST.PROJECT_CODE AND TBND01.PERSON_CODE = TBND01_CUST.PERSON_CODE AND TBND01.CALL_CODE = TBND01_CUST.CALL_CODE WHERE TBND01.CUST_CODE = ? AND ( TBND01.EMG_GUBN = '1' OR ( TO_CHAR(TBND01.IN_DATE, 'YYYYMMDD') BETWEEN ? AND ? AND TBND01.PRC_GUBN<>'4' ) ) AND EXISTS ( SELECT 1 FROM TBND01_MEMO WHERE TBND01_MEMO.CUST_CODE = TBND01.CUST_CODE AND TBND01_MEMO.PROJECT_CODE = TBND01.PROJECT_CODE AND TBND01_MEMO.PERSON_CODE = TBND01.PERSON_CODE AND TBND01_MEMO.CALL_CODE = TBND01.CALL_CODE ) ) subquery
2026-02-09 13:08:01.934 [http-nio-8081-exec-7] DEBUG c.w.crm.mapper.ConsMapper.countTotal - ==> Parameters: P000000220(String), 20260209(String), 20260209(String)
2026-02-09 13:08:01.943 [http-nio-8081-exec-7] DEBUG c.w.crm.mapper.ConsMapper.countTotal - <==      Total: 1
2026-02-09 13:08:01.943 [http-nio-8081-exec-7] DEBUG org.mybatis.spring.SqlSessionUtils - Closing non transactional SqlSession [org.apache.ibatis.session.defaults.DefaultSqlSession@25c4097e]
2026-02-09 13:08:02.732 [http-nio-8081-exec-4] DEBUG org.mybatis.spring.SqlSessionUtils - Creating a new SqlSession
2026-02-09 13:08:02.732 [http-nio-8081-exec-4] DEBUG org.mybatis.spring.SqlSessionUtils - SqlSession [org.apache.ibatis.session.defaults.DefaultSqlSession@75c35b6d] was not registered for synchronization because synchronization is not active
2026-02-09 13:08:02.732 [http-nio-8081-exec-4] DEBUG o.s.jdbc.datasource.DataSourceUtils - Fetching JDBC Connection from DataSource
2026-02-09 13:08:02.732 [http-nio-8081-exec-5] DEBUG org.mybatis.spring.SqlSessionUtils - Creating a new SqlSession
2026-02-09 13:08:02.732 [http-nio-8081-exec-5] DEBUG org.mybatis.spring.SqlSessionUtils - SqlSession [org.apache.ibatis.session.defaults.DefaultSqlSession@12d8f8ad] was not registered for synchronization because synchronization is not active
2026-02-09 13:08:02.732 [http-nio-8081-exec-5] DEBUG o.s.jdbc.datasource.DataSourceUtils - Fetching JDBC Connection from DataSource
2026-02-09 13:08:02.738 [http-nio-8081-exec-5] DEBUG o.m.s.t.SpringManagedTransaction - JDBC Connection [HikariProxyConnection@241931 wrapping oracle.jdbc.driver.T4CConnection@21b81650] will not be managed by Spring
2026-02-09 13:08:02.738 [http-nio-8081-exec-4] DEBUG o.m.s.t.SpringManagedTransaction - JDBC Connection [HikariProxyConnection@760436253 wrapping oracle.jdbc.driver.T4CConnection@75f1ccd2] will not be managed by Spring
2026-02-09 13:08:02.738 [http-nio-8081-exec-4] DEBUG c.w.c.m.C.getConsultationStats - ==>  Preparing: SELECT COUNT(*) as totalCount, SUM(CASE WHEN EMG_GUBN = '1' THEN 1 ELSE 0 END) as urgentCount, SUM(CASE WHEN PRC_GUBN IN ('1', '2') THEN 1 ELSE 0 END) as completedCount, SUM(CASE WHEN MEMO_COUNT > 0 THEN 1 ELSE 0 END) as hasCommentCount FROM ( SELECT TBND01.EMG_GUBN, TBND01.PRC_GUBN, ( SELECT COUNT(*) FROM TBND01_MEMO WHERE CUST_CODE = TBND01.CUST_CODE AND PROJECT_CODE = TBND01.PROJECT_CODE AND PERSON_CODE = TBND01.PERSON_CODE AND CALL_CODE = TBND01.CALL_CODE ) as MEMO_COUNT FROM TBND01 WHERE TBND01.CUST_CODE = ? AND ( TBND01.EMG_GUBN = '1' OR ( TO_CHAR(TBND01.IN_DATE, 'YYYYMMDD') BETWEEN ? AND ? AND TBND01.PRC_GUBN<>'4' ) ) )
2026-02-09 13:08:02.738 [http-nio-8081-exec-5] DEBUG c.w.crm.mapper.ConsMapper.selectList - ==>  Preparing: WITH filtered_consultations AS ( SELECT TBND01.CUST_CODE, TBND01.PROJECT_CODE, TBND01.PERSON_CODE, TBND01.CALL_CODE, TBND01.EMPNO, TBND01.INCALL_NO, TBND01.OUTCALL_NO, TBND01.RING_TIME, TBND01.RING_ID, TBND01.CHANNEL_TIME, TBND01.CHANNEL_ID, TBND01.OUT_TIME, TBND01.OUT_ID, TBND01.CS_TYPE, TBND01.CS_NOTE, TBND01.CS_DATE, TBND01.CS_BANK, TBND01.CS_NAME, TBND01.CS_CASH, TBND01.PRC_GUBN, TBND01.PRC_NOTE, TBND01.EMG_GUBN, TBND01.RECALL_EMP, TBND01.RECALL_CUST, TBND01.SAUP_GUBN, TBND01.DEL_GUBN, TBND01.IN_DATE, TBND01.IN_EMPNO, TBND01.UP_DATE, TBND01.UP_EMPNO, TBND01.BUY_GUBN, TBND01.NEW_CS_TYPE, TBND01.NEW_CS_SUB_TYPE, TBND01.BUY_TYPE, TBND01_CUST.COMPLETION_CODE, CASE WHEN TBND01.EMG_GUBN = '1' THEN 1 ELSE 2 END AS priority FROM TBND01 LEFT JOIN TBND01_CUST ON TBND01.CUST_CODE = TBND01_CUST.CUST_CODE AND TBND01.PROJECT_CODE = TBND01_CUST.PROJECT_CODE AND TBND01.PERSON_CODE = TBND01_CUST.PERSON_CODE AND TBND01.CALL_CODE = TBND01_CUST.CALL_CODE WHERE TBND01.CUST_CODE = ? AND ( TBND01.EMG_GUBN = '1' OR ( TO_CHAR(TBND01.IN_DATE, 'YYYYMMDD') BETWEEN ? AND ? AND TBND01.PRC_GUBN<>'4' ) ) AND TBND01.PRC_GUBN IN ('1', '2') ), ranked_consultations AS ( SELECT fc.*, ROW_NUMBER() OVER (ORDER BY priority, IN_DATE DESC) AS rnum FROM filtered_consultations fc ) SELECT rc.CUST_CODE as custCode, rc.PROJECT_CODE as projectCode, ( SELECT PROJECT_NAME FROM TPRJ01 WHERE PROJECT_CODE = rc.PROJECT_CODE AND CUST_CODE = ? ) as projectName, rc.PERSON_CODE as personCode, rc.CALL_CODE as callCode, NVL( ( SELECT PERSON_NAME FROM TPER01 WHERE PERSON_CODE = rc.PERSON_CODE AND CUST_CODE = ? ), ' ' ) as empNo, ( SELECT TEL_NO FROM TPER01 WHERE PERSON_CODE = rc.PERSON_CODE AND CUST_CODE = ? ) as custTell, rc.INCALL_NO as incallNo, rc.OUTCALL_NO as outcallNo, rc.RING_TIME as ringTime, rc.RING_ID as ringId, rc.CHANNEL_TIME as channelTime, rc.CHANNEL_ID as channelId, rc.OUT_TIME as outTime, rc.OUT_ID as outId, ( SELECT ADM_SNAME FROM TSYS01 WHERE ADM_GUBN = '4002' AND ADM_CODE = rc.CS_TYPE ) as csType, CASE WHEN INSTR(rc.CS_NOTE, CHR(30)) > 0 THEN CASE WHEN LENGTH(SUBSTR(rc.CS_NOTE, 1, INSTR(rc.CS_NOTE, CHR(30)) - 1)) > 30 THEN SUBSTR(SUBSTR(rc.CS_NOTE, 1, INSTR(rc.CS_NOTE, CHR(30)) - 1), 1, 30) || '...' ELSE SUBSTR(rc.CS_NOTE, 1, INSTR(rc.CS_NOTE, CHR(30)) - 1) END ELSE CASE WHEN LENGTH(rc.CS_NOTE) > 30 THEN SUBSTR(rc.CS_NOTE, 1, 30) || '...' ELSE rc.CS_NOTE END END as csNote, rc.CS_DATE as csDate, rc.CS_BANK as csBank, rc.CS_NAME as csName, rc.CS_CASH as csCash, ( SELECT ADM_SNAME FROM TSYS01 WHERE ADM_GUBN = '4003' AND ADM_CODE = rc.PRC_GUBN ) as prcGubn, rc.PRC_NOTE as prcNote, rc.EMG_GUBN as emgGubn, rc.RECALL_EMP as recallEmp, rc.RECALL_CUST as recallCust, rc.SAUP_GUBN as saupGubn, rc.DEL_GUBN as delGubn, TO_CHAR(rc.IN_DATE, 'YYYYMMDD') as inDate, TO_CHAR(rc.IN_DATE, 'HH24:MI:SS') as inTime, rc.IN_EMPNO as inEmpno, rc.UP_DATE as up_Date, rc.UP_EMPNO as upEmpno, ( SELECT ADM_SNAME FROM TSYS01 WHERE ADM_GUBN = '5000' AND ADM_CODE = rc.BUY_GUBN ) as buyGubn, rc.NEW_CS_TYPE as newCsType, rc.NEW_CS_SUB_TYPE as newCsSubType, rc.BUY_TYPE as buyType, rc.COMPLETION_CODE as completionCode, ( SELECT COUNT(*) FROM TBND01_MEMO WHERE CUST_CODE = rc.CUST_CODE AND PROJECT_CODE = rc.PROJECT_CODE AND PERSON_CODE = rc.PERSON_CODE AND CALL_CODE = rc.CALL_CODE ) as COUNTRE FROM ranked_consultations rc WHERE rc.rnum BETWEEN ? AND ? ORDER BY rc.priority, rc.IN_DATE DESC
2026-02-09 13:08:02.738 [http-nio-8081-exec-4] DEBUG c.w.c.m.C.getConsultationStats - ==> Parameters: P000000220(String), 20260209(String), 20260209(String)
2026-02-09 13:08:02.739 [http-nio-8081-exec-5] DEBUG c.w.crm.mapper.ConsMapper.selectList - ==> Parameters: P000000220(String), 20260209(String), 20260209(String), P000000220(String), P000000220(String), P000000220(String), 1(Integer), 15(Integer)
2026-02-09 13:08:02.744 [http-nio-8081-exec-4] DEBUG c.w.c.m.C.getConsultationStats - <==      Total: 1
2026-02-09 13:08:02.745 [http-nio-8081-exec-4] DEBUG org.mybatis.spring.SqlSessionUtils - Closing non transactional SqlSession [org.apache.ibatis.session.defaults.DefaultSqlSession@75c35b6d]
2026-02-09 13:08:02.752 [http-nio-8081-exec-5] WARN  o.a.i.s.AutoMappingUnknownColumnBehavior - Unknown column is detected on 'com.wio.crm.mapper.ConsMapper.selectList' auto-mapping. Mapping parameters are [columnName=UP_DATE,propertyName=UP_DATE,propertyType=null]
2026-02-09 13:08:02.752 [http-nio-8081-exec-5] DEBUG c.w.crm.mapper.ConsMapper.selectList - <==      Total: 4
2026-02-09 13:08:02.752 [http-nio-8081-exec-5] DEBUG org.mybatis.spring.SqlSessionUtils - Closing non transactional SqlSession [org.apache.ibatis.session.defaults.DefaultSqlSession@12d8f8ad]
2026-02-09 13:08:02.752 [http-nio-8081-exec-5] DEBUG org.mybatis.spring.SqlSessionUtils - Creating a new SqlSession
2026-02-09 13:08:02.752 [http-nio-8081-exec-5] DEBUG org.mybatis.spring.SqlSessionUtils - SqlSession [org.apache.ibatis.session.defaults.DefaultSqlSession@32fd74ea] was not registered for synchronization because synchronization is not active
2026-02-09 13:08:02.752 [http-nio-8081-exec-5] DEBUG o.s.jdbc.datasource.DataSourceUtils - Fetching JDBC Connection from DataSource
2026-02-09 13:08:02.752 [http-nio-8081-exec-5] DEBUG o.m.s.t.SpringManagedTransaction - JDBC Connection [HikariProxyConnection@315289028 wrapping oracle.jdbc.driver.T4CConnection@21b81650] will not be managed by Spring
2026-02-09 13:08:02.752 [http-nio-8081-exec-5] DEBUG c.w.crm.mapper.ConsMapper.countTotal - ==>  Preparing: SELECT COUNT(*) FROM ( SELECT TBND01.CUST_CODE, TBND01.PROJECT_CODE, TBND01.PERSON_CODE, TBND01.CALL_CODE, TBND01.EMG_GUBN, TBND01.IN_DATE, TBND01.CS_TYPE, TBND01.PRC_GUBN, TBND01.BUY_GUBN, TBND01.CS_NOTE, TBND01.PRC_NOTE, TBND01.RECALL_CUST, TBND01_CUST.COMPLETION_CODE FROM TBND01 LEFT JOIN TBND01_CUST ON TBND01.CUST_CODE = TBND01_CUST.CUST_CODE AND TBND01.PROJECT_CODE = TBND01_CUST.PROJECT_CODE AND TBND01.PERSON_CODE = TBND01_CUST.PERSON_CODE AND TBND01.CALL_CODE = TBND01_CUST.CALL_CODE WHERE TBND01.CUST_CODE = ? AND ( TBND01.EMG_GUBN = '1' OR ( TO_CHAR(TBND01.IN_DATE, 'YYYYMMDD') BETWEEN ? AND ? AND TBND01.PRC_GUBN<>'4' ) ) AND TBND01.PRC_GUBN IN ('1', '2') ) subquery
2026-02-09 13:08:02.752 [http-nio-8081-exec-5] DEBUG c.w.crm.mapper.ConsMapper.countTotal - ==> Parameters: P000000220(String), 20260209(String), 20260209(String)
2026-02-09 13:08:02.760 [http-nio-8081-exec-5] DEBUG c.w.crm.mapper.ConsMapper.countTotal - <==      Total: 1
2026-02-09 13:08:02.760 [http-nio-8081-exec-5] DEBUG org.mybatis.spring.SqlSessionUtils - Closing non transactional SqlSession [org.apache.ibatis.session.defaults.DefaultSqlSession@32fd74ea]
2026-02-09 13:08:03.960 [http-nio-8081-exec-6] DEBUG org.mybatis.spring.SqlSessionUtils - Creating a new SqlSession
2026-02-09 13:08:03.960 [http-nio-8081-exec-9] DEBUG org.mybatis.spring.SqlSessionUtils - Creating a new SqlSession
2026-02-09 13:08:03.960 [http-nio-8081-exec-6] DEBUG org.mybatis.spring.SqlSessionUtils - SqlSession [org.apache.ibatis.session.defaults.DefaultSqlSession@2f1ff2d3] was not registered for synchronization because synchronization is not active
2026-02-09 13:08:03.960 [http-nio-8081-exec-9] DEBUG org.mybatis.spring.SqlSessionUtils - SqlSession [org.apache.ibatis.session.defaults.DefaultSqlSession@4fb695bf] was not registered for synchronization because synchronization is not active
2026-02-09 13:08:03.961 [http-nio-8081-exec-9] DEBUG o.s.jdbc.datasource.DataSourceUtils - Fetching JDBC Connection from DataSource
2026-02-09 13:08:03.961 [http-nio-8081-exec-6] DEBUG o.s.jdbc.datasource.DataSourceUtils - Fetching JDBC Connection from DataSource
2026-02-09 13:08:03.966 [http-nio-8081-exec-9] DEBUG o.m.s.t.SpringManagedTransaction - JDBC Connection [HikariProxyConnection@991845020 wrapping oracle.jdbc.driver.T4CConnection@325a9381] will not be managed by Spring
2026-02-09 13:08:03.966 [http-nio-8081-exec-6] DEBUG o.m.s.t.SpringManagedTransaction - JDBC Connection [HikariProxyConnection@455542379 wrapping oracle.jdbc.driver.T4CConnection@75f1ccd2] will not be managed by Spring
2026-02-09 13:08:03.966 [http-nio-8081-exec-9] DEBUG c.w.c.m.C.getConsultationStats - ==>  Preparing: SELECT COUNT(*) as totalCount, SUM(CASE WHEN EMG_GUBN = '1' THEN 1 ELSE 0 END) as urgentCount, SUM(CASE WHEN PRC_GUBN IN ('1', '2') THEN 1 ELSE 0 END) as completedCount, SUM(CASE WHEN MEMO_COUNT > 0 THEN 1 ELSE 0 END) as hasCommentCount FROM ( SELECT TBND01.EMG_GUBN, TBND01.PRC_GUBN, ( SELECT COUNT(*) FROM TBND01_MEMO WHERE CUST_CODE = TBND01.CUST_CODE AND PROJECT_CODE = TBND01.PROJECT_CODE AND PERSON_CODE = TBND01.PERSON_CODE AND CALL_CODE = TBND01.CALL_CODE ) as MEMO_COUNT FROM TBND01 WHERE TBND01.CUST_CODE = ? AND ( TBND01.EMG_GUBN = '1' OR ( TO_CHAR(TBND01.IN_DATE, 'YYYYMMDD') BETWEEN ? AND ? AND TBND01.PRC_GUBN<>'4' ) ) )
2026-02-09 13:08:03.966 [http-nio-8081-exec-6] DEBUG c.w.crm.mapper.ConsMapper.selectList - ==>  Preparing: WITH filtered_consultations AS ( SELECT TBND01.CUST_CODE, TBND01.PROJECT_CODE, TBND01.PERSON_CODE, TBND01.CALL_CODE, TBND01.EMPNO, TBND01.INCALL_NO, TBND01.OUTCALL_NO, TBND01.RING_TIME, TBND01.RING_ID, TBND01.CHANNEL_TIME, TBND01.CHANNEL_ID, TBND01.OUT_TIME, TBND01.OUT_ID, TBND01.CS_TYPE, TBND01.CS_NOTE, TBND01.CS_DATE, TBND01.CS_BANK, TBND01.CS_NAME, TBND01.CS_CASH, TBND01.PRC_GUBN, TBND01.PRC_NOTE, TBND01.EMG_GUBN, TBND01.RECALL_EMP, TBND01.RECALL_CUST, TBND01.SAUP_GUBN, TBND01.DEL_GUBN, TBND01.IN_DATE, TBND01.IN_EMPNO, TBND01.UP_DATE, TBND01.UP_EMPNO, TBND01.BUY_GUBN, TBND01.NEW_CS_TYPE, TBND01.NEW_CS_SUB_TYPE, TBND01.BUY_TYPE, TBND01_CUST.COMPLETION_CODE, CASE WHEN TBND01.EMG_GUBN = '1' THEN 1 ELSE 2 END AS priority FROM TBND01 LEFT JOIN TBND01_CUST ON TBND01.CUST_CODE = TBND01_CUST.CUST_CODE AND TBND01.PROJECT_CODE = TBND01_CUST.PROJECT_CODE AND TBND01.PERSON_CODE = TBND01_CUST.PERSON_CODE AND TBND01.CALL_CODE = TBND01_CUST.CALL_CODE WHERE TBND01.CUST_CODE = ? AND ( TBND01.EMG_GUBN = '1' OR ( TO_CHAR(TBND01.IN_DATE, 'YYYYMMDD') BETWEEN ? AND ? AND TBND01.PRC_GUBN<>'4' ) ) AND EXISTS ( SELECT 1 FROM TBND01_MEMO WHERE TBND01_MEMO.CUST_CODE = TBND01.CUST_CODE AND TBND01_MEMO.PROJECT_CODE = TBND01.PROJECT_CODE AND TBND01_MEMO.PERSON_CODE = TBND01.PERSON_CODE AND TBND01_MEMO.CALL_CODE = TBND01.CALL_CODE ) ), ranked_consultations AS ( SELECT fc.*, ROW_NUMBER() OVER (ORDER BY priority, IN_DATE DESC) AS rnum FROM filtered_consultations fc ) SELECT rc.CUST_CODE as custCode, rc.PROJECT_CODE as projectCode, ( SELECT PROJECT_NAME FROM TPRJ01 WHERE PROJECT_CODE = rc.PROJECT_CODE AND CUST_CODE = ? ) as projectName, rc.PERSON_CODE as personCode, rc.CALL_CODE as callCode, NVL( ( SELECT PERSON_NAME FROM TPER01 WHERE PERSON_CODE = rc.PERSON_CODE AND CUST_CODE = ? ), ' ' ) as empNo, ( SELECT TEL_NO FROM TPER01 WHERE PERSON_CODE = rc.PERSON_CODE AND CUST_CODE = ? ) as custTell, rc.INCALL_NO as incallNo, rc.OUTCALL_NO as outcallNo, rc.RING_TIME as ringTime, rc.RING_ID as ringId, rc.CHANNEL_TIME as channelTime, rc.CHANNEL_ID as channelId, rc.OUT_TIME as outTime, rc.OUT_ID as outId, ( SELECT ADM_SNAME FROM TSYS01 WHERE ADM_GUBN = '4002' AND ADM_CODE = rc.CS_TYPE ) as csType, CASE WHEN INSTR(rc.CS_NOTE, CHR(30)) > 0 THEN CASE WHEN LENGTH(SUBSTR(rc.CS_NOTE, 1, INSTR(rc.CS_NOTE, CHR(30)) - 1)) > 30 THEN SUBSTR(SUBSTR(rc.CS_NOTE, 1, INSTR(rc.CS_NOTE, CHR(30)) - 1), 1, 30) || '...' ELSE SUBSTR(rc.CS_NOTE, 1, INSTR(rc.CS_NOTE, CHR(30)) - 1) END ELSE CASE WHEN LENGTH(rc.CS_NOTE) > 30 THEN SUBSTR(rc.CS_NOTE, 1, 30) || '...' ELSE rc.CS_NOTE END END as csNote, rc.CS_DATE as csDate, rc.CS_BANK as csBank, rc.CS_NAME as csName, rc.CS_CASH as csCash, ( SELECT ADM_SNAME FROM TSYS01 WHERE ADM_GUBN = '4003' AND ADM_CODE = rc.PRC_GUBN ) as prcGubn, rc.PRC_NOTE as prcNote, rc.EMG_GUBN as emgGubn, rc.RECALL_EMP as recallEmp, rc.RECALL_CUST as recallCust, rc.SAUP_GUBN as saupGubn, rc.DEL_GUBN as delGubn, TO_CHAR(rc.IN_DATE, 'YYYYMMDD') as inDate, TO_CHAR(rc.IN_DATE, 'HH24:MI:SS') as inTime, rc.IN_EMPNO as inEmpno, rc.UP_DATE as up_Date, rc.UP_EMPNO as upEmpno, ( SELECT ADM_SNAME FROM TSYS01 WHERE ADM_GUBN = '5000' AND ADM_CODE = rc.BUY_GUBN ) as buyGubn, rc.NEW_CS_TYPE as newCsType, rc.NEW_CS_SUB_TYPE as newCsSubType, rc.BUY_TYPE as buyType, rc.COMPLETION_CODE as completionCode, ( SELECT COUNT(*) FROM TBND01_MEMO WHERE CUST_CODE = rc.CUST_CODE AND PROJECT_CODE = rc.PROJECT_CODE AND PERSON_CODE = rc.PERSON_CODE AND CALL_CODE = rc.CALL_CODE ) as COUNTRE FROM ranked_consultations rc WHERE rc.rnum BETWEEN ? AND ? ORDER BY rc.priority, rc.IN_DATE DESC
2026-02-09 13:08:03.966 [http-nio-8081-exec-9] DEBUG c.w.c.m.C.getConsultationStats - ==> Parameters: P000000220(String), 20260209(String), 20260209(String)
2026-02-09 13:08:03.966 [http-nio-8081-exec-6] DEBUG c.w.crm.mapper.ConsMapper.selectList - ==> Parameters: P000000220(String), 20260209(String), 20260209(String), P000000220(String), P000000220(String), P000000220(String), 1(Integer), 15(Integer)
2026-02-09 13:08:03.970 [http-nio-8081-exec-9] DEBUG c.w.c.m.C.getConsultationStats - <==      Total: 1
2026-02-09 13:08:03.971 [http-nio-8081-exec-9] DEBUG org.mybatis.spring.SqlSessionUtils - Closing non transactional SqlSession [org.apache.ibatis.session.defaults.DefaultSqlSession@4fb695bf]
2026-02-09 13:08:03.993 [http-nio-8081-exec-6] WARN  o.a.i.s.AutoMappingUnknownColumnBehavior - Unknown column is detected on 'com.wio.crm.mapper.ConsMapper.selectList' auto-mapping. Mapping parameters are [columnName=UP_DATE,propertyName=UP_DATE,propertyType=null]
2026-02-09 13:08:03.993 [http-nio-8081-exec-6] DEBUG c.w.crm.mapper.ConsMapper.selectList - <==      Total: 3
2026-02-09 13:08:03.994 [http-nio-8081-exec-6] DEBUG org.mybatis.spring.SqlSessionUtils - Closing non transactional SqlSession [org.apache.ibatis.session.defaults.DefaultSqlSession@2f1ff2d3]
2026-02-09 13:08:03.994 [http-nio-8081-exec-6] DEBUG org.mybatis.spring.SqlSessionUtils - Creating a new SqlSession
2026-02-09 13:08:03.994 [http-nio-8081-exec-6] DEBUG org.mybatis.spring.SqlSessionUtils - SqlSession [org.apache.ibatis.session.defaults.DefaultSqlSession@2eacbfb9] was not registered for synchronization because synchronization is not active
2026-02-09 13:08:03.994 [http-nio-8081-exec-6] DEBUG o.s.jdbc.datasource.DataSourceUtils - Fetching JDBC Connection from DataSource
2026-02-09 13:08:03.994 [http-nio-8081-exec-6] DEBUG o.m.s.t.SpringManagedTransaction - JDBC Connection [HikariProxyConnection@385820742 wrapping oracle.jdbc.driver.T4CConnection@75f1ccd2] will not be managed by Spring
2026-02-09 13:08:03.994 [http-nio-8081-exec-6] DEBUG c.w.crm.mapper.ConsMapper.countTotal - ==>  Preparing: SELECT COUNT(*) FROM ( SELECT TBND01.CUST_CODE, TBND01.PROJECT_CODE, TBND01.PERSON_CODE, TBND01.CALL_CODE, TBND01.EMG_GUBN, TBND01.IN_DATE, TBND01.CS_TYPE, TBND01.PRC_GUBN, TBND01.BUY_GUBN, TBND01.CS_NOTE, TBND01.PRC_NOTE, TBND01.RECALL_CUST, TBND01_CUST.COMPLETION_CODE FROM TBND01 LEFT JOIN TBND01_CUST ON TBND01.CUST_CODE = TBND01_CUST.CUST_CODE AND TBND01.PROJECT_CODE = TBND01_CUST.PROJECT_CODE AND TBND01.PERSON_CODE = TBND01_CUST.PERSON_CODE AND TBND01.CALL_CODE = TBND01_CUST.CALL_CODE WHERE TBND01.CUST_CODE = ? AND ( TBND01.EMG_GUBN = '1' OR ( TO_CHAR(TBND01.IN_DATE, 'YYYYMMDD') BETWEEN ? AND ? AND TBND01.PRC_GUBN<>'4' ) ) AND EXISTS ( SELECT 1 FROM TBND01_MEMO WHERE TBND01_MEMO.CUST_CODE = TBND01.CUST_CODE AND TBND01_MEMO.PROJECT_CODE = TBND01.PROJECT_CODE AND TBND01_MEMO.PERSON_CODE = TBND01.PERSON_CODE AND TBND01_MEMO.CALL_CODE = TBND01.CALL_CODE ) ) subquery
2026-02-09 13:08:03.994 [http-nio-8081-exec-6] DEBUG c.w.crm.mapper.ConsMapper.countTotal - ==> Parameters: P000000220(String), 20260209(String), 20260209(String)
2026-02-09 13:08:04.014 [http-nio-8081-exec-6] DEBUG c.w.crm.mapper.ConsMapper.countTotal - <==      Total: 1
2026-02-09 13:08:04.014 [http-nio-8081-exec-6] DEBUG org.mybatis.spring.SqlSessionUtils - Closing non transactional SqlSession [org.apache.ibatis.session.defaults.DefaultSqlSession@2eacbfb9]
2026-02-09 13:08:04.306 [http-nio-8081-exec-3] DEBUG org.mybatis.spring.SqlSessionUtils - Creating a new SqlSession
2026-02-09 13:08:04.306 [http-nio-8081-exec-2] DEBUG org.mybatis.spring.SqlSessionUtils - Creating a new SqlSession
2026-02-09 13:08:04.306 [http-nio-8081-exec-3] DEBUG org.mybatis.spring.SqlSessionUtils - SqlSession [org.apache.ibatis.session.defaults.DefaultSqlSession@15452476] was not registered for synchronization because synchronization is not active
2026-02-09 13:08:04.306 [http-nio-8081-exec-2] DEBUG org.mybatis.spring.SqlSessionUtils - SqlSession [org.apache.ibatis.session.defaults.DefaultSqlSession@3c4aee8c] was not registered for synchronization because synchronization is not active
2026-02-09 13:08:04.306 [http-nio-8081-exec-2] DEBUG o.s.jdbc.datasource.DataSourceUtils - Fetching JDBC Connection from DataSource
2026-02-09 13:08:04.306 [http-nio-8081-exec-3] DEBUG o.s.jdbc.datasource.DataSourceUtils - Fetching JDBC Connection from DataSource
2026-02-09 13:08:04.306 [http-nio-8081-exec-2] DEBUG o.m.s.t.SpringManagedTransaction - JDBC Connection [HikariProxyConnection@1128898073 wrapping oracle.jdbc.driver.T4CConnection@75f1ccd2] will not be managed by Spring
2026-02-09 13:08:04.306 [http-nio-8081-exec-3] DEBUG o.m.s.t.SpringManagedTransaction - JDBC Connection [HikariProxyConnection@1298126551 wrapping oracle.jdbc.driver.T4CConnection@475a25a7] will not be managed by Spring
2026-02-09 13:08:04.306 [http-nio-8081-exec-2] DEBUG c.w.c.m.C.getConsultationStats - ==>  Preparing: SELECT COUNT(*) as totalCount, SUM(CASE WHEN EMG_GUBN = '1' THEN 1 ELSE 0 END) as urgentCount, SUM(CASE WHEN PRC_GUBN IN ('1', '2') THEN 1 ELSE 0 END) as completedCount, SUM(CASE WHEN MEMO_COUNT > 0 THEN 1 ELSE 0 END) as hasCommentCount FROM ( SELECT TBND01.EMG_GUBN, TBND01.PRC_GUBN, ( SELECT COUNT(*) FROM TBND01_MEMO WHERE CUST_CODE = TBND01.CUST_CODE AND PROJECT_CODE = TBND01.PROJECT_CODE AND PERSON_CODE = TBND01.PERSON_CODE AND CALL_CODE = TBND01.CALL_CODE ) as MEMO_COUNT FROM TBND01 WHERE TBND01.CUST_CODE = ? AND ( TBND01.EMG_GUBN = '1' OR ( TO_CHAR(TBND01.IN_DATE, 'YYYYMMDD') BETWEEN ? AND ? AND TBND01.PRC_GUBN<>'4' ) ) )
2026-02-09 13:08:04.306 [http-nio-8081-exec-3] DEBUG c.w.crm.mapper.ConsMapper.selectList - ==>  Preparing: WITH filtered_consultations AS ( SELECT TBND01.CUST_CODE, TBND01.PROJECT_CODE, TBND01.PERSON_CODE, TBND01.CALL_CODE, TBND01.EMPNO, TBND01.INCALL_NO, TBND01.OUTCALL_NO, TBND01.RING_TIME, TBND01.RING_ID, TBND01.CHANNEL_TIME, TBND01.CHANNEL_ID, TBND01.OUT_TIME, TBND01.OUT_ID, TBND01.CS_TYPE, TBND01.CS_NOTE, TBND01.CS_DATE, TBND01.CS_BANK, TBND01.CS_NAME, TBND01.CS_CASH, TBND01.PRC_GUBN, TBND01.PRC_NOTE, TBND01.EMG_GUBN, TBND01.RECALL_EMP, TBND01.RECALL_CUST, TBND01.SAUP_GUBN, TBND01.DEL_GUBN, TBND01.IN_DATE, TBND01.IN_EMPNO, TBND01.UP_DATE, TBND01.UP_EMPNO, TBND01.BUY_GUBN, TBND01.NEW_CS_TYPE, TBND01.NEW_CS_SUB_TYPE, TBND01.BUY_TYPE, TBND01_CUST.COMPLETION_CODE, CASE WHEN TBND01.EMG_GUBN = '1' THEN 1 ELSE 2 END AS priority FROM TBND01 LEFT JOIN TBND01_CUST ON TBND01.CUST_CODE = TBND01_CUST.CUST_CODE AND TBND01.PROJECT_CODE = TBND01_CUST.PROJECT_CODE AND TBND01.PERSON_CODE = TBND01_CUST.PERSON_CODE AND TBND01.CALL_CODE = TBND01_CUST.CALL_CODE WHERE TBND01.CUST_CODE = ? AND ( TBND01.EMG_GUBN = '1' OR ( TO_CHAR(TBND01.IN_DATE, 'YYYYMMDD') BETWEEN ? AND ? AND TBND01.PRC_GUBN<>'4' ) ) ), ranked_consultations AS ( SELECT fc.*, ROW_NUMBER() OVER (ORDER BY priority, IN_DATE DESC) AS rnum FROM filtered_consultations fc ) SELECT rc.CUST_CODE as custCode, rc.PROJECT_CODE as projectCode, ( SELECT PROJECT_NAME FROM TPRJ01 WHERE PROJECT_CODE = rc.PROJECT_CODE AND CUST_CODE = ? ) as projectName, rc.PERSON_CODE as personCode, rc.CALL_CODE as callCode, NVL( ( SELECT PERSON_NAME FROM TPER01 WHERE PERSON_CODE = rc.PERSON_CODE AND CUST_CODE = ? ), ' ' ) as empNo, ( SELECT TEL_NO FROM TPER01 WHERE PERSON_CODE = rc.PERSON_CODE AND CUST_CODE = ? ) as custTell, rc.INCALL_NO as incallNo, rc.OUTCALL_NO as outcallNo, rc.RING_TIME as ringTime, rc.RING_ID as ringId, rc.CHANNEL_TIME as channelTime, rc.CHANNEL_ID as channelId, rc.OUT_TIME as outTime, rc.OUT_ID as outId, ( SELECT ADM_SNAME FROM TSYS01 WHERE ADM_GUBN = '4002' AND ADM_CODE = rc.CS_TYPE ) as csType, CASE WHEN INSTR(rc.CS_NOTE, CHR(30)) > 0 THEN CASE WHEN LENGTH(SUBSTR(rc.CS_NOTE, 1, INSTR(rc.CS_NOTE, CHR(30)) - 1)) > 30 THEN SUBSTR(SUBSTR(rc.CS_NOTE, 1, INSTR(rc.CS_NOTE, CHR(30)) - 1), 1, 30) || '...' ELSE SUBSTR(rc.CS_NOTE, 1, INSTR(rc.CS_NOTE, CHR(30)) - 1) END ELSE CASE WHEN LENGTH(rc.CS_NOTE) > 30 THEN SUBSTR(rc.CS_NOTE, 1, 30) || '...' ELSE rc.CS_NOTE END END as csNote, rc.CS_DATE as csDate, rc.CS_BANK as csBank, rc.CS_NAME as csName, rc.CS_CASH as csCash, ( SELECT ADM_SNAME FROM TSYS01 WHERE ADM_GUBN = '4003' AND ADM_CODE = rc.PRC_GUBN ) as prcGubn, rc.PRC_NOTE as prcNote, rc.EMG_GUBN as emgGubn, rc.RECALL_EMP as recallEmp, rc.RECALL_CUST as recallCust, rc.SAUP_GUBN as saupGubn, rc.DEL_GUBN as delGubn, TO_CHAR(rc.IN_DATE, 'YYYYMMDD') as inDate, TO_CHAR(rc.IN_DATE, 'HH24:MI:SS') as inTime, rc.IN_EMPNO as inEmpno, rc.UP_DATE as up_Date, rc.UP_EMPNO as upEmpno, ( SELECT ADM_SNAME FROM TSYS01 WHERE ADM_GUBN = '5000' AND ADM_CODE = rc.BUY_GUBN ) as buyGubn, rc.NEW_CS_TYPE as newCsType, rc.NEW_CS_SUB_TYPE as newCsSubType, rc.BUY_TYPE as buyType, rc.COMPLETION_CODE as completionCode, ( SELECT COUNT(*) FROM TBND01_MEMO WHERE CUST_CODE = rc.CUST_CODE AND PROJECT_CODE = rc.PROJECT_CODE AND PERSON_CODE = rc.PERSON_CODE AND CALL_CODE = rc.CALL_CODE ) as COUNTRE FROM ranked_consultations rc WHERE rc.rnum BETWEEN ? AND ? ORDER BY rc.priority, rc.IN_DATE DESC
2026-02-09 13:08:04.306 [http-nio-8081-exec-3] DEBUG c.w.crm.mapper.ConsMapper.selectList - ==> Parameters: P000000220(String), 20260209(String), 20260209(String), P000000220(String), P000000220(String), P000000220(String), 1(Integer), 15(Integer)
2026-02-09 13:08:04.306 [http-nio-8081-exec-2] DEBUG c.w.c.m.C.getConsultationStats - ==> Parameters: P000000220(String), 20260209(String), 20260209(String)
2026-02-09 13:08:04.312 [http-nio-8081-exec-2] DEBUG c.w.c.m.C.getConsultationStats - <==      Total: 1
2026-02-09 13:08:04.312 [http-nio-8081-exec-2] DEBUG org.mybatis.spring.SqlSessionUtils - Closing non transactional SqlSession [org.apache.ibatis.session.defaults.DefaultSqlSession@3c4aee8c]
2026-02-09 13:08:04.336 [http-nio-8081-exec-3] WARN  o.a.i.s.AutoMappingUnknownColumnBehavior - Unknown column is detected on 'com.wio.crm.mapper.ConsMapper.selectList' auto-mapping. Mapping parameters are [columnName=UP_DATE,propertyName=UP_DATE,propertyType=null]
2026-02-09 13:08:04.336 [http-nio-8081-exec-3] DEBUG c.w.crm.mapper.ConsMapper.selectList - <==      Total: 6
2026-02-09 13:08:04.337 [http-nio-8081-exec-3] DEBUG org.mybatis.spring.SqlSessionUtils - Closing non transactional SqlSession [org.apache.ibatis.session.defaults.DefaultSqlSession@15452476]
2026-02-09 13:08:04.337 [http-nio-8081-exec-3] DEBUG org.mybatis.spring.SqlSessionUtils - Creating a new SqlSession
2026-02-09 13:08:04.337 [http-nio-8081-exec-3] DEBUG org.mybatis.spring.SqlSessionUtils - SqlSession [org.apache.ibatis.session.defaults.DefaultSqlSession@67ec03] was not registered for synchronization because synchronization is not active
2026-02-09 13:08:04.337 [http-nio-8081-exec-3] DEBUG o.s.jdbc.datasource.DataSourceUtils - Fetching JDBC Connection from DataSource
2026-02-09 13:08:04.337 [http-nio-8081-exec-3] DEBUG o.m.s.t.SpringManagedTransaction - JDBC Connection [HikariProxyConnection@1893737904 wrapping oracle.jdbc.driver.T4CConnection@475a25a7] will not be managed by Spring
2026-02-09 13:08:04.337 [http-nio-8081-exec-3] DEBUG c.w.crm.mapper.ConsMapper.countTotal - ==>  Preparing: SELECT COUNT(*) FROM ( SELECT TBND01.CUST_CODE, TBND01.PROJECT_CODE, TBND01.PERSON_CODE, TBND01.CALL_CODE, TBND01.EMG_GUBN, TBND01.IN_DATE, TBND01.CS_TYPE, TBND01.PRC_GUBN, TBND01.BUY_GUBN, TBND01.CS_NOTE, TBND01.PRC_NOTE, TBND01.RECALL_CUST, TBND01_CUST.COMPLETION_CODE FROM TBND01 LEFT JOIN TBND01_CUST ON TBND01.CUST_CODE = TBND01_CUST.CUST_CODE AND TBND01.PROJECT_CODE = TBND01_CUST.PROJECT_CODE AND TBND01.PERSON_CODE = TBND01_CUST.PERSON_CODE AND TBND01.CALL_CODE = TBND01_CUST.CALL_CODE WHERE TBND01.CUST_CODE = ? AND ( TBND01.EMG_GUBN = '1' OR ( TO_CHAR(TBND01.IN_DATE, 'YYYYMMDD') BETWEEN ? AND ? AND TBND01.PRC_GUBN<>'4' ) ) ) subquery
2026-02-09 13:08:04.337 [http-nio-8081-exec-3] DEBUG c.w.crm.mapper.ConsMapper.countTotal - ==> Parameters: P000000220(String), 20260209(String), 20260209(String)
2026-02-09 13:08:04.357 [http-nio-8081-exec-3] DEBUG c.w.crm.mapper.ConsMapper.countTotal - <==      Total: 1
2026-02-09 13:08:04.357 [http-nio-8081-exec-3] DEBUG org.mybatis.spring.SqlSessionUtils - Closing non transactional SqlSession [org.apache.ibatis.session.defaults.DefaultSqlSession@67ec03]
2026-02-09 13:21:07.555 [http-nio-8081-exec-2] DEBUG org.mybatis.spring.SqlSessionUtils - Creating a new SqlSession
2026-02-09 13:21:07.555 [http-nio-8081-exec-2] DEBUG org.mybatis.spring.SqlSessionUtils - SqlSession [org.apache.ibatis.session.defaults.DefaultSqlSession@2e36cf4c] was not registered for synchronization because synchronization is not active
2026-02-09 13:21:07.555 [http-nio-8081-exec-2] DEBUG o.s.jdbc.datasource.DataSourceUtils - Fetching JDBC Connection from DataSource
2026-02-09 13:21:07.561 [http-nio-8081-exec-2] DEBUG o.m.s.t.SpringManagedTransaction - JDBC Connection [HikariProxyConnection@1417775146 wrapping oracle.jdbc.driver.T4CConnection@36b54603] will not be managed by Spring
2026-02-09 13:21:07.561 [http-nio-8081-exec-2] DEBUG c.w.c.m.A.findByAdmGubn - ==>  Preparing: SELECT adm_code as admCode,adm_gubn as admGubn ,adm_sname as admSname FROM TSYS01 WHERE ADM_GUBN = ?
2026-02-09 13:21:07.561 [http-nio-8081-exec-2] DEBUG c.w.c.m.A.findByAdmGubn - ==> Parameters: 4003(String)
2026-02-09 13:21:07.567 [http-nio-8081-exec-2] DEBUG c.w.c.m.A.findByAdmGubn - <==      Total: 8
2026-02-09 13:21:07.567 [http-nio-8081-exec-2] DEBUG org.mybatis.spring.SqlSessionUtils - Closing non transactional SqlSession [org.apache.ibatis.session.defaults.DefaultSqlSession@2e36cf4c]
2026-02-09 13:21:07.567 [http-nio-8081-exec-2] DEBUG org.mybatis.spring.SqlSessionUtils - Creating a new SqlSession
2026-02-09 13:21:07.567 [http-nio-8081-exec-2] DEBUG org.mybatis.spring.SqlSessionUtils - SqlSession [org.apache.ibatis.session.defaults.DefaultSqlSession@2c2b0c94] was not registered for synchronization because synchronization is not active
2026-02-09 13:21:07.567 [http-nio-8081-exec-2] DEBUG o.s.jdbc.datasource.DataSourceUtils - Fetching JDBC Connection from DataSource
2026-02-09 13:21:07.567 [http-nio-8081-exec-2] DEBUG o.m.s.t.SpringManagedTransaction - JDBC Connection [HikariProxyConnection@627422595 wrapping oracle.jdbc.driver.T4CConnection@36b54603] will not be managed by Spring
2026-02-09 13:21:07.567 [http-nio-8081-exec-2] DEBUG c.w.c.m.A.findByAdmGubn - ==>  Preparing: SELECT adm_code as admCode,adm_gubn as admGubn ,adm_sname as admSname FROM TSYS01 WHERE ADM_GUBN = ?
2026-02-09 13:21:07.567 [http-nio-8081-exec-2] DEBUG c.w.c.m.A.findByAdmGubn - ==> Parameters: 5000(String)
2026-02-09 13:21:07.589 [http-nio-8081-exec-2] DEBUG c.w.c.m.A.findByAdmGubn - <==      Total: 49
2026-02-09 13:21:07.590 [http-nio-8081-exec-2] DEBUG org.mybatis.spring.SqlSessionUtils - Closing non transactional SqlSession [org.apache.ibatis.session.defaults.DefaultSqlSession@2c2b0c94]
2026-02-09 13:21:07.590 [http-nio-8081-exec-2] DEBUG org.mybatis.spring.SqlSessionUtils - Creating a new SqlSession
2026-02-09 13:21:07.590 [http-nio-8081-exec-2] DEBUG org.mybatis.spring.SqlSessionUtils - SqlSession [org.apache.ibatis.session.defaults.DefaultSqlSession@66871719] was not registered for synchronization because synchronization is not active
2026-02-09 13:21:07.590 [http-nio-8081-exec-2] DEBUG o.s.jdbc.datasource.DataSourceUtils - Fetching JDBC Connection from DataSource
2026-02-09 13:21:07.590 [http-nio-8081-exec-2] DEBUG o.m.s.t.SpringManagedTransaction - JDBC Connection [HikariProxyConnection@1004180859 wrapping oracle.jdbc.driver.T4CConnection@36b54603] will not be managed by Spring
2026-02-09 13:21:07.590 [http-nio-8081-exec-2] DEBUG c.w.c.m.A.findByAdmGubn - ==>  Preparing: SELECT adm_code as admCode,adm_gubn as admGubn ,adm_sname as admSname FROM TSYS01 WHERE ADM_GUBN = ?
2026-02-09 13:21:07.590 [http-nio-8081-exec-2] DEBUG c.w.c.m.A.findByAdmGubn - ==> Parameters: 4002(String)
2026-02-09 13:21:07.599 [http-nio-8081-exec-2] DEBUG c.w.c.m.A.findByAdmGubn - <==      Total: 17
2026-02-09 13:21:07.599 [http-nio-8081-exec-2] DEBUG org.mybatis.spring.SqlSessionUtils - Closing non transactional SqlSession [org.apache.ibatis.session.defaults.DefaultSqlSession@66871719]
2026-02-09 13:21:07.599 [http-nio-8081-exec-2] DEBUG org.mybatis.spring.SqlSessionUtils - Creating a new SqlSession
2026-02-09 13:21:07.599 [http-nio-8081-exec-2] DEBUG org.mybatis.spring.SqlSessionUtils - SqlSession [org.apache.ibatis.session.defaults.DefaultSqlSession@21b62ca7] was not registered for synchronization because synchronization is not active
2026-02-09 13:21:07.600 [http-nio-8081-exec-2] DEBUG o.s.jdbc.datasource.DataSourceUtils - Fetching JDBC Connection from DataSource
2026-02-09 13:21:07.600 [http-nio-8081-exec-2] DEBUG o.m.s.t.SpringManagedTransaction - JDBC Connection [HikariProxyConnection@1121863202 wrapping oracle.jdbc.driver.T4CConnection@36b54603] will not be managed by Spring
2026-02-09 13:21:07.600 [http-nio-8081-exec-2] DEBUG c.w.c.m.A.findByAdmGubn - ==>  Preparing: SELECT adm_code as admCode,adm_gubn as admGubn ,adm_sname as admSname FROM TSYS01 WHERE ADM_GUBN = ?
2026-02-09 13:21:07.600 [http-nio-8081-exec-2] DEBUG c.w.c.m.A.findByAdmGubn - ==> Parameters: 9500(String)
2026-02-09 13:21:07.604 [http-nio-8081-exec-2] DEBUG c.w.c.m.A.findByAdmGubn - <==      Total: 3
2026-02-09 13:21:07.604 [http-nio-8081-exec-2] DEBUG org.mybatis.spring.SqlSessionUtils - Closing non transactional SqlSession [org.apache.ibatis.session.defaults.DefaultSqlSession@21b62ca7]
2026-02-09 13:21:07.605 [http-nio-8081-exec-2] DEBUG com.wio.crm.service.BannerService - 사이드바 활성 배너 조회
2026-02-09 13:21:07.605 [http-nio-8081-exec-2] DEBUG org.mybatis.spring.SqlSessionUtils - Creating a new SqlSession
2026-02-09 13:21:07.605 [http-nio-8081-exec-2] DEBUG org.mybatis.spring.SqlSessionUtils - SqlSession [org.apache.ibatis.session.defaults.DefaultSqlSession@33e4ccd1] was not registered for synchronization because synchronization is not active
2026-02-09 13:21:07.605 [http-nio-8081-exec-2] DEBUG o.s.jdbc.datasource.DataSourceUtils - Fetching JDBC Connection from DataSource
2026-02-09 13:21:07.605 [http-nio-8081-exec-2] DEBUG o.m.s.t.SpringManagedTransaction - JDBC Connection [HikariProxyConnection@218950796 wrapping oracle.jdbc.driver.T4CConnection@36b54603] will not be managed by Spring
2026-02-09 13:21:07.605 [http-nio-8081-exec-2] DEBUG c.w.c.m.B.findActiveBannersByPosition - ==>  Preparing: SELECT * FROM banner WHERE active = 1 AND position = ? AND (start_date IS NULL OR start_date <= SYSDATE) AND (end_date IS NULL OR end_date >= SYSDATE) ORDER BY display_order
2026-02-09 13:21:07.605 [http-nio-8081-exec-2] DEBUG c.w.c.m.B.findActiveBannersByPosition - ==> Parameters: sidebar(String)
2026-02-09 13:21:07.610 [http-nio-8081-exec-2] DEBUG c.w.c.m.B.findActiveBannersByPosition - <==      Total: 0
2026-02-09 13:21:07.610 [http-nio-8081-exec-2] DEBUG org.mybatis.spring.SqlSessionUtils - Closing non transactional SqlSession [org.apache.ibatis.session.defaults.DefaultSqlSession@33e4ccd1]
2026-02-09 13:21:07.610 [http-nio-8081-exec-2] DEBUG org.mybatis.spring.SqlSessionUtils - Creating a new SqlSession
2026-02-09 13:21:07.610 [http-nio-8081-exec-2] DEBUG org.mybatis.spring.SqlSessionUtils - SqlSession [org.apache.ibatis.session.defaults.DefaultSqlSession@5ba24563] was not registered for synchronization because synchronization is not active
2026-02-09 13:21:07.610 [http-nio-8081-exec-2] DEBUG o.s.jdbc.datasource.DataSourceUtils - Fetching JDBC Connection from DataSource
2026-02-09 13:21:07.610 [http-nio-8081-exec-2] DEBUG o.m.s.t.SpringManagedTransaction - JDBC Connection [HikariProxyConnection@57654816 wrapping oracle.jdbc.driver.T4CConnection@36b54603] will not be managed by Spring
2026-02-09 13:21:07.611 [http-nio-8081-exec-2] DEBUG c.w.c.m.Temp01Mapper.findByUserId - ==>  Preparing: SELECT * FROM N_TEMP01 WHERE userid = ?
2026-02-09 13:21:07.611 [http-nio-8081-exec-2] DEBUG c.w.c.m.Temp01Mapper.findByUserId - ==> Parameters: testadm(String)
2026-02-09 13:21:07.616 [http-nio-8081-exec-2] DEBUG c.w.c.m.Temp01Mapper.findByUserId - <==      Total: 0
2026-02-09 13:21:07.616 [http-nio-8081-exec-2] DEBUG org.mybatis.spring.SqlSessionUtils - Closing non transactional SqlSession [org.apache.ibatis.session.defaults.DefaultSqlSession@5ba24563]
2026-02-09 13:21:07.616 [http-nio-8081-exec-2] DEBUG c.wio.crm.config.BannerInterceptor - 사이드바 배너를 모델에 추가: /cons, 배너 관리 권한: false
2026-02-09 13:21:07.868 [http-nio-8081-exec-9] DEBUG org.mybatis.spring.SqlSessionUtils - Creating a new SqlSession
2026-02-09 13:21:07.869 [http-nio-8081-exec-9] DEBUG org.mybatis.spring.SqlSessionUtils - SqlSession [org.apache.ibatis.session.defaults.DefaultSqlSession@236ed27e] was not registered for synchronization because synchronization is not active
2026-02-09 13:21:07.869 [http-nio-8081-exec-9] DEBUG o.s.jdbc.datasource.DataSourceUtils - Fetching JDBC Connection from DataSource
2026-02-09 13:21:07.869 [http-nio-8081-exec-4] DEBUG org.mybatis.spring.SqlSessionUtils - Creating a new SqlSession
2026-02-09 13:21:07.869 [http-nio-8081-exec-4] DEBUG org.mybatis.spring.SqlSessionUtils - SqlSession [org.apache.ibatis.session.defaults.DefaultSqlSession@1ab35a4b] was not registered for synchronization because synchronization is not active
2026-02-09 13:21:07.869 [http-nio-8081-exec-4] DEBUG o.s.jdbc.datasource.DataSourceUtils - Fetching JDBC Connection from DataSource
2026-02-09 13:21:07.869 [http-nio-8081-exec-4] DEBUG o.m.s.t.SpringManagedTransaction - JDBC Connection [HikariProxyConnection@1714179426 wrapping oracle.jdbc.driver.T4CConnection@21b81650] will not be managed by Spring
2026-02-09 13:21:07.869 [http-nio-8081-exec-4] DEBUG c.w.crm.mapper.ConsMapper.selectList - ==>  Preparing: WITH filtered_consultations AS ( SELECT TBND01.CUST_CODE, TBND01.PROJECT_CODE, TBND01.PERSON_CODE, TBND01.CALL_CODE, TBND01.EMPNO, TBND01.INCALL_NO, TBND01.OUTCALL_NO, TBND01.RING_TIME, TBND01.RING_ID, TBND01.CHANNEL_TIME, TBND01.CHANNEL_ID, TBND01.OUT_TIME, TBND01.OUT_ID, TBND01.CS_TYPE, TBND01.CS_NOTE, TBND01.CS_DATE, TBND01.CS_BANK, TBND01.CS_NAME, TBND01.CS_CASH, TBND01.PRC_GUBN, TBND01.PRC_NOTE, TBND01.EMG_GUBN, TBND01.RECALL_EMP, TBND01.RECALL_CUST, TBND01.SAUP_GUBN, TBND01.DEL_GUBN, TBND01.IN_DATE, TBND01.IN_EMPNO, TBND01.UP_DATE, TBND01.UP_EMPNO, TBND01.BUY_GUBN, TBND01.NEW_CS_TYPE, TBND01.NEW_CS_SUB_TYPE, TBND01.BUY_TYPE, TBND01_CUST.COMPLETION_CODE, CASE WHEN TBND01.EMG_GUBN = '1' THEN 1 ELSE 2 END AS priority FROM TBND01 LEFT JOIN TBND01_CUST ON TBND01.CUST_CODE = TBND01_CUST.CUST_CODE AND TBND01.PROJECT_CODE = TBND01_CUST.PROJECT_CODE AND TBND01.PERSON_CODE = TBND01_CUST.PERSON_CODE AND TBND01.CALL_CODE = TBND01_CUST.CALL_CODE WHERE TBND01.CUST_CODE = ? AND ( TBND01.EMG_GUBN = '1' OR ( TO_CHAR(TBND01.IN_DATE, 'YYYYMMDD') BETWEEN ? AND ? AND TBND01.PRC_GUBN<>'4' ) ) ), ranked_consultations AS ( SELECT fc.*, ROW_NUMBER() OVER (ORDER BY priority, IN_DATE DESC) AS rnum FROM filtered_consultations fc ) SELECT rc.CUST_CODE as custCode, rc.PROJECT_CODE as projectCode, ( SELECT PROJECT_NAME FROM TPRJ01 WHERE PROJECT_CODE = rc.PROJECT_CODE AND CUST_CODE = ? ) as projectName, rc.PERSON_CODE as personCode, rc.CALL_CODE as callCode, NVL( ( SELECT PERSON_NAME FROM TPER01 WHERE PERSON_CODE = rc.PERSON_CODE AND CUST_CODE = ? ), ' ' ) as empNo, ( SELECT TEL_NO FROM TPER01 WHERE PERSON_CODE = rc.PERSON_CODE AND CUST_CODE = ? ) as custTell, rc.INCALL_NO as incallNo, rc.OUTCALL_NO as outcallNo, rc.RING_TIME as ringTime, rc.RING_ID as ringId, rc.CHANNEL_TIME as channelTime, rc.CHANNEL_ID as channelId, rc.OUT_TIME as outTime, rc.OUT_ID as outId, ( SELECT ADM_SNAME FROM TSYS01 WHERE ADM_GUBN = '4002' AND ADM_CODE = rc.CS_TYPE ) as csType, CASE WHEN INSTR(rc.CS_NOTE, CHR(30)) > 0 THEN CASE WHEN LENGTH(SUBSTR(rc.CS_NOTE, 1, INSTR(rc.CS_NOTE, CHR(30)) - 1)) > 30 THEN SUBSTR(SUBSTR(rc.CS_NOTE, 1, INSTR(rc.CS_NOTE, CHR(30)) - 1), 1, 30) || '...' ELSE SUBSTR(rc.CS_NOTE, 1, INSTR(rc.CS_NOTE, CHR(30)) - 1) END ELSE CASE WHEN LENGTH(rc.CS_NOTE) > 30 THEN SUBSTR(rc.CS_NOTE, 1, 30) || '...' ELSE rc.CS_NOTE END END as csNote, rc.CS_DATE as csDate, rc.CS_BANK as csBank, rc.CS_NAME as csName, rc.CS_CASH as csCash, ( SELECT ADM_SNAME FROM TSYS01 WHERE ADM_GUBN = '4003' AND ADM_CODE = rc.PRC_GUBN ) as prcGubn, rc.PRC_NOTE as prcNote, rc.EMG_GUBN as emgGubn, rc.RECALL_EMP as recallEmp, rc.RECALL_CUST as recallCust, rc.SAUP_GUBN as saupGubn, rc.DEL_GUBN as delGubn, TO_CHAR(rc.IN_DATE, 'YYYYMMDD') as inDate, TO_CHAR(rc.IN_DATE, 'HH24:MI:SS') as inTime, rc.IN_EMPNO as inEmpno, rc.UP_DATE as up_Date, rc.UP_EMPNO as upEmpno, ( SELECT ADM_SNAME FROM TSYS01 WHERE ADM_GUBN = '5000' AND ADM_CODE = rc.BUY_GUBN ) as buyGubn, rc.NEW_CS_TYPE as newCsType, rc.NEW_CS_SUB_TYPE as newCsSubType, rc.BUY_TYPE as buyType, rc.COMPLETION_CODE as completionCode, ( SELECT COUNT(*) FROM TBND01_MEMO WHERE CUST_CODE = rc.CUST_CODE AND PROJECT_CODE = rc.PROJECT_CODE AND PERSON_CODE = rc.PERSON_CODE AND CALL_CODE = rc.CALL_CODE ) as COUNTRE FROM ranked_consultations rc WHERE rc.rnum BETWEEN ? AND ? ORDER BY rc.priority, rc.IN_DATE DESC
2026-02-09 13:21:07.869 [http-nio-8081-exec-4] DEBUG c.w.crm.mapper.ConsMapper.selectList - ==> Parameters: P000000220(String), 20260209(String), 20260209(String), P000000220(String), P000000220(String), P000000220(String), 1(Integer), 15(Integer)
2026-02-09 13:21:07.875 [http-nio-8081-exec-9] DEBUG o.m.s.t.SpringManagedTransaction - JDBC Connection [HikariProxyConnection@364562627 wrapping oracle.jdbc.driver.T4CConnection@325a9381] will not be managed by Spring
2026-02-09 13:21:07.875 [http-nio-8081-exec-9] DEBUG c.w.c.m.C.getConsultationStats - ==>  Preparing: SELECT COUNT(*) as totalCount, SUM(CASE WHEN EMG_GUBN = '1' THEN 1 ELSE 0 END) as urgentCount, SUM(CASE WHEN PRC_GUBN IN ('1', '2') THEN 1 ELSE 0 END) as completedCount, SUM(CASE WHEN MEMO_COUNT > 0 THEN 1 ELSE 0 END) as hasCommentCount FROM ( SELECT TBND01.EMG_GUBN, TBND01.PRC_GUBN, ( SELECT COUNT(*) FROM TBND01_MEMO WHERE CUST_CODE = TBND01.CUST_CODE AND PROJECT_CODE = TBND01.PROJECT_CODE AND PERSON_CODE = TBND01.PERSON_CODE AND CALL_CODE = TBND01.CALL_CODE ) as MEMO_COUNT FROM TBND01 WHERE TBND01.CUST_CODE = ? AND ( TBND01.EMG_GUBN = '1' OR ( TO_CHAR(TBND01.IN_DATE, 'YYYYMMDD') BETWEEN ? AND ? AND TBND01.PRC_GUBN<>'4' ) ) )
2026-02-09 13:21:07.875 [http-nio-8081-exec-9] DEBUG c.w.c.m.C.getConsultationStats - ==> Parameters: P000000220(String), 20260209(String), 20260209(String)
2026-02-09 13:21:07.881 [http-nio-8081-exec-9] DEBUG c.w.c.m.C.getConsultationStats - <==      Total: 1
2026-02-09 13:21:07.881 [http-nio-8081-exec-9] DEBUG org.mybatis.spring.SqlSessionUtils - Closing non transactional SqlSession [org.apache.ibatis.session.defaults.DefaultSqlSession@236ed27e]
2026-02-09 13:21:07.882 [http-nio-8081-exec-4] WARN  o.a.i.s.AutoMappingUnknownColumnBehavior - Unknown column is detected on 'com.wio.crm.mapper.ConsMapper.selectList' auto-mapping. Mapping parameters are [columnName=UP_DATE,propertyName=UP_DATE,propertyType=null]
2026-02-09 13:21:07.883 [http-nio-8081-exec-4] DEBUG c.w.crm.mapper.ConsMapper.selectList - <==      Total: 8
2026-02-09 13:21:07.883 [http-nio-8081-exec-4] DEBUG org.mybatis.spring.SqlSessionUtils - Closing non transactional SqlSession [org.apache.ibatis.session.defaults.DefaultSqlSession@1ab35a4b]
2026-02-09 13:21:07.883 [http-nio-8081-exec-4] DEBUG org.mybatis.spring.SqlSessionUtils - Creating a new SqlSession
2026-02-09 13:21:07.883 [http-nio-8081-exec-4] DEBUG org.mybatis.spring.SqlSessionUtils - SqlSession [org.apache.ibatis.session.defaults.DefaultSqlSession@5fd92405] was not registered for synchronization because synchronization is not active
2026-02-09 13:21:07.883 [http-nio-8081-exec-4] DEBUG o.s.jdbc.datasource.DataSourceUtils - Fetching JDBC Connection from DataSource
2026-02-09 13:21:07.884 [http-nio-8081-exec-4] DEBUG o.m.s.t.SpringManagedTransaction - JDBC Connection [HikariProxyConnection@622722774 wrapping oracle.jdbc.driver.T4CConnection@21b81650] will not be managed by Spring
2026-02-09 13:21:07.884 [http-nio-8081-exec-4] DEBUG c.w.crm.mapper.ConsMapper.countTotal - ==>  Preparing: SELECT COUNT(*) FROM ( SELECT TBND01.CUST_CODE, TBND01.PROJECT_CODE, TBND01.PERSON_CODE, TBND01.CALL_CODE, TBND01.EMG_GUBN, TBND01.IN_DATE, TBND01.CS_TYPE, TBND01.PRC_GUBN, TBND01.BUY_GUBN, TBND01.CS_NOTE, TBND01.PRC_NOTE, TBND01.RECALL_CUST, TBND01_CUST.COMPLETION_CODE FROM TBND01 LEFT JOIN TBND01_CUST ON TBND01.CUST_CODE = TBND01_CUST.CUST_CODE AND TBND01.PROJECT_CODE = TBND01_CUST.PROJECT_CODE AND TBND01.PERSON_CODE = TBND01_CUST.PERSON_CODE AND TBND01.CALL_CODE = TBND01_CUST.CALL_CODE WHERE TBND01.CUST_CODE = ? AND ( TBND01.EMG_GUBN = '1' OR ( TO_CHAR(TBND01.IN_DATE, 'YYYYMMDD') BETWEEN ? AND ? AND TBND01.PRC_GUBN<>'4' ) ) ) subquery
2026-02-09 13:21:07.884 [http-nio-8081-exec-4] DEBUG c.w.crm.mapper.ConsMapper.countTotal - ==> Parameters: P000000220(String), 20260209(String), 20260209(String)
2026-02-09 13:21:07.893 [http-nio-8081-exec-4] DEBUG c.w.crm.mapper.ConsMapper.countTotal - <==      Total: 1
2026-02-09 13:21:07.893 [http-nio-8081-exec-4] DEBUG org.mybatis.spring.SqlSessionUtils - Closing non transactional SqlSession [org.apache.ibatis.session.defaults.DefaultSqlSession@5fd92405]
