2025-07-09 10:02:09.006 [restartedMain] INFO  com.wio.crm.CrmApplication - Starting CrmApplication using Java 21.0.1 with PID 11288 (C:\Users\twowin_1\IdeaProjects\wicrm\build\classes\java\main started by twowin_1 in C:\Users\twowin_1\IdeaProjects\wicrm)
2025-07-09 10:02:09.018 [restartedMain] INFO  com.wio.crm.CrmApplication - No active profile set, falling back to 1 default profile: "default"
2025-07-09 10:02:09.247 [restartedMain] INFO  o.s.b.d.restart.ChangeableUrls - The Class-Path manifest attribute in C:\Users\twowin_1\.gradle\caches\modules-2\files-2.1\com.oracle.database.jdbc\ojdbc8\21.5.0.0\eb13f0948ca8675f71d59b5e8a1129d4c6189e7a\ojdbc8-21.5.0.0.jar referenced one or more files that do not exist: file:/C:/Users/twowin_1/.gradle/caches/modules-2/files-2.1/com.oracle.database.jdbc/ojdbc8/21.5.0.0/eb13f0948ca8675f71d59b5e8a1129d4c6189e7a/oraclepki.jar
2025-07-09 10:02:09.247 [restartedMain] INFO  o.s.b.d.restart.ChangeableUrls - The Class-Path manifest attribute in C:\Users\twowin_1\.gradle\caches\modules-2\files-2.1\com.oracle.ojdbc\orai18n\19.3.0.0\a6960d6c18840e07dbc5b6afe760d099e47517bb\orai18n-19.3.0.0.jar referenced one or more files that do not exist: file:/C:/Users/twowin_1/.gradle/caches/modules-2/files-2.1/com.oracle.ojdbc/orai18n/19.3.0.0/a6960d6c18840e07dbc5b6afe760d099e47517bb/orai18n-mapping.jar,file:/C:/Users/twowin_1/.gradle/caches/modules-2/files-2.1/com.oracle.ojdbc/orai18n/19.3.0.0/a6960d6c18840e07dbc5b6afe760d099e47517bb/orai18n-utility.jar,file:/C:/Users/twowin_1/.gradle/caches/modules-2/files-2.1/com.oracle.ojdbc/orai18n/19.3.0.0/a6960d6c18840e07dbc5b6afe760d099e47517bb/orai18n-collation.jar,file:/C:/Users/twowin_1/.gradle/caches/modules-2/files-2.1/com.oracle.ojdbc/orai18n/19.3.0.0/a6960d6c18840e07dbc5b6afe760d099e47517bb/orai18n-translation.jar,file:/C:/Users/twowin_1/.gradle/caches/modules-2/files-2.1/com.oracle.ojdbc/orai18n/19.3.0.0/a6960d6c18840e07dbc5b6afe760d099e47517bb/orai18n-net.jar,file:/C:/Users/twowin_1/.gradle/caches/modules-2/files-2.1/com.oracle.ojdbc/orai18n/19.3.0.0/a6960d6c18840e07dbc5b6afe760d099e47517bb/orai18n-servlet.jar,file:/C:/Users/twowin_1/.gradle/caches/modules-2/files-2.1/com.oracle.ojdbc/orai18n/19.3.0.0/a6960d6c18840e07dbc5b6afe760d099e47517bb/orai18n-lcsd.jar,file:/C:/Users/twowin_1/.gradle/caches/modules-2/files-2.1/com.oracle.ojdbc/orai18n/19.3.0.0/a6960d6c18840e07dbc5b6afe760d099e47517bb/orai18n-tools.jar,file:/C:/Users/twowin_1/.gradle/caches/modules-2/files-2.1/com.oracle.ojdbc/orai18n/19.3.0.0/a6960d6c18840e07dbc5b6afe760d099e47517bb/gdk_custom.jar
2025-07-09 10:02:09.248 [restartedMain] INFO  o.s.b.d.e.DevToolsPropertyDefaultsPostProcessor - Devtools property defaults active! Set 'spring.devtools.add-properties' to 'false' to disable
2025-07-09 10:02:09.248 [restartedMain] INFO  o.s.b.d.e.DevToolsPropertyDefaultsPostProcessor - For additional web related logging consider setting the 'logging.level.web' property to 'DEBUG'
2025-07-09 10:02:10.639 [restartedMain] INFO  o.s.d.r.c.RepositoryConfigurationDelegate - Bootstrapping Spring Data JPA repositories in DEFAULT mode.
2025-07-09 10:02:10.877 [restartedMain] INFO  o.s.d.r.c.RepositoryConfigurationDelegate - Finished Spring Data repository scanning in 227 ms. Found 2 JPA repository interfaces.
2025-07-09 10:02:10.997 [restartedMain] DEBUG o.apache.ibatis.logging.LogFactory - Logging initialized using 'class org.apache.ibatis.logging.slf4j.Slf4jImpl' adapter.
2025-07-09 10:02:11.000 [restartedMain] DEBUG o.m.s.mapper.ClassPathMapperScanner - Identified candidate component class: file [C:\Users\twowin_1\IdeaProjects\wicrm\build\classes\java\main\com\wio\crm\mapper\AccountMapper.class]
2025-07-09 10:02:11.000 [restartedMain] DEBUG o.m.s.mapper.ClassPathMapperScanner - Identified candidate component class: file [C:\Users\twowin_1\IdeaProjects\wicrm\build\classes\java\main\com\wio\crm\mapper\AdminCodeMapper.class]
2025-07-09 10:02:11.000 [restartedMain] DEBUG o.m.s.mapper.ClassPathMapperScanner - Identified candidate component class: file [C:\Users\twowin_1\IdeaProjects\wicrm\build\classes\java\main\com\wio\crm\mapper\BannerMapper.class]
2025-07-09 10:02:11.000 [restartedMain] DEBUG o.m.s.mapper.ClassPathMapperScanner - Identified candidate component class: file [C:\Users\twowin_1\IdeaProjects\wicrm\build\classes\java\main\com\wio\crm\mapper\BoardMapper.class]
2025-07-09 10:02:11.000 [restartedMain] DEBUG o.m.s.mapper.ClassPathMapperScanner - Identified candidate component class: file [C:\Users\twowin_1\IdeaProjects\wicrm\build\classes\java\main\com\wio\crm\mapper\ConsMapper.class]
2025-07-09 10:02:11.000 [restartedMain] DEBUG o.m.s.mapper.ClassPathMapperScanner - Identified candidate component class: file [C:\Users\twowin_1\IdeaProjects\wicrm\build\classes\java\main\com\wio\crm\mapper\ConsultingMapper.class]
2025-07-09 10:02:11.000 [restartedMain] DEBUG o.m.s.mapper.ClassPathMapperScanner - Identified candidate component class: file [C:\Users\twowin_1\IdeaProjects\wicrm\build\classes\java\main\com\wio\crm\mapper\DashboardMapper.class]
2025-07-09 10:02:11.000 [restartedMain] DEBUG o.m.s.mapper.ClassPathMapperScanner - Identified candidate component class: file [C:\Users\twowin_1\IdeaProjects\wicrm\build\classes\java\main\com\wio\crm\mapper\ExchangeStatsMapper.class]
2025-07-09 10:02:11.000 [restartedMain] DEBUG o.m.s.mapper.ClassPathMapperScanner - Identified candidate component class: file [C:\Users\twowin_1\IdeaProjects\wicrm\build\classes\java\main\com\wio\crm\mapper\InvoiceMapper.class]
2025-07-09 10:02:11.001 [restartedMain] DEBUG o.m.s.mapper.ClassPathMapperScanner - Identified candidate component class: file [C:\Users\twowin_1\IdeaProjects\wicrm\build\classes\java\main\com\wio\crm\mapper\LoginHistoryMapper.class]
2025-07-09 10:02:11.001 [restartedMain] DEBUG o.m.s.mapper.ClassPathMapperScanner - Identified candidate component class: file [C:\Users\twowin_1\IdeaProjects\wicrm\build\classes\java\main\com\wio\crm\mapper\MenuMapper.class]
2025-07-09 10:02:11.001 [restartedMain] DEBUG o.m.s.mapper.ClassPathMapperScanner - Identified candidate component class: file [C:\Users\twowin_1\IdeaProjects\wicrm\build\classes\java\main\com\wio\crm\mapper\MileageMapper.class]
2025-07-09 10:02:11.001 [restartedMain] DEBUG o.m.s.mapper.ClassPathMapperScanner - Identified candidate component class: file [C:\Users\twowin_1\IdeaProjects\wicrm\build\classes\java\main\com\wio\crm\mapper\OrderMapper.class]
2025-07-09 10:02:11.001 [restartedMain] DEBUG o.m.s.mapper.ClassPathMapperScanner - Identified candidate component class: file [C:\Users\twowin_1\IdeaProjects\wicrm\build\classes\java\main\com\wio\crm\mapper\ReturnItemMapper.class]
2025-07-09 10:02:11.001 [restartedMain] DEBUG o.m.s.mapper.ClassPathMapperScanner - Identified candidate component class: file [C:\Users\twowin_1\IdeaProjects\wicrm\build\classes\java\main\com\wio\crm\mapper\ShippingPaymentMapper.class]
2025-07-09 10:02:11.001 [restartedMain] DEBUG o.m.s.mapper.ClassPathMapperScanner - Identified candidate component class: file [C:\Users\twowin_1\IdeaProjects\wicrm\build\classes\java\main\com\wio\crm\mapper\StaticsMapper.class]
2025-07-09 10:02:11.001 [restartedMain] DEBUG o.m.s.mapper.ClassPathMapperScanner - Identified candidate component class: file [C:\Users\twowin_1\IdeaProjects\wicrm\build\classes\java\main\com\wio\crm\mapper\Tcnt01EmpMapper.class]
2025-07-09 10:02:11.001 [restartedMain] DEBUG o.m.s.mapper.ClassPathMapperScanner - Identified candidate component class: file [C:\Users\twowin_1\IdeaProjects\wicrm\build\classes\java\main\com\wio\crm\mapper\Temp01Mapper.class]
2025-07-09 10:02:11.001 [restartedMain] DEBUG o.m.s.mapper.ClassPathMapperScanner - Identified candidate component class: file [C:\Users\twowin_1\IdeaProjects\wicrm\build\classes\java\main\com\wio\crm\mapper\TipdwMapper.class]
2025-07-09 10:02:11.001 [restartedMain] DEBUG o.m.s.mapper.ClassPathMapperScanner - Identified candidate component class: file [C:\Users\twowin_1\IdeaProjects\wicrm\build\classes\java\main\com\wio\crm\mapper\UserApprovalMapper.class]
2025-07-09 10:02:11.001 [restartedMain] DEBUG o.m.s.mapper.ClassPathMapperScanner - Identified candidate component class: file [C:\Users\twowin_1\IdeaProjects\wicrm\build\classes\java\main\com\wio\crm\mapper\UserMapper.class]
2025-07-09 10:02:11.002 [restartedMain] DEBUG o.m.s.mapper.ClassPathMapperScanner - Creating MapperFactoryBean with name 'accountMapper' and 'com.wio.crm.mapper.AccountMapper' mapperInterface
2025-07-09 10:02:11.003 [restartedMain] DEBUG o.m.s.mapper.ClassPathMapperScanner - Enabling autowire by type for MapperFactoryBean with name 'accountMapper'.
2025-07-09 10:02:11.004 [restartedMain] DEBUG o.m.s.mapper.ClassPathMapperScanner - Creating MapperFactoryBean with name 'adminCodeMapper' and 'com.wio.crm.mapper.AdminCodeMapper' mapperInterface
2025-07-09 10:02:11.004 [restartedMain] DEBUG o.m.s.mapper.ClassPathMapperScanner - Enabling autowire by type for MapperFactoryBean with name 'adminCodeMapper'.
2025-07-09 10:02:11.004 [restartedMain] DEBUG o.m.s.mapper.ClassPathMapperScanner - Creating MapperFactoryBean with name 'bannerMapper' and 'com.wio.crm.mapper.BannerMapper' mapperInterface
2025-07-09 10:02:11.005 [restartedMain] DEBUG o.m.s.mapper.ClassPathMapperScanner - Enabling autowire by type for MapperFactoryBean with name 'bannerMapper'.
2025-07-09 10:02:11.005 [restartedMain] DEBUG o.m.s.mapper.ClassPathMapperScanner - Creating MapperFactoryBean with name 'boardMapper' and 'com.wio.crm.mapper.BoardMapper' mapperInterface
2025-07-09 10:02:11.005 [restartedMain] DEBUG o.m.s.mapper.ClassPathMapperScanner - Enabling autowire by type for MapperFactoryBean with name 'boardMapper'.
2025-07-09 10:02:11.005 [restartedMain] DEBUG o.m.s.mapper.ClassPathMapperScanner - Creating MapperFactoryBean with name 'consMapper' and 'com.wio.crm.mapper.ConsMapper' mapperInterface
2025-07-09 10:02:11.006 [restartedMain] DEBUG o.m.s.mapper.ClassPathMapperScanner - Enabling autowire by type for MapperFactoryBean with name 'consMapper'.
2025-07-09 10:02:11.006 [restartedMain] DEBUG o.m.s.mapper.ClassPathMapperScanner - Creating MapperFactoryBean with name 'consultingMapper' and 'com.wio.crm.mapper.ConsultingMapper' mapperInterface
2025-07-09 10:02:11.006 [restartedMain] DEBUG o.m.s.mapper.ClassPathMapperScanner - Enabling autowire by type for MapperFactoryBean with name 'consultingMapper'.
2025-07-09 10:02:11.006 [restartedMain] DEBUG o.m.s.mapper.ClassPathMapperScanner - Creating MapperFactoryBean with name 'dashboardMapper' and 'com.wio.crm.mapper.DashboardMapper' mapperInterface
2025-07-09 10:02:11.007 [restartedMain] DEBUG o.m.s.mapper.ClassPathMapperScanner - Enabling autowire by type for MapperFactoryBean with name 'dashboardMapper'.
2025-07-09 10:02:11.007 [restartedMain] DEBUG o.m.s.mapper.ClassPathMapperScanner - Creating MapperFactoryBean with name 'exchangeStatsMapper' and 'com.wio.crm.mapper.ExchangeStatsMapper' mapperInterface
2025-07-09 10:02:11.008 [restartedMain] DEBUG o.m.s.mapper.ClassPathMapperScanner - Enabling autowire by type for MapperFactoryBean with name 'exchangeStatsMapper'.
2025-07-09 10:02:11.008 [restartedMain] DEBUG o.m.s.mapper.ClassPathMapperScanner - Creating MapperFactoryBean with name 'invoiceMapper' and 'com.wio.crm.mapper.InvoiceMapper' mapperInterface
2025-07-09 10:02:11.008 [restartedMain] DEBUG o.m.s.mapper.ClassPathMapperScanner - Enabling autowire by type for MapperFactoryBean with name 'invoiceMapper'.
2025-07-09 10:02:11.008 [restartedMain] DEBUG o.m.s.mapper.ClassPathMapperScanner - Creating MapperFactoryBean with name 'loginHistoryMapper' and 'com.wio.crm.mapper.LoginHistoryMapper' mapperInterface
2025-07-09 10:02:11.009 [restartedMain] DEBUG o.m.s.mapper.ClassPathMapperScanner - Enabling autowire by type for MapperFactoryBean with name 'loginHistoryMapper'.
2025-07-09 10:02:11.009 [restartedMain] DEBUG o.m.s.mapper.ClassPathMapperScanner - Creating MapperFactoryBean with name 'menuMapper' and 'com.wio.crm.mapper.MenuMapper' mapperInterface
2025-07-09 10:02:11.009 [restartedMain] DEBUG o.m.s.mapper.ClassPathMapperScanner - Enabling autowire by type for MapperFactoryBean with name 'menuMapper'.
2025-07-09 10:02:11.009 [restartedMain] DEBUG o.m.s.mapper.ClassPathMapperScanner - Creating MapperFactoryBean with name 'mileageMapper' and 'com.wio.crm.mapper.MileageMapper' mapperInterface
2025-07-09 10:02:11.010 [restartedMain] DEBUG o.m.s.mapper.ClassPathMapperScanner - Enabling autowire by type for MapperFactoryBean with name 'mileageMapper'.
2025-07-09 10:02:11.010 [restartedMain] DEBUG o.m.s.mapper.ClassPathMapperScanner - Creating MapperFactoryBean with name 'orderMapper' and 'com.wio.crm.mapper.OrderMapper' mapperInterface
2025-07-09 10:02:11.010 [restartedMain] DEBUG o.m.s.mapper.ClassPathMapperScanner - Enabling autowire by type for MapperFactoryBean with name 'orderMapper'.
2025-07-09 10:02:11.010 [restartedMain] DEBUG o.m.s.mapper.ClassPathMapperScanner - Creating MapperFactoryBean with name 'returnItemMapper' and 'com.wio.crm.mapper.ReturnItemMapper' mapperInterface
2025-07-09 10:02:11.011 [restartedMain] DEBUG o.m.s.mapper.ClassPathMapperScanner - Enabling autowire by type for MapperFactoryBean with name 'returnItemMapper'.
2025-07-09 10:02:11.011 [restartedMain] DEBUG o.m.s.mapper.ClassPathMapperScanner - Creating MapperFactoryBean with name 'shippingPaymentMapper' and 'com.wio.crm.mapper.ShippingPaymentMapper' mapperInterface
2025-07-09 10:02:11.012 [restartedMain] DEBUG o.m.s.mapper.ClassPathMapperScanner - Enabling autowire by type for MapperFactoryBean with name 'shippingPaymentMapper'.
2025-07-09 10:02:11.012 [restartedMain] DEBUG o.m.s.mapper.ClassPathMapperScanner - Creating MapperFactoryBean with name 'staticsMapper' and 'com.wio.crm.mapper.StaticsMapper' mapperInterface
2025-07-09 10:02:11.012 [restartedMain] DEBUG o.m.s.mapper.ClassPathMapperScanner - Enabling autowire by type for MapperFactoryBean with name 'staticsMapper'.
2025-07-09 10:02:11.012 [restartedMain] DEBUG o.m.s.mapper.ClassPathMapperScanner - Creating MapperFactoryBean with name 'tcnt01EmpMapper' and 'com.wio.crm.mapper.Tcnt01EmpMapper' mapperInterface
2025-07-09 10:02:11.013 [restartedMain] DEBUG o.m.s.mapper.ClassPathMapperScanner - Enabling autowire by type for MapperFactoryBean with name 'tcnt01EmpMapper'.
2025-07-09 10:02:11.013 [restartedMain] DEBUG o.m.s.mapper.ClassPathMapperScanner - Creating MapperFactoryBean with name 'temp01Mapper' and 'com.wio.crm.mapper.Temp01Mapper' mapperInterface
2025-07-09 10:02:11.013 [restartedMain] DEBUG o.m.s.mapper.ClassPathMapperScanner - Enabling autowire by type for MapperFactoryBean with name 'temp01Mapper'.
2025-07-09 10:02:11.013 [restartedMain] DEBUG o.m.s.mapper.ClassPathMapperScanner - Creating MapperFactoryBean with name 'tipdwMapper' and 'com.wio.crm.mapper.TipdwMapper' mapperInterface
2025-07-09 10:02:11.014 [restartedMain] DEBUG o.m.s.mapper.ClassPathMapperScanner - Enabling autowire by type for MapperFactoryBean with name 'tipdwMapper'.
2025-07-09 10:02:11.014 [restartedMain] DEBUG o.m.s.mapper.ClassPathMapperScanner - Creating MapperFactoryBean with name 'userApprovalMapper' and 'com.wio.crm.mapper.UserApprovalMapper' mapperInterface
2025-07-09 10:02:11.014 [restartedMain] DEBUG o.m.s.mapper.ClassPathMapperScanner - Enabling autowire by type for MapperFactoryBean with name 'userApprovalMapper'.
2025-07-09 10:02:11.014 [restartedMain] DEBUG o.m.s.mapper.ClassPathMapperScanner - Creating MapperFactoryBean with name 'userMapper' and 'com.wio.crm.mapper.UserMapper' mapperInterface
2025-07-09 10:02:11.015 [restartedMain] DEBUG o.m.s.mapper.ClassPathMapperScanner - Enabling autowire by type for MapperFactoryBean with name 'userMapper'.
2025-07-09 10:02:11.811 [restartedMain] INFO  o.s.b.w.e.tomcat.TomcatWebServer - Tomcat initialized with port 8080 (http)
2025-07-09 10:02:11.822 [restartedMain] INFO  o.a.coyote.http11.Http11NioProtocol - Initializing ProtocolHandler ["http-nio-8080"]
2025-07-09 10:02:11.824 [restartedMain] INFO  o.a.catalina.core.StandardService - Starting service [Tomcat]
2025-07-09 10:02:11.824 [restartedMain] INFO  o.a.catalina.core.StandardEngine - Starting Servlet engine: [Apache Tomcat/10.1.17]
2025-07-09 10:02:11.911 [restartedMain] INFO  o.a.c.c.C.[Tomcat].[localhost].[/] - Initializing Spring embedded WebApplicationContext
2025-07-09 10:02:11.911 [restartedMain] INFO  o.s.b.w.s.c.ServletWebServerApplicationContext - Root WebApplicationContext: initialization completed in 2663 ms
2025-07-09 10:02:12.152 [restartedMain] WARN  o.a.c.c.C.[Tomcat].[localhost].[/] - Cannot deserialize session attribute [SPRING_SECURITY_CONTEXT] for session [5D969ADBAC892F98949B551A47596B0A]
2025-07-09 10:02:12.318 [restartedMain] INFO  com.zaxxer.hikari.HikariDataSource - HikariPool-1 - Starting...
2025-07-09 10:02:12.788 [restartedMain] INFO  com.zaxxer.hikari.pool.HikariPool - HikariPool-1 - Added connection oracle.jdbc.driver.T4CConnection@72674c95
2025-07-09 10:02:12.792 [restartedMain] INFO  com.zaxxer.hikari.HikariDataSource - HikariPool-1 - Start completed.
2025-07-09 10:02:12.831 [restartedMain] INFO  o.h.jpa.internal.util.LogHelper - HHH000204: Processing PersistenceUnitInfo [name: default]
2025-07-09 10:02:12.909 [restartedMain] INFO  org.hibernate.Version - HHH000412: Hibernate ORM core version 6.4.1.Final
2025-07-09 10:02:12.950 [restartedMain] INFO  o.h.c.i.RegionFactoryInitiator - HHH000026: Second-level cache disabled
2025-07-09 10:02:13.242 [restartedMain] INFO  o.s.o.j.p.SpringPersistenceUnitInfo - No LoadTimeWeaver setup: ignoring JPA class transformer
2025-07-09 10:02:13.334 [restartedMain] WARN  org.hibernate.dialect.Dialect - HHH000511: The 11.2.0 version for [org.hibernate.dialect.OracleDialect] is no longer supported, hence certain features may not work properly. The minimum supported version is 19.0.0. Check the community dialects project for available legacy versions.
2025-07-09 10:02:14.300 [restartedMain] INFO  o.h.e.t.j.p.i.JtaPlatformInitiator - HHH000489: No JTA platform available (set 'hibernate.transaction.jta.platform' to enable JTA platform integration)
2025-07-09 10:02:14.303 [restartedMain] INFO  o.s.o.j.LocalContainerEntityManagerFactoryBean - Initialized JPA EntityManagerFactory for persistence unit 'default'
2025-07-09 10:02:14.385 [restartedMain] DEBUG o.apache.ibatis.logging.LogFactory - Logging initialized using 'class org.apache.ibatis.logging.slf4j.Slf4jImpl' adapter.
2025-07-09 10:02:14.478 [restartedMain] DEBUG o.m.spring.SqlSessionFactoryBean - Parsed mapper file: 'file [C:\Users\twowin_1\IdeaProjects\wicrm\build\resources\main\mapper\AccountMapper.xml]'
2025-07-09 10:02:14.496 [restartedMain] DEBUG o.m.spring.SqlSessionFactoryBean - Parsed mapper file: 'file [C:\Users\twowin_1\IdeaProjects\wicrm\build\resources\main\mapper\BoardMapper.xml]'
2025-07-09 10:02:14.512 [restartedMain] DEBUG o.m.spring.SqlSessionFactoryBean - Parsed mapper file: 'file [C:\Users\twowin_1\IdeaProjects\wicrm\build\resources\main\mapper\ConsMapper.xml]'
2025-07-09 10:02:14.524 [restartedMain] DEBUG o.m.spring.SqlSessionFactoryBean - Parsed mapper file: 'file [C:\Users\twowin_1\IdeaProjects\wicrm\build\resources\main\mapper\ConsultingMapper.xml]'
2025-07-09 10:02:14.542 [restartedMain] DEBUG o.m.spring.SqlSessionFactoryBean - Parsed mapper file: 'file [C:\Users\twowin_1\IdeaProjects\wicrm\build\resources\main\mapper\DashboardMapper.xml]'
2025-07-09 10:02:14.555 [restartedMain] DEBUG o.m.spring.SqlSessionFactoryBean - Parsed mapper file: 'file [C:\Users\twowin_1\IdeaProjects\wicrm\build\resources\main\mapper\ExchangeStatsMapper.xml]'
2025-07-09 10:02:14.561 [restartedMain] DEBUG o.m.spring.SqlSessionFactoryBean - Parsed mapper file: 'file [C:\Users\twowin_1\IdeaProjects\wicrm\build\resources\main\mapper\InvoiceMapper.xml]'
2025-07-09 10:02:14.564 [restartedMain] DEBUG o.m.spring.SqlSessionFactoryBean - Parsed mapper file: 'file [C:\Users\twowin_1\IdeaProjects\wicrm\build\resources\main\mapper\menuMapper.xml]'
2025-07-09 10:02:14.569 [restartedMain] DEBUG o.m.spring.SqlSessionFactoryBean - Parsed mapper file: 'file [C:\Users\twowin_1\IdeaProjects\wicrm\build\resources\main\mapper\MileageMapper.xml]'
2025-07-09 10:02:14.574 [restartedMain] DEBUG o.m.spring.SqlSessionFactoryBean - Parsed mapper file: 'file [C:\Users\twowin_1\IdeaProjects\wicrm\build\resources\main\mapper\OrderMapper.xml]'
2025-07-09 10:02:14.601 [restartedMain] DEBUG o.m.spring.SqlSessionFactoryBean - Parsed mapper file: 'file [C:\Users\twowin_1\IdeaProjects\wicrm\build\resources\main\mapper\ReturnItemMapper.xml]'
2025-07-09 10:02:14.607 [restartedMain] DEBUG o.m.spring.SqlSessionFactoryBean - Parsed mapper file: 'file [C:\Users\twowin_1\IdeaProjects\wicrm\build\resources\main\mapper\ShippingPaymentMapper.xml]'
2025-07-09 10:02:14.621 [restartedMain] DEBUG o.m.spring.SqlSessionFactoryBean - Parsed mapper file: 'file [C:\Users\twowin_1\IdeaProjects\wicrm\build\resources\main\mapper\StaticsMapper.xml]'
2025-07-09 10:02:14.624 [restartedMain] DEBUG o.m.spring.SqlSessionFactoryBean - Parsed mapper file: 'file [C:\Users\twowin_1\IdeaProjects\wicrm\build\resources\main\mapper\Tcnt01EmpMapper.xml]'
2025-07-09 10:02:14.633 [restartedMain] DEBUG o.m.spring.SqlSessionFactoryBean - Parsed mapper file: 'file [C:\Users\twowin_1\IdeaProjects\wicrm\build\resources\main\mapper\UserApprovalMapper.xml]'
2025-07-09 10:02:15.162 [restartedMain] INFO  o.s.d.j.r.query.QueryEnhancerFactory - Hibernate is in classpath; If applicable, HQL parser will be used.
2025-07-09 10:02:16.492 [restartedMain] INFO  o.s.b.a.e.web.EndpointLinksResolver - Exposing 1 endpoint(s) beneath base path '/actuator'
2025-07-09 10:02:16.602 [restartedMain] INFO  o.s.s.web.DefaultSecurityFilterChain - Will secure any request with [org.springframework.security.web.session.DisableEncodeUrlFilter@446fd3f1, org.springframework.security.web.context.request.async.WebAsyncManagerIntegrationFilter@1956996e, org.springframework.security.web.context.SecurityContextHolderFilter@243eba49, org.springframework.security.web.header.HeaderWriterFilter@fb3920e, org.springframework.web.filter.CorsFilter@284940b3, org.springframework.security.web.csrf.CsrfFilter@38608ee9, org.springframework.security.web.authentication.logout.LogoutFilter@33229eca, org.springframework.security.web.authentication.UsernamePasswordAuthenticationFilter@62214009, org.springframework.security.web.savedrequest.RequestCacheAwareFilter@174de328, org.springframework.security.web.servletapi.SecurityContextHolderAwareRequestFilter@fd7e5b4, org.springframework.security.web.authentication.AnonymousAuthenticationFilter@728082ac, org.springframework.security.web.access.ExceptionTranslationFilter@7bca6e0, org.springframework.security.web.access.intercept.AuthorizationFilter@7272d287]
2025-07-09 10:02:16.623 [restartedMain] WARN  o.s.s.c.a.web.builders.WebSecurity - You are asking Spring Security to ignore Mvc [pattern='/assets/**']. This is not recommended -- please use permitAll via HttpSecurity#authorizeHttpRequests instead.
2025-07-09 10:02:16.623 [restartedMain] INFO  o.s.s.web.DefaultSecurityFilterChain - Will not secure Mvc [pattern='/assets/**']
2025-07-09 10:02:19.013 [restartedMain] INFO  o.s.b.d.a.OptionalLiveReloadServer - LiveReload server is running on port 35729
2025-07-09 10:02:19.066 [restartedMain] INFO  o.a.coyote.http11.Http11NioProtocol - Starting ProtocolHandler ["http-nio-8080"]
2025-07-09 10:02:19.083 [restartedMain] INFO  o.s.b.w.e.tomcat.TomcatWebServer - Tomcat started on port 8080 (http) with context path ''
2025-07-09 10:02:19.093 [restartedMain] INFO  com.wio.crm.CrmApplication - Started CrmApplication in 10.591 seconds (process running for 11.528)
2025-07-09 10:02:19.544 [RMI TCP Connection(3)-192.168.0.11] INFO  o.a.c.c.C.[Tomcat].[localhost].[/] - Initializing Spring DispatcherServlet 'dispatcherServlet'
2025-07-09 10:02:19.544 [RMI TCP Connection(3)-192.168.0.11] INFO  o.s.web.servlet.DispatcherServlet - Initializing Servlet 'dispatcherServlet'
2025-07-09 10:02:19.546 [RMI TCP Connection(3)-192.168.0.11] INFO  o.s.web.servlet.DispatcherServlet - Completed initialization in 2 ms
2025-07-09 10:05:35.959 [http-nio-8080-exec-2] DEBUG org.mybatis.spring.SqlSessionUtils - Creating a new SqlSession
2025-07-09 10:05:35.963 [http-nio-8080-exec-2] DEBUG org.mybatis.spring.SqlSessionUtils - SqlSession [org.apache.ibatis.session.defaults.DefaultSqlSession@4853416] was not registered for synchronization because synchronization is not active
2025-07-09 10:05:35.977 [http-nio-8080-exec-2] DEBUG o.m.s.t.SpringManagedTransaction - JDBC Connection [HikariProxyConnection@931157494 wrapping oracle.jdbc.driver.T4CConnection@72674c95] will not be managed by Spring
2025-07-09 10:05:36.023 [http-nio-8080-exec-2] DEBUG org.mybatis.spring.SqlSessionUtils - Closing non transactional SqlSession [org.apache.ibatis.session.defaults.DefaultSqlSession@4853416]
2025-07-09 10:05:36.026 [http-nio-8080-exec-2] DEBUG org.mybatis.spring.SqlSessionUtils - Creating a new SqlSession
2025-07-09 10:05:36.026 [http-nio-8080-exec-2] DEBUG org.mybatis.spring.SqlSessionUtils - SqlSession [org.apache.ibatis.session.defaults.DefaultSqlSession@5338d30f] was not registered for synchronization because synchronization is not active
2025-07-09 10:05:36.026 [http-nio-8080-exec-2] DEBUG o.m.s.t.SpringManagedTransaction - JDBC Connection [HikariProxyConnection@749713811 wrapping oracle.jdbc.driver.T4CConnection@72674c95] will not be managed by Spring
2025-07-09 10:05:36.033 [http-nio-8080-exec-2] DEBUG org.mybatis.spring.SqlSessionUtils - Closing non transactional SqlSession [org.apache.ibatis.session.defaults.DefaultSqlSession@5338d30f]
2025-07-09 10:05:42.052 [http-nio-8080-exec-7] DEBUG org.mybatis.spring.SqlSessionUtils - Creating a new SqlSession
2025-07-09 10:05:42.052 [http-nio-8080-exec-7] DEBUG org.mybatis.spring.SqlSessionUtils - SqlSession [org.apache.ibatis.session.defaults.DefaultSqlSession@11469773] was not registered for synchronization because synchronization is not active
2025-07-09 10:05:42.058 [http-nio-8080-exec-7] DEBUG o.m.s.t.SpringManagedTransaction - JDBC Connection [HikariProxyConnection@1746902241 wrapping oracle.jdbc.driver.T4CConnection@72674c95] will not be managed by Spring
2025-07-09 10:05:42.070 [http-nio-8080-exec-7] WARN  o.a.i.s.AutoMappingUnknownColumnBehavior - Unknown column is detected on 'com.wio.crm.mapper.TipdwMapper.findByUserId' auto-mapping. Mapping parameters are [columnName=REPASS,propertyName=REPASS,propertyType=null]
2025-07-09 10:05:42.070 [http-nio-8080-exec-7] DEBUG org.mybatis.spring.SqlSessionUtils - Closing non transactional SqlSession [org.apache.ibatis.session.defaults.DefaultSqlSession@11469773]
2025-07-09 10:05:42.071 [http-nio-8080-exec-7] INFO  c.w.c.s.CustomUserDetailsService - 거래처 직원 정보 조회: test
2025-07-09 10:05:42.071 [http-nio-8080-exec-7] DEBUG org.mybatis.spring.SqlSessionUtils - Creating a new SqlSession
2025-07-09 10:05:42.071 [http-nio-8080-exec-7] DEBUG org.mybatis.spring.SqlSessionUtils - SqlSession [org.apache.ibatis.session.defaults.DefaultSqlSession@36f0c833] was not registered for synchronization because synchronization is not active
2025-07-09 10:05:42.071 [http-nio-8080-exec-7] DEBUG o.m.s.t.SpringManagedTransaction - JDBC Connection [HikariProxyConnection@2117598077 wrapping oracle.jdbc.driver.T4CConnection@72674c95] will not be managed by Spring
2025-07-09 10:05:42.081 [http-nio-8080-exec-7] WARN  o.a.i.s.AutoMappingUnknownColumnBehavior - Unknown column is detected on 'com.wio.crm.mapper.Tcnt01EmpMapper.findByUserId' auto-mapping. Mapping parameters are [columnName=CUST_GRADE,propertyName=CUST_GRADE,propertyType=null]
2025-07-09 10:05:42.081 [http-nio-8080-exec-7] WARN  o.a.i.s.AutoMappingUnknownColumnBehavior - Unknown column is detected on 'com.wio.crm.mapper.Tcnt01EmpMapper.findByUserId' auto-mapping. Mapping parameters are [columnName=EMP_NAME,propertyName=EMP_NAME,propertyType=null]
2025-07-09 10:05:42.081 [http-nio-8080-exec-7] WARN  o.a.i.s.AutoMappingUnknownColumnBehavior - Unknown column is detected on 'com.wio.crm.mapper.Tcnt01EmpMapper.findByUserId' auto-mapping. Mapping parameters are [columnName=PW,propertyName=PW,propertyType=null]
2025-07-09 10:05:42.081 [http-nio-8080-exec-7] WARN  o.a.i.s.AutoMappingUnknownColumnBehavior - Unknown column is detected on 'com.wio.crm.mapper.Tcnt01EmpMapper.findByUserId' auto-mapping. Mapping parameters are [columnName=DEPART,propertyName=DEPART,propertyType=null]
2025-07-09 10:05:42.081 [http-nio-8080-exec-7] WARN  o.a.i.s.AutoMappingUnknownColumnBehavior - Unknown column is detected on 'com.wio.crm.mapper.Tcnt01EmpMapper.findByUserId' auto-mapping. Mapping parameters are [columnName=POSITION,propertyName=POSITION,propertyType=null]
2025-07-09 10:05:42.081 [http-nio-8080-exec-7] WARN  o.a.i.s.AutoMappingUnknownColumnBehavior - Unknown column is detected on 'com.wio.crm.mapper.Tcnt01EmpMapper.findByUserId' auto-mapping. Mapping parameters are [columnName=ZIP_NO,propertyName=ZIP_NO,propertyType=null]
2025-07-09 10:05:42.081 [http-nio-8080-exec-7] WARN  o.a.i.s.AutoMappingUnknownColumnBehavior - Unknown column is detected on 'com.wio.crm.mapper.Tcnt01EmpMapper.findByUserId' auto-mapping. Mapping parameters are [columnName=ADDR,propertyName=ADDR,propertyType=null]
2025-07-09 10:05:42.081 [http-nio-8080-exec-7] WARN  o.a.i.s.AutoMappingUnknownColumnBehavior - Unknown column is detected on 'com.wio.crm.mapper.Tcnt01EmpMapper.findByUserId' auto-mapping. Mapping parameters are [columnName=TEL_NO,propertyName=TEL_NO,propertyType=null]
2025-07-09 10:05:42.081 [http-nio-8080-exec-7] WARN  o.a.i.s.AutoMappingUnknownColumnBehavior - Unknown column is detected on 'com.wio.crm.mapper.Tcnt01EmpMapper.findByUserId' auto-mapping. Mapping parameters are [columnName=FEX_NO,propertyName=FEX_NO,propertyType=null]
2025-07-09 10:05:42.081 [http-nio-8080-exec-7] WARN  o.a.i.s.AutoMappingUnknownColumnBehavior - Unknown column is detected on 'com.wio.crm.mapper.Tcnt01EmpMapper.findByUserId' auto-mapping. Mapping parameters are [columnName=HAND_PHONE,propertyName=HAND_PHONE,propertyType=null]
2025-07-09 10:05:42.081 [http-nio-8080-exec-7] WARN  o.a.i.s.AutoMappingUnknownColumnBehavior - Unknown column is detected on 'com.wio.crm.mapper.Tcnt01EmpMapper.findByUserId' auto-mapping. Mapping parameters are [columnName=RMK,propertyName=RMK,propertyType=null]
2025-07-09 10:05:42.081 [http-nio-8080-exec-7] WARN  o.a.i.s.AutoMappingUnknownColumnBehavior - Unknown column is detected on 'com.wio.crm.mapper.Tcnt01EmpMapper.findByUserId' auto-mapping. Mapping parameters are [columnName=USE_YN,propertyName=USE_YN,propertyType=null]
2025-07-09 10:05:42.081 [http-nio-8080-exec-7] WARN  o.a.i.s.AutoMappingUnknownColumnBehavior - Unknown column is detected on 'com.wio.crm.mapper.Tcnt01EmpMapper.findByUserId' auto-mapping. Mapping parameters are [columnName=IN_DATE,propertyName=IN_DATE,propertyType=null]
2025-07-09 10:05:42.081 [http-nio-8080-exec-7] WARN  o.a.i.s.AutoMappingUnknownColumnBehavior - Unknown column is detected on 'com.wio.crm.mapper.Tcnt01EmpMapper.findByUserId' auto-mapping. Mapping parameters are [columnName=IN_EMPNO,propertyName=IN_EMPNO,propertyType=null]
2025-07-09 10:05:42.081 [http-nio-8080-exec-7] WARN  o.a.i.s.AutoMappingUnknownColumnBehavior - Unknown column is detected on 'com.wio.crm.mapper.Tcnt01EmpMapper.findByUserId' auto-mapping. Mapping parameters are [columnName=UP_DATE,propertyName=UP_DATE,propertyType=null]
2025-07-09 10:05:42.081 [http-nio-8080-exec-7] WARN  o.a.i.s.AutoMappingUnknownColumnBehavior - Unknown column is detected on 'com.wio.crm.mapper.Tcnt01EmpMapper.findByUserId' auto-mapping. Mapping parameters are [columnName=UP_EMPNO,propertyName=UP_EMPNO,propertyType=null]
2025-07-09 10:05:42.081 [http-nio-8080-exec-7] WARN  o.a.i.s.AutoMappingUnknownColumnBehavior - Unknown column is detected on 'com.wio.crm.mapper.Tcnt01EmpMapper.findByUserId' auto-mapping. Mapping parameters are [columnName=ADDR2,propertyName=ADDR2,propertyType=null]
2025-07-09 10:05:42.081 [http-nio-8080-exec-7] WARN  o.a.i.s.AutoMappingUnknownColumnBehavior - Unknown column is detected on 'com.wio.crm.mapper.Tcnt01EmpMapper.findByUserId' auto-mapping. Mapping parameters are [columnName=SUBID,propertyName=SUBID,propertyType=null]
2025-07-09 10:05:42.081 [http-nio-8080-exec-7] WARN  o.a.i.s.AutoMappingUnknownColumnBehavior - Unknown column is detected on 'com.wio.crm.mapper.Tcnt01EmpMapper.findByUserId' auto-mapping. Mapping parameters are [columnName=CUST_NAME,propertyName=CUST_NAME,propertyType=null]
2025-07-09 10:05:42.082 [http-nio-8080-exec-7] DEBUG org.mybatis.spring.SqlSessionUtils - Closing non transactional SqlSession [org.apache.ibatis.session.defaults.DefaultSqlSession@36f0c833]
2025-07-09 10:05:42.082 [http-nio-8080-exec-7] INFO  c.w.c.s.CustomUserDetailsService - 거래처 직원 정보: userId=test, custCode=P000000218, cust_grade=null, emp_name=null, authority=null
2025-07-09 10:05:42.145 [http-nio-8080-exec-7] DEBUG org.mybatis.spring.SqlSessionUtils - Creating a new SqlSession
2025-07-09 10:05:42.145 [http-nio-8080-exec-7] DEBUG org.mybatis.spring.SqlSessionUtils - SqlSession [org.apache.ibatis.session.defaults.DefaultSqlSession@52744a1e] was not registered for synchronization because synchronization is not active
2025-07-09 10:05:42.162 [http-nio-8080-exec-7] DEBUG o.m.s.t.SpringManagedTransaction - JDBC Connection [HikariProxyConnection@1544602716 wrapping oracle.jdbc.driver.T4CConnection@72674c95] will not be managed by Spring
2025-07-09 10:05:42.210 [http-nio-8080-exec-7] DEBUG org.mybatis.spring.SqlSessionUtils - Closing non transactional SqlSession [org.apache.ibatis.session.defaults.DefaultSqlSession@52744a1e]
2025-07-09 10:05:42.211 [http-nio-8080-exec-7] DEBUG org.mybatis.spring.SqlSessionUtils - Creating a new SqlSession
2025-07-09 10:05:42.211 [http-nio-8080-exec-7] DEBUG org.mybatis.spring.SqlSessionUtils - SqlSession [org.apache.ibatis.session.defaults.DefaultSqlSession@4e049f70] was not registered for synchronization because synchronization is not active
2025-07-09 10:05:42.211 [http-nio-8080-exec-7] DEBUG o.m.s.t.SpringManagedTransaction - JDBC Connection [HikariProxyConnection@818976083 wrapping oracle.jdbc.driver.T4CConnection@72674c95] will not be managed by Spring
2025-07-09 10:05:42.243 [http-nio-8080-exec-7] DEBUG org.mybatis.spring.SqlSessionUtils - Closing non transactional SqlSession [org.apache.ibatis.session.defaults.DefaultSqlSession@4e049f70]
2025-07-09 10:05:42.252 [http-nio-8080-exec-7] DEBUG org.mybatis.spring.SqlSessionUtils - Creating a new SqlSession
2025-07-09 10:05:42.252 [http-nio-8080-exec-7] DEBUG org.mybatis.spring.SqlSessionUtils - SqlSession [org.apache.ibatis.session.defaults.DefaultSqlSession@733e1d6c] was not registered for synchronization because synchronization is not active
2025-07-09 10:05:42.252 [http-nio-8080-exec-7] DEBUG o.m.s.t.SpringManagedTransaction - JDBC Connection [HikariProxyConnection@161850254 wrapping oracle.jdbc.driver.T4CConnection@72674c95] will not be managed by Spring
2025-07-09 10:05:42.259 [http-nio-8080-exec-7] DEBUG org.mybatis.spring.SqlSessionUtils - Closing non transactional SqlSession [org.apache.ibatis.session.defaults.DefaultSqlSession@733e1d6c]
2025-07-09 10:05:42.259 [http-nio-8080-exec-7] DEBUG org.mybatis.spring.SqlSessionUtils - Creating a new SqlSession
2025-07-09 10:05:42.259 [http-nio-8080-exec-7] DEBUG org.mybatis.spring.SqlSessionUtils - SqlSession [org.apache.ibatis.session.defaults.DefaultSqlSession@145cbf5] was not registered for synchronization because synchronization is not active
2025-07-09 10:05:42.259 [http-nio-8080-exec-7] DEBUG o.m.s.t.SpringManagedTransaction - JDBC Connection [HikariProxyConnection@325633811 wrapping oracle.jdbc.driver.T4CConnection@72674c95] will not be managed by Spring
2025-07-09 10:05:42.267 [http-nio-8080-exec-7] DEBUG org.mybatis.spring.SqlSessionUtils - Closing non transactional SqlSession [org.apache.ibatis.session.defaults.DefaultSqlSession@145cbf5]
2025-07-09 10:05:42.280 [http-nio-8080-exec-5] DEBUG org.mybatis.spring.SqlSessionUtils - Creating a new SqlSession
2025-07-09 10:05:42.280 [http-nio-8080-exec-5] DEBUG org.mybatis.spring.SqlSessionUtils - SqlSession [org.apache.ibatis.session.defaults.DefaultSqlSession@3940dacd] was not registered for synchronization because synchronization is not active
2025-07-09 10:05:42.280 [http-nio-8080-exec-5] DEBUG o.m.s.t.SpringManagedTransaction - JDBC Connection [HikariProxyConnection@1709483207 wrapping oracle.jdbc.driver.T4CConnection@72674c95] will not be managed by Spring
2025-07-09 10:05:42.287 [http-nio-8080-exec-5] DEBUG org.mybatis.spring.SqlSessionUtils - Closing non transactional SqlSession [org.apache.ibatis.session.defaults.DefaultSqlSession@3940dacd]
2025-07-09 10:05:42.288 [http-nio-8080-exec-5] DEBUG org.mybatis.spring.SqlSessionUtils - Creating a new SqlSession
2025-07-09 10:05:42.288 [http-nio-8080-exec-5] DEBUG org.mybatis.spring.SqlSessionUtils - SqlSession [org.apache.ibatis.session.defaults.DefaultSqlSession@189c9b6] was not registered for synchronization because synchronization is not active
2025-07-09 10:05:42.288 [http-nio-8080-exec-5] DEBUG o.m.s.t.SpringManagedTransaction - JDBC Connection [HikariProxyConnection@721319548 wrapping oracle.jdbc.driver.T4CConnection@72674c95] will not be managed by Spring
2025-07-09 10:05:42.294 [http-nio-8080-exec-5] DEBUG org.mybatis.spring.SqlSessionUtils - Closing non transactional SqlSession [org.apache.ibatis.session.defaults.DefaultSqlSession@189c9b6]
2025-07-09 10:05:42.335 [http-nio-8080-exec-3] DEBUG org.mybatis.spring.SqlSessionUtils - Creating a new SqlSession
2025-07-09 10:05:42.335 [http-nio-8080-exec-3] DEBUG org.mybatis.spring.SqlSessionUtils - SqlSession [org.apache.ibatis.session.defaults.DefaultSqlSession@4f6139a4] was not registered for synchronization because synchronization is not active
2025-07-09 10:05:42.335 [http-nio-8080-exec-3] DEBUG o.m.s.t.SpringManagedTransaction - JDBC Connection [HikariProxyConnection@242223075 wrapping oracle.jdbc.driver.T4CConnection@72674c95] will not be managed by Spring
2025-07-09 10:05:42.342 [http-nio-8080-exec-3] DEBUG org.mybatis.spring.SqlSessionUtils - Closing non transactional SqlSession [org.apache.ibatis.session.defaults.DefaultSqlSession@4f6139a4]
2025-07-09 10:05:42.343 [http-nio-8080-exec-3] DEBUG org.mybatis.spring.SqlSessionUtils - Creating a new SqlSession
2025-07-09 10:05:42.343 [http-nio-8080-exec-3] DEBUG org.mybatis.spring.SqlSessionUtils - SqlSession [org.apache.ibatis.session.defaults.DefaultSqlSession@56759025] was not registered for synchronization because synchronization is not active
2025-07-09 10:05:42.343 [http-nio-8080-exec-3] DEBUG o.m.s.t.SpringManagedTransaction - JDBC Connection [HikariProxyConnection@1360188953 wrapping oracle.jdbc.driver.T4CConnection@72674c95] will not be managed by Spring
2025-07-09 10:05:42.349 [http-nio-8080-exec-3] DEBUG org.mybatis.spring.SqlSessionUtils - Closing non transactional SqlSession [org.apache.ibatis.session.defaults.DefaultSqlSession@56759025]
2025-07-09 10:05:42.349 [http-nio-8080-exec-3] DEBUG org.mybatis.spring.SqlSessionUtils - Creating a new SqlSession
2025-07-09 10:05:42.349 [http-nio-8080-exec-3] DEBUG org.mybatis.spring.SqlSessionUtils - SqlSession [org.apache.ibatis.session.defaults.DefaultSqlSession@17787986] was not registered for synchronization because synchronization is not active
2025-07-09 10:05:42.350 [http-nio-8080-exec-3] DEBUG o.m.s.t.SpringManagedTransaction - JDBC Connection [HikariProxyConnection@431565717 wrapping oracle.jdbc.driver.T4CConnection@72674c95] will not be managed by Spring
2025-07-09 10:05:42.357 [http-nio-8080-exec-3] DEBUG org.mybatis.spring.SqlSessionUtils - Closing non transactional SqlSession [org.apache.ibatis.session.defaults.DefaultSqlSession@17787986]
2025-07-09 10:05:43.289 [http-nio-8080-exec-1] DEBUG org.mybatis.spring.SqlSessionUtils - Creating a new SqlSession
2025-07-09 10:05:43.289 [http-nio-8080-exec-3] DEBUG org.mybatis.spring.SqlSessionUtils - Creating a new SqlSession
2025-07-09 10:05:43.289 [http-nio-8080-exec-6] DEBUG org.mybatis.spring.SqlSessionUtils - Creating a new SqlSession
2025-07-09 10:05:43.290 [http-nio-8080-exec-1] DEBUG org.mybatis.spring.SqlSessionUtils - Registering transaction synchronization for SqlSession [org.apache.ibatis.session.defaults.DefaultSqlSession@4b27c8fe]
2025-07-09 10:05:43.290 [http-nio-8080-exec-3] DEBUG org.mybatis.spring.SqlSessionUtils - Registering transaction synchronization for SqlSession [org.apache.ibatis.session.defaults.DefaultSqlSession@6a2fff6b]
2025-07-09 10:05:43.290 [http-nio-8080-exec-6] DEBUG org.mybatis.spring.SqlSessionUtils - Registering transaction synchronization for SqlSession [org.apache.ibatis.session.defaults.DefaultSqlSession@5f8b2e7d]
2025-07-09 10:05:43.290 [http-nio-8080-exec-2] INFO  c.wio.crm.service.DashboardService - getDashboardCallCount 호출됨 - username: test, custCode: P000000218
2025-07-09 10:05:43.290 [http-nio-8080-exec-2] DEBUG org.mybatis.spring.SqlSessionUtils - Creating a new SqlSession
2025-07-09 10:05:43.290 [http-nio-8080-exec-2] DEBUG org.mybatis.spring.SqlSessionUtils - Registering transaction synchronization for SqlSession [org.apache.ibatis.session.defaults.DefaultSqlSession@5a743f88]
2025-07-09 10:05:43.296 [http-nio-8080-exec-4] DEBUG org.mybatis.spring.SqlSessionUtils - Creating a new SqlSession
2025-07-09 10:05:43.296 [http-nio-8080-exec-4] DEBUG org.mybatis.spring.SqlSessionUtils - Registering transaction synchronization for SqlSession [org.apache.ibatis.session.defaults.DefaultSqlSession@1b0a551b]
2025-07-09 10:05:43.298 [http-nio-8080-exec-2] DEBUG o.m.s.t.SpringManagedTransaction - JDBC Connection [HikariProxyConnection@1721286332 wrapping oracle.jdbc.driver.T4CConnection@72674c95] will be managed by Spring
2025-07-09 10:05:43.298 [http-nio-8080-exec-4] DEBUG o.m.s.t.SpringManagedTransaction - JDBC Connection [HikariProxyConnection@1677426056 wrapping oracle.jdbc.driver.T4CConnection@7511f2eb] will be managed by Spring
2025-07-09 10:05:43.298 [http-nio-8080-exec-3] DEBUG o.m.s.t.SpringManagedTransaction - JDBC Connection [HikariProxyConnection@1310851154 wrapping oracle.jdbc.driver.T4CConnection@5bbfac0f] will be managed by Spring
2025-07-09 10:05:43.298 [http-nio-8080-exec-6] DEBUG o.m.s.t.SpringManagedTransaction - JDBC Connection [HikariProxyConnection@787914452 wrapping oracle.jdbc.driver.T4CConnection@dab537c] will be managed by Spring
2025-07-09 10:05:43.298 [http-nio-8080-exec-1] DEBUG o.m.s.t.SpringManagedTransaction - JDBC Connection [HikariProxyConnection@2101790803 wrapping oracle.jdbc.driver.T4CConnection@2dcac5e1] will be managed by Spring
2025-07-09 10:05:43.311 [http-nio-8080-exec-4] DEBUG org.mybatis.spring.SqlSessionUtils - Releasing transactional SqlSession [org.apache.ibatis.session.defaults.DefaultSqlSession@1b0a551b]
2025-07-09 10:05:43.311 [http-nio-8080-exec-4] DEBUG org.mybatis.spring.SqlSessionUtils - Transaction synchronization committing SqlSession [org.apache.ibatis.session.defaults.DefaultSqlSession@1b0a551b]
2025-07-09 10:05:43.312 [http-nio-8080-exec-4] DEBUG org.mybatis.spring.SqlSessionUtils - Transaction synchronization deregistering SqlSession [org.apache.ibatis.session.defaults.DefaultSqlSession@1b0a551b]
2025-07-09 10:05:43.312 [http-nio-8080-exec-4] DEBUG org.mybatis.spring.SqlSessionUtils - Transaction synchronization closing SqlSession [org.apache.ibatis.session.defaults.DefaultSqlSession@1b0a551b]
2025-07-09 10:05:43.315 [http-nio-8080-exec-6] DEBUG org.mybatis.spring.SqlSessionUtils - Releasing transactional SqlSession [org.apache.ibatis.session.defaults.DefaultSqlSession@5f8b2e7d]
2025-07-09 10:05:43.315 [http-nio-8080-exec-6] DEBUG org.mybatis.spring.SqlSessionUtils - Transaction synchronization committing SqlSession [org.apache.ibatis.session.defaults.DefaultSqlSession@5f8b2e7d]
2025-07-09 10:05:43.315 [http-nio-8080-exec-6] DEBUG org.mybatis.spring.SqlSessionUtils - Transaction synchronization deregistering SqlSession [org.apache.ibatis.session.defaults.DefaultSqlSession@5f8b2e7d]
2025-07-09 10:05:43.315 [http-nio-8080-exec-6] DEBUG org.mybatis.spring.SqlSessionUtils - Transaction synchronization closing SqlSession [org.apache.ibatis.session.defaults.DefaultSqlSession@5f8b2e7d]
2025-07-09 10:05:43.315 [http-nio-8080-exec-2] DEBUG org.mybatis.spring.SqlSessionUtils - Releasing transactional SqlSession [org.apache.ibatis.session.defaults.DefaultSqlSession@5a743f88]
2025-07-09 10:05:43.316 [http-nio-8080-exec-2] INFO  c.wio.crm.service.DashboardService - SQL 쿼리 실행 후 callCountList size: 2
2025-07-09 10:05:43.316 [http-nio-8080-exec-2] INFO  c.wio.crm.service.DashboardService - 첫 번째 항목 필드 확인: gubn=[3], prc_Date=[20250708], hour_09=[0], hour_10=[2], hour_11=[2], hour_12=[1], callSum=[16]
2025-07-09 10:05:43.316 [http-nio-8080-exec-2] INFO  c.wio.crm.service.DashboardService - 항목 #1: gubn=[3], prc_Date=[20250708], hour_09=[0], hour_10=[2], hour_11=[2], hour_12=[1], callSum=[16]
2025-07-09 10:05:43.316 [http-nio-8080-exec-2] INFO  c.wio.crm.service.DashboardService - 항목 #2: gubn=[1], prc_Date=[20250709], hour_09=[0], hour_10=[0], hour_11=[0], hour_12=[0], callSum=[0]
2025-07-09 10:05:43.316 [http-nio-8080-exec-2] INFO  c.wio.crm.service.DashboardService - data 맵에 callCountList 추가 완료. data 크기: 1
2025-07-09 10:05:43.316 [http-nio-8080-exec-2] DEBUG org.mybatis.spring.SqlSessionUtils - Transaction synchronization committing SqlSession [org.apache.ibatis.session.defaults.DefaultSqlSession@5a743f88]
2025-07-09 10:05:43.316 [http-nio-8080-exec-2] DEBUG org.mybatis.spring.SqlSessionUtils - Transaction synchronization deregistering SqlSession [org.apache.ibatis.session.defaults.DefaultSqlSession@5a743f88]
2025-07-09 10:05:43.316 [http-nio-8080-exec-2] DEBUG org.mybatis.spring.SqlSessionUtils - Transaction synchronization closing SqlSession [org.apache.ibatis.session.defaults.DefaultSqlSession@5a743f88]
2025-07-09 10:05:43.318 [http-nio-8080-exec-10] DEBUG org.mybatis.spring.SqlSessionUtils - Creating a new SqlSession
2025-07-09 10:05:43.318 [http-nio-8080-exec-10] DEBUG org.mybatis.spring.SqlSessionUtils - Registering transaction synchronization for SqlSession [org.apache.ibatis.session.defaults.DefaultSqlSession@11674269]
2025-07-09 10:05:43.318 [http-nio-8080-exec-10] DEBUG o.m.s.t.SpringManagedTransaction - JDBC Connection [HikariProxyConnection@467710884 wrapping oracle.jdbc.driver.T4CConnection@7511f2eb] will be managed by Spring
2025-07-09 10:05:43.331 [http-nio-8080-exec-9] DEBUG org.mybatis.spring.SqlSessionUtils - Creating a new SqlSession
2025-07-09 10:05:43.331 [http-nio-8080-exec-9] DEBUG org.mybatis.spring.SqlSessionUtils - Registering transaction synchronization for SqlSession [org.apache.ibatis.session.defaults.DefaultSqlSession@71221d70]
2025-07-09 10:05:43.332 [http-nio-8080-exec-9] DEBUG o.m.s.t.SpringManagedTransaction - JDBC Connection [HikariProxyConnection@1678200041 wrapping oracle.jdbc.driver.T4CConnection@72674c95] will be managed by Spring
2025-07-09 10:05:43.334 [http-nio-8080-exec-10] DEBUG org.mybatis.spring.SqlSessionUtils - Releasing transactional SqlSession [org.apache.ibatis.session.defaults.DefaultSqlSession@11674269]
2025-07-09 10:05:43.335 [http-nio-8080-exec-10] DEBUG org.mybatis.spring.SqlSessionUtils - Fetched SqlSession [org.apache.ibatis.session.defaults.DefaultSqlSession@11674269] from current transaction
2025-07-09 10:05:43.338 [http-nio-8080-exec-1] DEBUG org.mybatis.spring.SqlSessionUtils - Releasing transactional SqlSession [org.apache.ibatis.session.defaults.DefaultSqlSession@4b27c8fe]
2025-07-09 10:05:43.339 [http-nio-8080-exec-1] DEBUG org.mybatis.spring.SqlSessionUtils - Transaction synchronization committing SqlSession [org.apache.ibatis.session.defaults.DefaultSqlSession@4b27c8fe]
2025-07-09 10:05:43.339 [http-nio-8080-exec-1] DEBUG org.mybatis.spring.SqlSessionUtils - Transaction synchronization deregistering SqlSession [org.apache.ibatis.session.defaults.DefaultSqlSession@4b27c8fe]
2025-07-09 10:05:43.339 [http-nio-8080-exec-1] DEBUG org.mybatis.spring.SqlSessionUtils - Transaction synchronization closing SqlSession [org.apache.ibatis.session.defaults.DefaultSqlSession@4b27c8fe]
2025-07-09 10:05:43.339 [http-nio-8080-exec-5] DEBUG org.mybatis.spring.SqlSessionUtils - Creating a new SqlSession
2025-07-09 10:05:43.339 [http-nio-8080-exec-5] DEBUG org.mybatis.spring.SqlSessionUtils - Registering transaction synchronization for SqlSession [org.apache.ibatis.session.defaults.DefaultSqlSession@43ca7469]
2025-07-09 10:05:43.340 [http-nio-8080-exec-5] DEBUG o.m.s.t.SpringManagedTransaction - JDBC Connection [HikariProxyConnection@293425332 wrapping oracle.jdbc.driver.T4CConnection@dab537c] will be managed by Spring
2025-07-09 10:05:43.342 [http-nio-8080-exec-10] WARN  o.a.i.s.AutoMappingUnknownColumnBehavior - Unknown column is detected on 'com.wio.crm.mapper.DashboardMapper.findDataForCard2' auto-mapping. Mapping parameters are [columnName=PROCESSING_RATE,propertyName=PROCESSING_RATE,propertyType=null]
2025-07-09 10:05:43.343 [http-nio-8080-exec-10] DEBUG org.mybatis.spring.SqlSessionUtils - Releasing transactional SqlSession [org.apache.ibatis.session.defaults.DefaultSqlSession@11674269]
2025-07-09 10:05:43.343 [http-nio-8080-exec-10] DEBUG org.mybatis.spring.SqlSessionUtils - Fetched SqlSession [org.apache.ibatis.session.defaults.DefaultSqlSession@11674269] from current transaction
2025-07-09 10:05:43.350 [http-nio-8080-exec-10] DEBUG org.mybatis.spring.SqlSessionUtils - Releasing transactional SqlSession [org.apache.ibatis.session.defaults.DefaultSqlSession@11674269]
2025-07-09 10:05:43.350 [http-nio-8080-exec-10] WARN  c.wio.crm.service.DashboardService - findPointList 조회 결과 없음 또는 빈 리스트
2025-07-09 10:05:43.350 [http-nio-8080-exec-10] DEBUG org.mybatis.spring.SqlSessionUtils - Fetched SqlSession [org.apache.ibatis.session.defaults.DefaultSqlSession@11674269] from current transaction
2025-07-09 10:05:43.355 [http-nio-8080-exec-9] DEBUG org.mybatis.spring.SqlSessionUtils - Releasing transactional SqlSession [org.apache.ibatis.session.defaults.DefaultSqlSession@71221d70]
2025-07-09 10:05:43.355 [http-nio-8080-exec-9] DEBUG org.mybatis.spring.SqlSessionUtils - Transaction synchronization committing SqlSession [org.apache.ibatis.session.defaults.DefaultSqlSession@71221d70]
2025-07-09 10:05:43.355 [http-nio-8080-exec-9] DEBUG org.mybatis.spring.SqlSessionUtils - Transaction synchronization deregistering SqlSession [org.apache.ibatis.session.defaults.DefaultSqlSession@71221d70]
2025-07-09 10:05:43.355 [http-nio-8080-exec-9] DEBUG org.mybatis.spring.SqlSessionUtils - Transaction synchronization closing SqlSession [org.apache.ibatis.session.defaults.DefaultSqlSession@71221d70]
2025-07-09 10:05:43.360 [http-nio-8080-exec-10] DEBUG org.mybatis.spring.SqlSessionUtils - Releasing transactional SqlSession [org.apache.ibatis.session.defaults.DefaultSqlSession@11674269]
2025-07-09 10:05:43.361 [http-nio-8080-exec-10] INFO  c.wio.crm.service.DashboardService - [원본 데이터 확인] card1Data 원래 상태: count_Com=[0](타입:java.lang.String), todayCom=[0](타입:java.lang.String), todayMiss=[0](타입:java.lang.String), todayEme=[3](타입:java.lang.String), processing_rate=[0](타입:java.lang.String)
2025-07-09 10:05:43.361 [http-nio-8080-exec-10] INFO  c.wio.crm.service.DashboardService - [확인] count_Com이 null 또는 0, 실제 쿼리 결과값 사용
2025-07-09 10:05:43.361 [http-nio-8080-exec-10] INFO  c.wio.crm.service.DashboardService - [확인] processing_rate가 SQL에서 null 또는 0으로 반환됨
2025-07-09 10:05:43.361 [http-nio-8080-exec-10] INFO  c.wio.crm.service.DashboardService - [계산] count_sum을 0로 계산하여 설정
2025-07-09 10:05:43.361 [http-nio-8080-exec-10] DEBUG org.mybatis.spring.SqlSessionUtils - Fetched SqlSession [org.apache.ibatis.session.defaults.DefaultSqlSession@11674269] from current transaction
2025-07-09 10:05:43.361 [http-nio-8080-exec-5] DEBUG org.mybatis.spring.SqlSessionUtils - Releasing transactional SqlSession [org.apache.ibatis.session.defaults.DefaultSqlSession@43ca7469]
2025-07-09 10:05:43.362 [http-nio-8080-exec-5] DEBUG org.mybatis.spring.SqlSessionUtils - Fetched SqlSession [org.apache.ibatis.session.defaults.DefaultSqlSession@43ca7469] from current transaction
2025-07-09 10:05:43.370 [http-nio-8080-exec-3] DEBUG org.mybatis.spring.SqlSessionUtils - Releasing transactional SqlSession [org.apache.ibatis.session.defaults.DefaultSqlSession@6a2fff6b]
2025-07-09 10:05:43.370 [http-nio-8080-exec-5] DEBUG org.mybatis.spring.SqlSessionUtils - Releasing transactional SqlSession [org.apache.ibatis.session.defaults.DefaultSqlSession@43ca7469]
2025-07-09 10:05:43.370 [http-nio-8080-exec-3] DEBUG org.mybatis.spring.SqlSessionUtils - Transaction synchronization committing SqlSession [org.apache.ibatis.session.defaults.DefaultSqlSession@6a2fff6b]
2025-07-09 10:05:43.370 [http-nio-8080-exec-5] DEBUG org.mybatis.spring.SqlSessionUtils - Transaction synchronization committing SqlSession [org.apache.ibatis.session.defaults.DefaultSqlSession@43ca7469]
2025-07-09 10:05:43.370 [http-nio-8080-exec-3] DEBUG org.mybatis.spring.SqlSessionUtils - Transaction synchronization deregistering SqlSession [org.apache.ibatis.session.defaults.DefaultSqlSession@6a2fff6b]
2025-07-09 10:05:43.370 [http-nio-8080-exec-5] DEBUG org.mybatis.spring.SqlSessionUtils - Transaction synchronization deregistering SqlSession [org.apache.ibatis.session.defaults.DefaultSqlSession@43ca7469]
2025-07-09 10:05:43.370 [http-nio-8080-exec-3] DEBUG org.mybatis.spring.SqlSessionUtils - Transaction synchronization closing SqlSession [org.apache.ibatis.session.defaults.DefaultSqlSession@6a2fff6b]
2025-07-09 10:05:43.370 [http-nio-8080-exec-5] DEBUG org.mybatis.spring.SqlSessionUtils - Transaction synchronization closing SqlSession [org.apache.ibatis.session.defaults.DefaultSqlSession@43ca7469]
2025-07-09 10:05:43.371 [http-nio-8080-exec-10] DEBUG org.mybatis.spring.SqlSessionUtils - Releasing transactional SqlSession [org.apache.ibatis.session.defaults.DefaultSqlSession@11674269]
2025-07-09 10:05:43.371 [http-nio-8080-exec-10] DEBUG org.mybatis.spring.SqlSessionUtils - Fetched SqlSession [org.apache.ibatis.session.defaults.DefaultSqlSession@11674269] from current transaction
2025-07-09 10:05:43.386 [http-nio-8080-exec-10] DEBUG org.mybatis.spring.SqlSessionUtils - Releasing transactional SqlSession [org.apache.ibatis.session.defaults.DefaultSqlSession@11674269]
2025-07-09 10:05:43.387 [http-nio-8080-exec-10] DEBUG org.mybatis.spring.SqlSessionUtils - Fetched SqlSession [org.apache.ibatis.session.defaults.DefaultSqlSession@11674269] from current transaction
2025-07-09 10:05:43.420 [http-nio-8080-exec-10] DEBUG org.mybatis.spring.SqlSessionUtils - Releasing transactional SqlSession [org.apache.ibatis.session.defaults.DefaultSqlSession@11674269]
2025-07-09 10:05:43.420 [http-nio-8080-exec-10] DEBUG org.mybatis.spring.SqlSessionUtils - Fetched SqlSession [org.apache.ibatis.session.defaults.DefaultSqlSession@11674269] from current transaction
2025-07-09 10:05:43.430 [http-nio-8080-exec-10] DEBUG org.mybatis.spring.SqlSessionUtils - Releasing transactional SqlSession [org.apache.ibatis.session.defaults.DefaultSqlSession@11674269]
2025-07-09 10:05:43.430 [http-nio-8080-exec-10] DEBUG org.mybatis.spring.SqlSessionUtils - Fetched SqlSession [org.apache.ibatis.session.defaults.DefaultSqlSession@11674269] from current transaction
2025-07-09 10:05:43.438 [http-nio-8080-exec-10] DEBUG org.mybatis.spring.SqlSessionUtils - Releasing transactional SqlSession [org.apache.ibatis.session.defaults.DefaultSqlSession@11674269]
2025-07-09 10:05:43.438 [http-nio-8080-exec-10] DEBUG org.mybatis.spring.SqlSessionUtils - Fetched SqlSession [org.apache.ibatis.session.defaults.DefaultSqlSession@11674269] from current transaction
2025-07-09 10:05:43.453 [http-nio-8080-exec-10] DEBUG org.mybatis.spring.SqlSessionUtils - Releasing transactional SqlSession [org.apache.ibatis.session.defaults.DefaultSqlSession@11674269]
2025-07-09 10:05:43.453 [http-nio-8080-exec-10] INFO  c.wio.crm.service.DashboardService - [최종 확인] 카드1 데이터(수정 후): {count_Com=0, todayCom=0, todayMiss=0, todayEme=3, processing_rate=0, count_sum=0}
2025-07-09 10:05:43.453 [http-nio-8080-exec-10] DEBUG org.mybatis.spring.SqlSessionUtils - Transaction synchronization committing SqlSession [org.apache.ibatis.session.defaults.DefaultSqlSession@11674269]
2025-07-09 10:05:43.453 [http-nio-8080-exec-10] DEBUG org.mybatis.spring.SqlSessionUtils - Transaction synchronization deregistering SqlSession [org.apache.ibatis.session.defaults.DefaultSqlSession@11674269]
2025-07-09 10:05:43.453 [http-nio-8080-exec-10] DEBUG org.mybatis.spring.SqlSessionUtils - Transaction synchronization closing SqlSession [org.apache.ibatis.session.defaults.DefaultSqlSession@11674269]
2025-07-09 10:05:49.143 [http-nio-8080-exec-7] INFO  c.w.c.controller.ExchangeController - 교환/반품 목록 조회 - 검색조건: ReturnItemSearchDTO(keyword=null, startDate=null, endDate=null, returnTypeCode=null, returnStatusCode=null, siteName=null, paymentStatus=null, brandFilter=null, page=0, size=20, sortBy=id, sortDir=DESC), 필터: null
2025-07-09 10:05:49.154 [http-nio-8080-exec-7] INFO  c.w.c.s.impl.ReturnItemServiceImpl - 📋 Oracle 11g 호환 전체 목록 조회 - page: 0, size: 20
2025-07-09 10:05:49.154 [http-nio-8080-exec-7] INFO  c.w.c.s.impl.ReturnItemServiceImpl - 🔢 페이징 파라미터 - startRow: 0, endRow: 20
2025-07-09 10:05:49.344 [http-nio-8080-exec-7] INFO  c.w.c.s.impl.ReturnItemServiceImpl - ✅ 조회 결과 - items: 20, totalCount: 4605
2025-07-09 10:05:49.354 [http-nio-8080-exec-7] INFO  c.w.c.controller.ExchangeController - 📋 전체 조회 완료 - 결과 수: 4605
2025-07-09 10:05:49.355 [http-nio-8080-exec-7] INFO  c.w.c.controller.ExchangeController - 🔍 통계 조회 - 검색 조건 존재: false, 검색DTO: ReturnItemSearchDTO(keyword=null, startDate=null, endDate=null, returnTypeCode=null, returnStatusCode=null, siteName=null, paymentStatus=null, brandFilter=null, page=0, size=20, sortBy=id, sortDir=DESC)
2025-07-09 10:05:49.355 [http-nio-8080-exec-7] INFO  c.w.c.controller.ExchangeController - 📊 전체 데이터 기반 통합 통계 조회 시작
2025-07-09 10:05:49.355 [http-nio-8080-exec-7] DEBUG org.mybatis.spring.SqlSessionUtils - Creating a new SqlSession
2025-07-09 10:05:49.355 [http-nio-8080-exec-7] DEBUG org.mybatis.spring.SqlSessionUtils - Registering transaction synchronization for SqlSession [org.apache.ibatis.session.defaults.DefaultSqlSession@63895037]
2025-07-09 10:05:49.356 [http-nio-8080-exec-7] DEBUG o.m.s.t.SpringManagedTransaction - JDBC Connection [HikariProxyConnection@838538305 wrapping oracle.jdbc.driver.T4CConnection@72674c95] will be managed by Spring
2025-07-09 10:05:49.398 [http-nio-8080-exec-7] DEBUG org.mybatis.spring.SqlSessionUtils - Releasing transactional SqlSession [org.apache.ibatis.session.defaults.DefaultSqlSession@63895037]
2025-07-09 10:05:49.398 [http-nio-8080-exec-7] INFO  c.w.c.s.impl.ReturnItemServiceImpl - 🚀 통합 통계 조회 완료 - 소요시간: 43ms, 결과: {LOGISTICSPENDINGCOUNT=278, PAYMENTCOMPLETEDCOUNT=0, COLLECTIONPENDINGCOUNT=159, COLLECTIONCOMPLETEDCOUNT=349, OVERDUETENDAYSCOUNT=288, RENOMACOUNT=1104, PAYMENTPENDINGCOUNT=1, CORALICCOUNT=3501, FULLRETURNCOUNT=3659, INCOMPLETEDCOUNT=508, TOTALREFUNDAMOUNT=155343134, PARTIALEXCHANGECOUNT=0, RETURNREFUNDEDCOUNT=69, COMPLETEDCOUNT=4097, EXCHANGENOTSHIPPEDCOUNT=8, LOGISTICSCONFIRMEDCOUNT=230, RETURNNOTREFUNDEDCOUNT=412, FULLEXCHANGECOUNT=447, EXCHANGESHIPPEDCOUNT=19, DELAYEDCOUNT=429, AVGREFUNDAMOUNT=33734, PARTIALRETURNCOUNT=499, TODAYCOUNT=0, TOTALCOUNT=4605}
2025-07-09 10:05:49.399 [http-nio-8080-exec-7] DEBUG org.mybatis.spring.SqlSessionUtils - Transaction synchronization committing SqlSession [org.apache.ibatis.session.defaults.DefaultSqlSession@63895037]
2025-07-09 10:05:49.399 [http-nio-8080-exec-7] DEBUG org.mybatis.spring.SqlSessionUtils - Transaction synchronization deregistering SqlSession [org.apache.ibatis.session.defaults.DefaultSqlSession@63895037]
2025-07-09 10:05:49.399 [http-nio-8080-exec-7] DEBUG org.mybatis.spring.SqlSessionUtils - Transaction synchronization closing SqlSession [org.apache.ibatis.session.defaults.DefaultSqlSession@63895037]
2025-07-09 10:05:49.405 [http-nio-8080-exec-7] INFO  c.w.c.controller.ExchangeController - ✅ 전체 데이터 기반 통합 통계 조회 완료
2025-07-09 10:05:49.405 [http-nio-8080-exec-7] WARN  c.w.c.controller.ExchangeController - ⚠️ 키를 찾을 수 없음 - key: collectionCompletedCount, 사용 가능한 키들: [LOGISTICSPENDINGCOUNT, PAYMENTCOMPLETEDCOUNT, COLLECTIONPENDINGCOUNT, COLLECTIONCOMPLETEDCOUNT, OVERDUETENDAYSCOUNT, RENOMACOUNT, PAYMENTPENDINGCOUNT, CORALICCOUNT, FULLRETURNCOUNT, INCOMPLETEDCOUNT, TOTALREFUNDAMOUNT, PARTIALEXCHANGECOUNT, RETURNREFUNDEDCOUNT, COMPLETEDCOUNT, EXCHANGENOTSHIPPEDCOUNT, LOGISTICSCONFIRMEDCOUNT, RETURNNOTREFUNDEDCOUNT, FULLEXCHANGECOUNT, EXCHANGESHIPPEDCOUNT, DELAYEDCOUNT, AVGREFUNDAMOUNT, PARTIALRETURNCOUNT, TODAYCOUNT, TOTALCOUNT]
2025-07-09 10:05:49.405 [http-nio-8080-exec-7] WARN  c.w.c.controller.ExchangeController - ⚠️ 키를 찾을 수 없음 - key: collectionPendingCount, 사용 가능한 키들: [LOGISTICSPENDINGCOUNT, PAYMENTCOMPLETEDCOUNT, COLLECTIONPENDINGCOUNT, COLLECTIONCOMPLETEDCOUNT, OVERDUETENDAYSCOUNT, RENOMACOUNT, PAYMENTPENDINGCOUNT, CORALICCOUNT, FULLRETURNCOUNT, INCOMPLETEDCOUNT, TOTALREFUNDAMOUNT, PARTIALEXCHANGECOUNT, RETURNREFUNDEDCOUNT, COMPLETEDCOUNT, EXCHANGENOTSHIPPEDCOUNT, LOGISTICSCONFIRMEDCOUNT, RETURNNOTREFUNDEDCOUNT, FULLEXCHANGECOUNT, EXCHANGESHIPPEDCOUNT, DELAYEDCOUNT, AVGREFUNDAMOUNT, PARTIALRETURNCOUNT, TODAYCOUNT, TOTALCOUNT]
2025-07-09 10:05:49.405 [http-nio-8080-exec-7] WARN  c.w.c.controller.ExchangeController - ⚠️ 키를 찾을 수 없음 - key: logisticsConfirmedCount, 사용 가능한 키들: [LOGISTICSPENDINGCOUNT, PAYMENTCOMPLETEDCOUNT, COLLECTIONPENDINGCOUNT, COLLECTIONCOMPLETEDCOUNT, OVERDUETENDAYSCOUNT, RENOMACOUNT, PAYMENTPENDINGCOUNT, CORALICCOUNT, FULLRETURNCOUNT, INCOMPLETEDCOUNT, TOTALREFUNDAMOUNT, PARTIALEXCHANGECOUNT, RETURNREFUNDEDCOUNT, COMPLETEDCOUNT, EXCHANGENOTSHIPPEDCOUNT, LOGISTICSCONFIRMEDCOUNT, RETURNNOTREFUNDEDCOUNT, FULLEXCHANGECOUNT, EXCHANGESHIPPEDCOUNT, DELAYEDCOUNT, AVGREFUNDAMOUNT, PARTIALRETURNCOUNT, TODAYCOUNT, TOTALCOUNT]
2025-07-09 10:05:49.406 [http-nio-8080-exec-7] WARN  c.w.c.controller.ExchangeController - ⚠️ 키를 찾을 수 없음 - key: logisticsPendingCount, 사용 가능한 키들: [LOGISTICSPENDINGCOUNT, PAYMENTCOMPLETEDCOUNT, COLLECTIONPENDINGCOUNT, COLLECTIONCOMPLETEDCOUNT, OVERDUETENDAYSCOUNT, RENOMACOUNT, PAYMENTPENDINGCOUNT, CORALICCOUNT, FULLRETURNCOUNT, INCOMPLETEDCOUNT, TOTALREFUNDAMOUNT, PARTIALEXCHANGECOUNT, RETURNREFUNDEDCOUNT, COMPLETEDCOUNT, EXCHANGENOTSHIPPEDCOUNT, LOGISTICSCONFIRMEDCOUNT, RETURNNOTREFUNDEDCOUNT, FULLEXCHANGECOUNT, EXCHANGESHIPPEDCOUNT, DELAYEDCOUNT, AVGREFUNDAMOUNT, PARTIALRETURNCOUNT, TODAYCOUNT, TOTALCOUNT]
2025-07-09 10:05:49.406 [http-nio-8080-exec-7] WARN  c.w.c.controller.ExchangeController - ⚠️ 키를 찾을 수 없음 - key: exchangeShippedCount, 사용 가능한 키들: [LOGISTICSPENDINGCOUNT, PAYMENTCOMPLETEDCOUNT, COLLECTIONPENDINGCOUNT, COLLECTIONCOMPLETEDCOUNT, OVERDUETENDAYSCOUNT, RENOMACOUNT, PAYMENTPENDINGCOUNT, CORALICCOUNT, FULLRETURNCOUNT, INCOMPLETEDCOUNT, TOTALREFUNDAMOUNT, PARTIALEXCHANGECOUNT, RETURNREFUNDEDCOUNT, COMPLETEDCOUNT, EXCHANGENOTSHIPPEDCOUNT, LOGISTICSCONFIRMEDCOUNT, RETURNNOTREFUNDEDCOUNT, FULLEXCHANGECOUNT, EXCHANGESHIPPEDCOUNT, DELAYEDCOUNT, AVGREFUNDAMOUNT, PARTIALRETURNCOUNT, TODAYCOUNT, TOTALCOUNT]
2025-07-09 10:05:49.406 [http-nio-8080-exec-7] WARN  c.w.c.controller.ExchangeController - ⚠️ 키를 찾을 수 없음 - key: exchangeNotShippedCount, 사용 가능한 키들: [LOGISTICSPENDINGCOUNT, PAYMENTCOMPLETEDCOUNT, COLLECTIONPENDINGCOUNT, COLLECTIONCOMPLETEDCOUNT, OVERDUETENDAYSCOUNT, RENOMACOUNT, PAYMENTPENDINGCOUNT, CORALICCOUNT, FULLRETURNCOUNT, INCOMPLETEDCOUNT, TOTALREFUNDAMOUNT, PARTIALEXCHANGECOUNT, RETURNREFUNDEDCOUNT, COMPLETEDCOUNT, EXCHANGENOTSHIPPEDCOUNT, LOGISTICSCONFIRMEDCOUNT, RETURNNOTREFUNDEDCOUNT, FULLEXCHANGECOUNT, EXCHANGESHIPPEDCOUNT, DELAYEDCOUNT, AVGREFUNDAMOUNT, PARTIALRETURNCOUNT, TODAYCOUNT, TOTALCOUNT]
2025-07-09 10:05:49.406 [http-nio-8080-exec-7] WARN  c.w.c.controller.ExchangeController - ⚠️ 키를 찾을 수 없음 - key: returnRefundedCount, 사용 가능한 키들: [LOGISTICSPENDINGCOUNT, PAYMENTCOMPLETEDCOUNT, COLLECTIONPENDINGCOUNT, COLLECTIONCOMPLETEDCOUNT, OVERDUETENDAYSCOUNT, RENOMACOUNT, PAYMENTPENDINGCOUNT, CORALICCOUNT, FULLRETURNCOUNT, INCOMPLETEDCOUNT, TOTALREFUNDAMOUNT, PARTIALEXCHANGECOUNT, RETURNREFUNDEDCOUNT, COMPLETEDCOUNT, EXCHANGENOTSHIPPEDCOUNT, LOGISTICSCONFIRMEDCOUNT, RETURNNOTREFUNDEDCOUNT, FULLEXCHANGECOUNT, EXCHANGESHIPPEDCOUNT, DELAYEDCOUNT, AVGREFUNDAMOUNT, PARTIALRETURNCOUNT, TODAYCOUNT, TOTALCOUNT]
2025-07-09 10:05:49.406 [http-nio-8080-exec-7] WARN  c.w.c.controller.ExchangeController - ⚠️ 키를 찾을 수 없음 - key: returnNotRefundedCount, 사용 가능한 키들: [LOGISTICSPENDINGCOUNT, PAYMENTCOMPLETEDCOUNT, COLLECTIONPENDINGCOUNT, COLLECTIONCOMPLETEDCOUNT, OVERDUETENDAYSCOUNT, RENOMACOUNT, PAYMENTPENDINGCOUNT, CORALICCOUNT, FULLRETURNCOUNT, INCOMPLETEDCOUNT, TOTALREFUNDAMOUNT, PARTIALEXCHANGECOUNT, RETURNREFUNDEDCOUNT, COMPLETEDCOUNT, EXCHANGENOTSHIPPEDCOUNT, LOGISTICSCONFIRMEDCOUNT, RETURNNOTREFUNDEDCOUNT, FULLEXCHANGECOUNT, EXCHANGESHIPPEDCOUNT, DELAYEDCOUNT, AVGREFUNDAMOUNT, PARTIALRETURNCOUNT, TODAYCOUNT, TOTALCOUNT]
2025-07-09 10:05:49.406 [http-nio-8080-exec-7] WARN  c.w.c.controller.ExchangeController - ⚠️ 키를 찾을 수 없음 - key: paymentCompletedCount, 사용 가능한 키들: [LOGISTICSPENDINGCOUNT, PAYMENTCOMPLETEDCOUNT, COLLECTIONPENDINGCOUNT, COLLECTIONCOMPLETEDCOUNT, OVERDUETENDAYSCOUNT, RENOMACOUNT, PAYMENTPENDINGCOUNT, CORALICCOUNT, FULLRETURNCOUNT, INCOMPLETEDCOUNT, TOTALREFUNDAMOUNT, PARTIALEXCHANGECOUNT, RETURNREFUNDEDCOUNT, COMPLETEDCOUNT, EXCHANGENOTSHIPPEDCOUNT, LOGISTICSCONFIRMEDCOUNT, RETURNNOTREFUNDEDCOUNT, FULLEXCHANGECOUNT, EXCHANGESHIPPEDCOUNT, DELAYEDCOUNT, AVGREFUNDAMOUNT, PARTIALRETURNCOUNT, TODAYCOUNT, TOTALCOUNT]
2025-07-09 10:05:49.406 [http-nio-8080-exec-7] WARN  c.w.c.controller.ExchangeController - ⚠️ 키를 찾을 수 없음 - key: paymentPendingCount, 사용 가능한 키들: [LOGISTICSPENDINGCOUNT, PAYMENTCOMPLETEDCOUNT, COLLECTIONPENDINGCOUNT, COLLECTIONCOMPLETEDCOUNT, OVERDUETENDAYSCOUNT, RENOMACOUNT, PAYMENTPENDINGCOUNT, CORALICCOUNT, FULLRETURNCOUNT, INCOMPLETEDCOUNT, TOTALREFUNDAMOUNT, PARTIALEXCHANGECOUNT, RETURNREFUNDEDCOUNT, COMPLETEDCOUNT, EXCHANGENOTSHIPPEDCOUNT, LOGISTICSCONFIRMEDCOUNT, RETURNNOTREFUNDEDCOUNT, FULLEXCHANGECOUNT, EXCHANGESHIPPEDCOUNT, DELAYEDCOUNT, AVGREFUNDAMOUNT, PARTIALRETURNCOUNT, TODAYCOUNT, TOTALCOUNT]
2025-07-09 10:05:49.406 [http-nio-8080-exec-7] WARN  c.w.c.controller.ExchangeController - ⚠️ 키를 찾을 수 없음 - key: completedCount, 사용 가능한 키들: [LOGISTICSPENDINGCOUNT, PAYMENTCOMPLETEDCOUNT, COLLECTIONPENDINGCOUNT, COLLECTIONCOMPLETEDCOUNT, OVERDUETENDAYSCOUNT, RENOMACOUNT, PAYMENTPENDINGCOUNT, CORALICCOUNT, FULLRETURNCOUNT, INCOMPLETEDCOUNT, TOTALREFUNDAMOUNT, PARTIALEXCHANGECOUNT, RETURNREFUNDEDCOUNT, COMPLETEDCOUNT, EXCHANGENOTSHIPPEDCOUNT, LOGISTICSCONFIRMEDCOUNT, RETURNNOTREFUNDEDCOUNT, FULLEXCHANGECOUNT, EXCHANGESHIPPEDCOUNT, DELAYEDCOUNT, AVGREFUNDAMOUNT, PARTIALRETURNCOUNT, TODAYCOUNT, TOTALCOUNT]
2025-07-09 10:05:49.406 [http-nio-8080-exec-7] WARN  c.w.c.controller.ExchangeController - ⚠️ 키를 찾을 수 없음 - key: incompletedCount, 사용 가능한 키들: [LOGISTICSPENDINGCOUNT, PAYMENTCOMPLETEDCOUNT, COLLECTIONPENDINGCOUNT, COLLECTIONCOMPLETEDCOUNT, OVERDUETENDAYSCOUNT, RENOMACOUNT, PAYMENTPENDINGCOUNT, CORALICCOUNT, FULLRETURNCOUNT, INCOMPLETEDCOUNT, TOTALREFUNDAMOUNT, PARTIALEXCHANGECOUNT, RETURNREFUNDEDCOUNT, COMPLETEDCOUNT, EXCHANGENOTSHIPPEDCOUNT, LOGISTICSCONFIRMEDCOUNT, RETURNNOTREFUNDEDCOUNT, FULLEXCHANGECOUNT, EXCHANGESHIPPEDCOUNT, DELAYEDCOUNT, AVGREFUNDAMOUNT, PARTIALRETURNCOUNT, TODAYCOUNT, TOTALCOUNT]
2025-07-09 10:05:49.415 [http-nio-8080-exec-7] INFO  c.w.c.s.impl.ReturnItemServiceImpl - 🚨 10일 경과 미완료 건수: 288
2025-07-09 10:05:49.421 [http-nio-8080-exec-7] INFO  c.w.c.controller.ExchangeController - 🚨 처리기간 임박 건수 조회 완료: 288 건
2025-07-09 10:05:49.421 [http-nio-8080-exec-7] WARN  c.w.c.controller.ExchangeController - ⚠️ 키를 찾을 수 없음 - key: fullExchangeCount, 사용 가능한 키들: [LOGISTICSPENDINGCOUNT, PAYMENTCOMPLETEDCOUNT, COLLECTIONPENDINGCOUNT, COLLECTIONCOMPLETEDCOUNT, OVERDUETENDAYSCOUNT, RENOMACOUNT, PAYMENTPENDINGCOUNT, CORALICCOUNT, FULLRETURNCOUNT, INCOMPLETEDCOUNT, TOTALREFUNDAMOUNT, PARTIALEXCHANGECOUNT, RETURNREFUNDEDCOUNT, COMPLETEDCOUNT, EXCHANGENOTSHIPPEDCOUNT, LOGISTICSCONFIRMEDCOUNT, RETURNNOTREFUNDEDCOUNT, FULLEXCHANGECOUNT, EXCHANGESHIPPEDCOUNT, DELAYEDCOUNT, AVGREFUNDAMOUNT, PARTIALRETURNCOUNT, TODAYCOUNT, TOTALCOUNT]
2025-07-09 10:05:49.421 [http-nio-8080-exec-7] WARN  c.w.c.controller.ExchangeController - ⚠️ 키를 찾을 수 없음 - key: partialExchangeCount, 사용 가능한 키들: [LOGISTICSPENDINGCOUNT, PAYMENTCOMPLETEDCOUNT, COLLECTIONPENDINGCOUNT, COLLECTIONCOMPLETEDCOUNT, OVERDUETENDAYSCOUNT, RENOMACOUNT, PAYMENTPENDINGCOUNT, CORALICCOUNT, FULLRETURNCOUNT, INCOMPLETEDCOUNT, TOTALREFUNDAMOUNT, PARTIALEXCHANGECOUNT, RETURNREFUNDEDCOUNT, COMPLETEDCOUNT, EXCHANGENOTSHIPPEDCOUNT, LOGISTICSCONFIRMEDCOUNT, RETURNNOTREFUNDEDCOUNT, FULLEXCHANGECOUNT, EXCHANGESHIPPEDCOUNT, DELAYEDCOUNT, AVGREFUNDAMOUNT, PARTIALRETURNCOUNT, TODAYCOUNT, TOTALCOUNT]
2025-07-09 10:05:49.421 [http-nio-8080-exec-7] WARN  c.w.c.controller.ExchangeController - ⚠️ 키를 찾을 수 없음 - key: fullReturnCount, 사용 가능한 키들: [LOGISTICSPENDINGCOUNT, PAYMENTCOMPLETEDCOUNT, COLLECTIONPENDINGCOUNT, COLLECTIONCOMPLETEDCOUNT, OVERDUETENDAYSCOUNT, RENOMACOUNT, PAYMENTPENDINGCOUNT, CORALICCOUNT, FULLRETURNCOUNT, INCOMPLETEDCOUNT, TOTALREFUNDAMOUNT, PARTIALEXCHANGECOUNT, RETURNREFUNDEDCOUNT, COMPLETEDCOUNT, EXCHANGENOTSHIPPEDCOUNT, LOGISTICSCONFIRMEDCOUNT, RETURNNOTREFUNDEDCOUNT, FULLEXCHANGECOUNT, EXCHANGESHIPPEDCOUNT, DELAYEDCOUNT, AVGREFUNDAMOUNT, PARTIALRETURNCOUNT, TODAYCOUNT, TOTALCOUNT]
2025-07-09 10:05:49.421 [http-nio-8080-exec-7] WARN  c.w.c.controller.ExchangeController - ⚠️ 키를 찾을 수 없음 - key: partialReturnCount, 사용 가능한 키들: [LOGISTICSPENDINGCOUNT, PAYMENTCOMPLETEDCOUNT, COLLECTIONPENDINGCOUNT, COLLECTIONCOMPLETEDCOUNT, OVERDUETENDAYSCOUNT, RENOMACOUNT, PAYMENTPENDINGCOUNT, CORALICCOUNT, FULLRETURNCOUNT, INCOMPLETEDCOUNT, TOTALREFUNDAMOUNT, PARTIALEXCHANGECOUNT, RETURNREFUNDEDCOUNT, COMPLETEDCOUNT, EXCHANGENOTSHIPPEDCOUNT, LOGISTICSCONFIRMEDCOUNT, RETURNNOTREFUNDEDCOUNT, FULLEXCHANGECOUNT, EXCHANGESHIPPEDCOUNT, DELAYEDCOUNT, AVGREFUNDAMOUNT, PARTIALRETURNCOUNT, TODAYCOUNT, TOTALCOUNT]
2025-07-09 10:05:49.422 [http-nio-8080-exec-7] WARN  c.w.c.controller.ExchangeController - ⚠️ 키를 찾을 수 없음 - key: renomaCount, 사용 가능한 키들: [LOGISTICSPENDINGCOUNT, PAYMENTCOMPLETEDCOUNT, COLLECTIONPENDINGCOUNT, COLLECTIONCOMPLETEDCOUNT, OVERDUETENDAYSCOUNT, RENOMACOUNT, PAYMENTPENDINGCOUNT, CORALICCOUNT, FULLRETURNCOUNT, INCOMPLETEDCOUNT, TOTALREFUNDAMOUNT, PARTIALEXCHANGECOUNT, RETURNREFUNDEDCOUNT, COMPLETEDCOUNT, EXCHANGENOTSHIPPEDCOUNT, LOGISTICSCONFIRMEDCOUNT, RETURNNOTREFUNDEDCOUNT, FULLEXCHANGECOUNT, EXCHANGESHIPPEDCOUNT, DELAYEDCOUNT, AVGREFUNDAMOUNT, PARTIALRETURNCOUNT, TODAYCOUNT, TOTALCOUNT]
2025-07-09 10:05:49.422 [http-nio-8080-exec-7] WARN  c.w.c.controller.ExchangeController - ⚠️ 키를 찾을 수 없음 - key: coralicCount, 사용 가능한 키들: [LOGISTICSPENDINGCOUNT, PAYMENTCOMPLETEDCOUNT, COLLECTIONPENDINGCOUNT, COLLECTIONCOMPLETEDCOUNT, OVERDUETENDAYSCOUNT, RENOMACOUNT, PAYMENTPENDINGCOUNT, CORALICCOUNT, FULLRETURNCOUNT, INCOMPLETEDCOUNT, TOTALREFUNDAMOUNT, PARTIALEXCHANGECOUNT, RETURNREFUNDEDCOUNT, COMPLETEDCOUNT, EXCHANGENOTSHIPPEDCOUNT, LOGISTICSCONFIRMEDCOUNT, RETURNNOTREFUNDEDCOUNT, FULLEXCHANGECOUNT, EXCHANGESHIPPEDCOUNT, DELAYEDCOUNT, AVGREFUNDAMOUNT, PARTIALRETURNCOUNT, TODAYCOUNT, TOTALCOUNT]
2025-07-09 10:05:49.422 [http-nio-8080-exec-7] WARN  c.w.c.controller.ExchangeController - ⚠️ 키를 찾을 수 없음 - key: totalRefundAmount, 사용 가능한 키들: [LOGISTICSPENDINGCOUNT, PAYMENTCOMPLETEDCOUNT, COLLECTIONPENDINGCOUNT, COLLECTIONCOMPLETEDCOUNT, OVERDUETENDAYSCOUNT, RENOMACOUNT, PAYMENTPENDINGCOUNT, CORALICCOUNT, FULLRETURNCOUNT, INCOMPLETEDCOUNT, TOTALREFUNDAMOUNT, PARTIALEXCHANGECOUNT, RETURNREFUNDEDCOUNT, COMPLETEDCOUNT, EXCHANGENOTSHIPPEDCOUNT, LOGISTICSCONFIRMEDCOUNT, RETURNNOTREFUNDEDCOUNT, FULLEXCHANGECOUNT, EXCHANGESHIPPEDCOUNT, DELAYEDCOUNT, AVGREFUNDAMOUNT, PARTIALRETURNCOUNT, TODAYCOUNT, TOTALCOUNT]
2025-07-09 10:05:49.422 [http-nio-8080-exec-7] WARN  c.w.c.controller.ExchangeController - ⚠️ 키를 찾을 수 없음 - key: avgRefundAmount, 사용 가능한 키들: [LOGISTICSPENDINGCOUNT, PAYMENTCOMPLETEDCOUNT, COLLECTIONPENDINGCOUNT, COLLECTIONCOMPLETEDCOUNT, OVERDUETENDAYSCOUNT, RENOMACOUNT, PAYMENTPENDINGCOUNT, CORALICCOUNT, FULLRETURNCOUNT, INCOMPLETEDCOUNT, TOTALREFUNDAMOUNT, PARTIALEXCHANGECOUNT, RETURNREFUNDEDCOUNT, COMPLETEDCOUNT, EXCHANGENOTSHIPPEDCOUNT, LOGISTICSCONFIRMEDCOUNT, RETURNNOTREFUNDEDCOUNT, FULLEXCHANGECOUNT, EXCHANGESHIPPEDCOUNT, DELAYEDCOUNT, AVGREFUNDAMOUNT, PARTIALRETURNCOUNT, TODAYCOUNT, TOTALCOUNT]
2025-07-09 10:05:49.422 [http-nio-8080-exec-7] WARN  c.w.c.controller.ExchangeController - ⚠️ 키를 찾을 수 없음 - key: todayCount, 사용 가능한 키들: [LOGISTICSPENDINGCOUNT, PAYMENTCOMPLETEDCOUNT, COLLECTIONPENDINGCOUNT, COLLECTIONCOMPLETEDCOUNT, OVERDUETENDAYSCOUNT, RENOMACOUNT, PAYMENTPENDINGCOUNT, CORALICCOUNT, FULLRETURNCOUNT, INCOMPLETEDCOUNT, TOTALREFUNDAMOUNT, PARTIALEXCHANGECOUNT, RETURNREFUNDEDCOUNT, COMPLETEDCOUNT, EXCHANGENOTSHIPPEDCOUNT, LOGISTICSCONFIRMEDCOUNT, RETURNNOTREFUNDEDCOUNT, FULLEXCHANGECOUNT, EXCHANGESHIPPEDCOUNT, DELAYEDCOUNT, AVGREFUNDAMOUNT, PARTIALRETURNCOUNT, TODAYCOUNT, TOTALCOUNT]
2025-07-09 10:05:49.423 [http-nio-8080-exec-7] DEBUG org.mybatis.spring.SqlSessionUtils - Creating a new SqlSession
2025-07-09 10:05:49.423 [http-nio-8080-exec-7] DEBUG org.mybatis.spring.SqlSessionUtils - SqlSession [org.apache.ibatis.session.defaults.DefaultSqlSession@48d50730] was not registered for synchronization because synchronization is not active
2025-07-09 10:05:49.423 [http-nio-8080-exec-7] DEBUG o.m.s.t.SpringManagedTransaction - JDBC Connection [HikariProxyConnection@1583570585 wrapping oracle.jdbc.driver.T4CConnection@72674c95] will not be managed by Spring
2025-07-09 10:05:49.428 [http-nio-8080-exec-7] DEBUG org.mybatis.spring.SqlSessionUtils - Closing non transactional SqlSession [org.apache.ibatis.session.defaults.DefaultSqlSession@48d50730]
2025-07-09 10:05:49.429 [http-nio-8080-exec-7] DEBUG org.mybatis.spring.SqlSessionUtils - Creating a new SqlSession
2025-07-09 10:05:49.429 [http-nio-8080-exec-7] DEBUG org.mybatis.spring.SqlSessionUtils - SqlSession [org.apache.ibatis.session.defaults.DefaultSqlSession@7628b8cc] was not registered for synchronization because synchronization is not active
2025-07-09 10:05:49.429 [http-nio-8080-exec-7] DEBUG o.m.s.t.SpringManagedTransaction - JDBC Connection [HikariProxyConnection@726480888 wrapping oracle.jdbc.driver.T4CConnection@72674c95] will not be managed by Spring
2025-07-09 10:05:49.435 [http-nio-8080-exec-7] DEBUG org.mybatis.spring.SqlSessionUtils - Closing non transactional SqlSession [org.apache.ibatis.session.defaults.DefaultSqlSession@7628b8cc]
2025-07-09 10:05:50.749 [http-nio-8080-exec-9] INFO  c.w.c.controller.ExchangeController - 🚀 카드 통계 조회 시작 - 검색 조건: keyword=, startDate=, endDate=
2025-07-09 10:05:50.749 [http-nio-8080-exec-9] INFO  c.w.c.controller.ExchangeController - 📊 검색 조건 여부: false | 조건 개수: 0
2025-07-09 10:05:50.749 [http-nio-8080-exec-9] INFO  c.w.c.controller.ExchangeController - 📊 전체 데이터 통계 조회
2025-07-09 10:05:50.755 [http-nio-8080-exec-9] DEBUG org.mybatis.spring.SqlSessionUtils - Creating a new SqlSession
2025-07-09 10:05:50.755 [http-nio-8080-exec-9] DEBUG org.mybatis.spring.SqlSessionUtils - Registering transaction synchronization for SqlSession [org.apache.ibatis.session.defaults.DefaultSqlSession@327d3ed1]
2025-07-09 10:05:50.755 [http-nio-8080-exec-9] DEBUG o.m.s.t.SpringManagedTransaction - JDBC Connection [HikariProxyConnection@111437407 wrapping oracle.jdbc.driver.T4CConnection@72674c95] will be managed by Spring
2025-07-09 10:05:50.774 [http-nio-8080-exec-9] DEBUG org.mybatis.spring.SqlSessionUtils - Releasing transactional SqlSession [org.apache.ibatis.session.defaults.DefaultSqlSession@327d3ed1]
2025-07-09 10:05:50.774 [http-nio-8080-exec-9] INFO  c.w.c.s.impl.ReturnItemServiceImpl - 🚀 통합 통계 조회 완료 - 소요시간: 19ms, 결과: {LOGISTICSPENDINGCOUNT=278, PAYMENTCOMPLETEDCOUNT=0, COLLECTIONPENDINGCOUNT=159, COLLECTIONCOMPLETEDCOUNT=349, OVERDUETENDAYSCOUNT=288, RENOMACOUNT=1104, PAYMENTPENDINGCOUNT=1, CORALICCOUNT=3501, FULLRETURNCOUNT=3659, INCOMPLETEDCOUNT=508, TOTALREFUNDAMOUNT=155343134, PARTIALEXCHANGECOUNT=0, RETURNREFUNDEDCOUNT=69, COMPLETEDCOUNT=4097, EXCHANGENOTSHIPPEDCOUNT=8, LOGISTICSCONFIRMEDCOUNT=230, RETURNNOTREFUNDEDCOUNT=412, FULLEXCHANGECOUNT=447, EXCHANGESHIPPEDCOUNT=19, DELAYEDCOUNT=429, AVGREFUNDAMOUNT=33734, PARTIALRETURNCOUNT=499, TODAYCOUNT=0, TOTALCOUNT=4605}
2025-07-09 10:05:50.774 [http-nio-8080-exec-9] DEBUG org.mybatis.spring.SqlSessionUtils - Transaction synchronization committing SqlSession [org.apache.ibatis.session.defaults.DefaultSqlSession@327d3ed1]
2025-07-09 10:05:50.774 [http-nio-8080-exec-9] DEBUG org.mybatis.spring.SqlSessionUtils - Transaction synchronization deregistering SqlSession [org.apache.ibatis.session.defaults.DefaultSqlSession@327d3ed1]
2025-07-09 10:05:50.775 [http-nio-8080-exec-9] DEBUG org.mybatis.spring.SqlSessionUtils - Transaction synchronization closing SqlSession [org.apache.ibatis.session.defaults.DefaultSqlSession@327d3ed1]
2025-07-09 10:05:50.786 [http-nio-8080-exec-9] INFO  c.w.c.s.impl.ReturnItemServiceImpl - 🚨 10일 경과 미완료 건수: 288
2025-07-09 10:05:50.791 [http-nio-8080-exec-9] INFO  c.w.c.controller.ExchangeController - 🚨 카드 통계 (전체) - 처리기간 임박 결과: 288 건
2025-07-09 10:05:50.791 [http-nio-8080-exec-9] INFO  c.w.c.controller.ExchangeController - ✅ 카드 통계 조회 완료 - 소요시간: 42ms
2025-07-09 10:05:53.324 [http-nio-8080-exec-10] INFO  c.w.c.controller.ExchangeController - 🚀 카드 통계 조회 시작 - 검색 조건: keyword=, startDate=, endDate=
2025-07-09 10:05:53.324 [http-nio-8080-exec-10] INFO  c.w.c.controller.ExchangeController - 📊 검색 조건 여부: false | 조건 개수: 0
2025-07-09 10:05:53.324 [http-nio-8080-exec-10] INFO  c.w.c.controller.ExchangeController - 📊 전체 데이터 통계 조회
2025-07-09 10:05:53.330 [http-nio-8080-exec-10] DEBUG org.mybatis.spring.SqlSessionUtils - Creating a new SqlSession
2025-07-09 10:05:53.330 [http-nio-8080-exec-10] DEBUG org.mybatis.spring.SqlSessionUtils - Registering transaction synchronization for SqlSession [org.apache.ibatis.session.defaults.DefaultSqlSession@32c43bab]
2025-07-09 10:05:53.330 [http-nio-8080-exec-10] DEBUG o.m.s.t.SpringManagedTransaction - JDBC Connection [HikariProxyConnection@783000845 wrapping oracle.jdbc.driver.T4CConnection@7511f2eb] will be managed by Spring
2025-07-09 10:05:53.349 [http-nio-8080-exec-10] DEBUG org.mybatis.spring.SqlSessionUtils - Releasing transactional SqlSession [org.apache.ibatis.session.defaults.DefaultSqlSession@32c43bab]
2025-07-09 10:05:53.349 [http-nio-8080-exec-10] INFO  c.w.c.s.impl.ReturnItemServiceImpl - 🚀 통합 통계 조회 완료 - 소요시간: 19ms, 결과: {LOGISTICSPENDINGCOUNT=278, PAYMENTCOMPLETEDCOUNT=0, COLLECTIONPENDINGCOUNT=159, COLLECTIONCOMPLETEDCOUNT=349, OVERDUETENDAYSCOUNT=288, RENOMACOUNT=1104, PAYMENTPENDINGCOUNT=1, CORALICCOUNT=3501, FULLRETURNCOUNT=3659, INCOMPLETEDCOUNT=508, TOTALREFUNDAMOUNT=155343134, PARTIALEXCHANGECOUNT=0, RETURNREFUNDEDCOUNT=69, COMPLETEDCOUNT=4097, EXCHANGENOTSHIPPEDCOUNT=8, LOGISTICSCONFIRMEDCOUNT=230, RETURNNOTREFUNDEDCOUNT=412, FULLEXCHANGECOUNT=447, EXCHANGESHIPPEDCOUNT=19, DELAYEDCOUNT=429, AVGREFUNDAMOUNT=33734, PARTIALRETURNCOUNT=499, TODAYCOUNT=0, TOTALCOUNT=4605}
2025-07-09 10:05:53.349 [http-nio-8080-exec-10] DEBUG org.mybatis.spring.SqlSessionUtils - Transaction synchronization committing SqlSession [org.apache.ibatis.session.defaults.DefaultSqlSession@32c43bab]
2025-07-09 10:05:53.350 [http-nio-8080-exec-10] DEBUG org.mybatis.spring.SqlSessionUtils - Transaction synchronization deregistering SqlSession [org.apache.ibatis.session.defaults.DefaultSqlSession@32c43bab]
2025-07-09 10:05:53.350 [http-nio-8080-exec-10] DEBUG org.mybatis.spring.SqlSessionUtils - Transaction synchronization closing SqlSession [org.apache.ibatis.session.defaults.DefaultSqlSession@32c43bab]
2025-07-09 10:05:53.361 [http-nio-8080-exec-10] INFO  c.w.c.s.impl.ReturnItemServiceImpl - 🚨 10일 경과 미완료 건수: 288
2025-07-09 10:05:53.367 [http-nio-8080-exec-10] INFO  c.w.c.controller.ExchangeController - 🚨 카드 통계 (전체) - 처리기간 임박 결과: 288 건
2025-07-09 10:05:53.367 [http-nio-8080-exec-10] INFO  c.w.c.controller.ExchangeController - ✅ 카드 통계 조회 완료 - 소요시간: 43ms
2025-07-09 10:05:53.942 [http-nio-8080-exec-7] INFO  c.w.c.controller.ExchangeController - 🚀 카드 통계 조회 시작 - 검색 조건: keyword=, startDate=, endDate=
2025-07-09 10:05:53.942 [http-nio-8080-exec-7] INFO  c.w.c.controller.ExchangeController - 📊 검색 조건 여부: false | 조건 개수: 0
2025-07-09 10:05:53.942 [http-nio-8080-exec-7] INFO  c.w.c.controller.ExchangeController - 📊 전체 데이터 통계 조회
2025-07-09 10:05:53.951 [http-nio-8080-exec-7] DEBUG org.mybatis.spring.SqlSessionUtils - Creating a new SqlSession
2025-07-09 10:05:53.951 [http-nio-8080-exec-7] DEBUG org.mybatis.spring.SqlSessionUtils - Registering transaction synchronization for SqlSession [org.apache.ibatis.session.defaults.DefaultSqlSession@1516d10]
2025-07-09 10:05:53.951 [http-nio-8080-exec-7] DEBUG o.m.s.t.SpringManagedTransaction - JDBC Connection [HikariProxyConnection@510971240 wrapping oracle.jdbc.driver.T4CConnection@72674c95] will be managed by Spring
2025-07-09 10:05:53.975 [http-nio-8080-exec-7] DEBUG org.mybatis.spring.SqlSessionUtils - Releasing transactional SqlSession [org.apache.ibatis.session.defaults.DefaultSqlSession@1516d10]
2025-07-09 10:05:53.975 [http-nio-8080-exec-7] INFO  c.w.c.s.impl.ReturnItemServiceImpl - 🚀 통합 통계 조회 완료 - 소요시간: 24ms, 결과: {LOGISTICSPENDINGCOUNT=278, PAYMENTCOMPLETEDCOUNT=0, COLLECTIONPENDINGCOUNT=159, COLLECTIONCOMPLETEDCOUNT=349, OVERDUETENDAYSCOUNT=288, RENOMACOUNT=1104, PAYMENTPENDINGCOUNT=1, CORALICCOUNT=3501, FULLRETURNCOUNT=3659, INCOMPLETEDCOUNT=508, TOTALREFUNDAMOUNT=155343134, PARTIALEXCHANGECOUNT=0, RETURNREFUNDEDCOUNT=69, COMPLETEDCOUNT=4097, EXCHANGENOTSHIPPEDCOUNT=8, LOGISTICSCONFIRMEDCOUNT=230, RETURNNOTREFUNDEDCOUNT=412, FULLEXCHANGECOUNT=447, EXCHANGESHIPPEDCOUNT=19, DELAYEDCOUNT=429, AVGREFUNDAMOUNT=33734, PARTIALRETURNCOUNT=499, TODAYCOUNT=0, TOTALCOUNT=4605}
2025-07-09 10:05:53.975 [http-nio-8080-exec-7] DEBUG org.mybatis.spring.SqlSessionUtils - Transaction synchronization committing SqlSession [org.apache.ibatis.session.defaults.DefaultSqlSession@1516d10]
2025-07-09 10:05:53.975 [http-nio-8080-exec-7] DEBUG org.mybatis.spring.SqlSessionUtils - Transaction synchronization deregistering SqlSession [org.apache.ibatis.session.defaults.DefaultSqlSession@1516d10]
2025-07-09 10:05:53.975 [http-nio-8080-exec-7] DEBUG org.mybatis.spring.SqlSessionUtils - Transaction synchronization closing SqlSession [org.apache.ibatis.session.defaults.DefaultSqlSession@1516d10]
2025-07-09 10:05:53.989 [http-nio-8080-exec-7] INFO  c.w.c.s.impl.ReturnItemServiceImpl - 🚨 10일 경과 미완료 건수: 288
2025-07-09 10:05:53.994 [http-nio-8080-exec-7] INFO  c.w.c.controller.ExchangeController - 🚨 카드 통계 (전체) - 처리기간 임박 결과: 288 건
2025-07-09 10:05:53.994 [http-nio-8080-exec-7] INFO  c.w.c.controller.ExchangeController - ✅ 카드 통계 조회 완료 - 소요시간: 52ms
2025-07-09 10:05:54.526 [http-nio-8080-exec-1] INFO  c.w.c.controller.ExchangeController - 📅 일괄 날짜 업데이트 요청 - 대상 건수: 2
2025-07-09 10:05:54.526 [http-nio-8080-exec-1] INFO  c.w.c.controller.ExchangeController - 📝 날짜 수정자: test
2025-07-09 10:05:54.575 [http-nio-8080-exec-1] INFO  c.w.c.controller.ExchangeController - ✅ 일괄 날짜 업데이트 성공 - 업데이트된 건수: 2/2, 수정자: test
2025-07-09 10:05:56.267 [http-nio-8080-exec-5] INFO  c.w.c.controller.ExchangeController - 🚀 카드 통계 조회 시작 - 검색 조건: keyword=, startDate=, endDate=
2025-07-09 10:05:56.267 [http-nio-8080-exec-5] INFO  c.w.c.controller.ExchangeController - 📊 검색 조건 여부: false | 조건 개수: 0
2025-07-09 10:05:56.267 [http-nio-8080-exec-5] INFO  c.w.c.controller.ExchangeController - 📊 전체 데이터 통계 조회
2025-07-09 10:05:56.274 [http-nio-8080-exec-5] DEBUG org.mybatis.spring.SqlSessionUtils - Creating a new SqlSession
2025-07-09 10:05:56.274 [http-nio-8080-exec-5] DEBUG org.mybatis.spring.SqlSessionUtils - Registering transaction synchronization for SqlSession [org.apache.ibatis.session.defaults.DefaultSqlSession@4550703d]
2025-07-09 10:05:56.275 [http-nio-8080-exec-5] DEBUG o.m.s.t.SpringManagedTransaction - JDBC Connection [HikariProxyConnection@679044217 wrapping oracle.jdbc.driver.T4CConnection@dab537c] will be managed by Spring
2025-07-09 10:05:56.320 [http-nio-8080-exec-5] DEBUG org.mybatis.spring.SqlSessionUtils - Releasing transactional SqlSession [org.apache.ibatis.session.defaults.DefaultSqlSession@4550703d]
2025-07-09 10:05:56.320 [http-nio-8080-exec-5] INFO  c.w.c.s.impl.ReturnItemServiceImpl - 🚀 통합 통계 조회 완료 - 소요시간: 46ms, 결과: {LOGISTICSPENDINGCOUNT=278, PAYMENTCOMPLETEDCOUNT=0, COLLECTIONPENDINGCOUNT=159, COLLECTIONCOMPLETEDCOUNT=349, OVERDUETENDAYSCOUNT=288, RENOMACOUNT=1104, PAYMENTPENDINGCOUNT=1, CORALICCOUNT=3501, FULLRETURNCOUNT=3659, INCOMPLETEDCOUNT=508, TOTALREFUNDAMOUNT=155343134, PARTIALEXCHANGECOUNT=0, RETURNREFUNDEDCOUNT=69, COMPLETEDCOUNT=4097, EXCHANGENOTSHIPPEDCOUNT=8, LOGISTICSCONFIRMEDCOUNT=230, RETURNNOTREFUNDEDCOUNT=412, FULLEXCHANGECOUNT=447, EXCHANGESHIPPEDCOUNT=19, DELAYEDCOUNT=429, AVGREFUNDAMOUNT=33734, PARTIALRETURNCOUNT=499, TODAYCOUNT=0, TOTALCOUNT=4605}
2025-07-09 10:05:56.320 [http-nio-8080-exec-5] DEBUG org.mybatis.spring.SqlSessionUtils - Transaction synchronization committing SqlSession [org.apache.ibatis.session.defaults.DefaultSqlSession@4550703d]
2025-07-09 10:05:56.320 [http-nio-8080-exec-5] DEBUG org.mybatis.spring.SqlSessionUtils - Transaction synchronization deregistering SqlSession [org.apache.ibatis.session.defaults.DefaultSqlSession@4550703d]
2025-07-09 10:05:56.320 [http-nio-8080-exec-5] DEBUG org.mybatis.spring.SqlSessionUtils - Transaction synchronization closing SqlSession [org.apache.ibatis.session.defaults.DefaultSqlSession@4550703d]
2025-07-09 10:05:56.334 [http-nio-8080-exec-5] INFO  c.w.c.s.impl.ReturnItemServiceImpl - 🚨 10일 경과 미완료 건수: 288
2025-07-09 10:05:56.340 [http-nio-8080-exec-5] INFO  c.w.c.controller.ExchangeController - 🚨 카드 통계 (전체) - 처리기간 임박 결과: 288 건
2025-07-09 10:05:56.341 [http-nio-8080-exec-5] INFO  c.w.c.controller.ExchangeController - ✅ 카드 통계 조회 완료 - 소요시간: 74ms
2025-07-09 10:05:57.581 [http-nio-8080-exec-8] INFO  c.w.c.controller.ExchangeController - 교환/반품 목록 조회 - 검색조건: ReturnItemSearchDTO(keyword=null, startDate=null, endDate=null, returnTypeCode=null, returnStatusCode=null, siteName=null, paymentStatus=null, brandFilter=null, page=0, size=20, sortBy=id, sortDir=DESC), 필터: null
2025-07-09 10:05:57.588 [http-nio-8080-exec-8] INFO  c.w.c.s.impl.ReturnItemServiceImpl - 📋 Oracle 11g 호환 전체 목록 조회 - page: 0, size: 20
2025-07-09 10:05:57.588 [http-nio-8080-exec-8] INFO  c.w.c.s.impl.ReturnItemServiceImpl - 🔢 페이징 파라미터 - startRow: 0, endRow: 20
2025-07-09 10:05:57.625 [http-nio-8080-exec-8] INFO  c.w.c.s.impl.ReturnItemServiceImpl - ✅ 조회 결과 - items: 20, totalCount: 4605
2025-07-09 10:05:57.631 [http-nio-8080-exec-8] INFO  c.w.c.controller.ExchangeController - 📋 전체 조회 완료 - 결과 수: 4605
2025-07-09 10:05:57.631 [http-nio-8080-exec-8] INFO  c.w.c.controller.ExchangeController - 🔍 통계 조회 - 검색 조건 존재: false, 검색DTO: ReturnItemSearchDTO(keyword=null, startDate=null, endDate=null, returnTypeCode=null, returnStatusCode=null, siteName=null, paymentStatus=null, brandFilter=null, page=0, size=20, sortBy=id, sortDir=DESC)
2025-07-09 10:05:57.631 [http-nio-8080-exec-8] INFO  c.w.c.controller.ExchangeController - 📊 전체 데이터 기반 통합 통계 조회 시작
2025-07-09 10:05:57.631 [http-nio-8080-exec-8] DEBUG org.mybatis.spring.SqlSessionUtils - Creating a new SqlSession
2025-07-09 10:05:57.631 [http-nio-8080-exec-8] DEBUG org.mybatis.spring.SqlSessionUtils - Registering transaction synchronization for SqlSession [org.apache.ibatis.session.defaults.DefaultSqlSession@48ab3fcc]
2025-07-09 10:05:57.632 [http-nio-8080-exec-8] DEBUG o.m.s.t.SpringManagedTransaction - JDBC Connection [HikariProxyConnection@249443370 wrapping oracle.jdbc.driver.T4CConnection@72674c95] will be managed by Spring
2025-07-09 10:05:57.651 [http-nio-8080-exec-8] DEBUG org.mybatis.spring.SqlSessionUtils - Releasing transactional SqlSession [org.apache.ibatis.session.defaults.DefaultSqlSession@48ab3fcc]
2025-07-09 10:05:57.651 [http-nio-8080-exec-8] INFO  c.w.c.s.impl.ReturnItemServiceImpl - 🚀 통합 통계 조회 완료 - 소요시간: 20ms, 결과: {LOGISTICSPENDINGCOUNT=278, PAYMENTCOMPLETEDCOUNT=0, COLLECTIONPENDINGCOUNT=159, COLLECTIONCOMPLETEDCOUNT=349, OVERDUETENDAYSCOUNT=288, RENOMACOUNT=1104, PAYMENTPENDINGCOUNT=1, CORALICCOUNT=3501, FULLRETURNCOUNT=3659, INCOMPLETEDCOUNT=508, TOTALREFUNDAMOUNT=155343134, PARTIALEXCHANGECOUNT=0, RETURNREFUNDEDCOUNT=69, COMPLETEDCOUNT=4097, EXCHANGENOTSHIPPEDCOUNT=8, LOGISTICSCONFIRMEDCOUNT=230, RETURNNOTREFUNDEDCOUNT=412, FULLEXCHANGECOUNT=447, EXCHANGESHIPPEDCOUNT=19, DELAYEDCOUNT=429, AVGREFUNDAMOUNT=33734, PARTIALRETURNCOUNT=499, TODAYCOUNT=0, TOTALCOUNT=4605}
2025-07-09 10:05:57.651 [http-nio-8080-exec-8] DEBUG org.mybatis.spring.SqlSessionUtils - Transaction synchronization committing SqlSession [org.apache.ibatis.session.defaults.DefaultSqlSession@48ab3fcc]
2025-07-09 10:05:57.651 [http-nio-8080-exec-8] DEBUG org.mybatis.spring.SqlSessionUtils - Transaction synchronization deregistering SqlSession [org.apache.ibatis.session.defaults.DefaultSqlSession@48ab3fcc]
2025-07-09 10:05:57.651 [http-nio-8080-exec-8] DEBUG org.mybatis.spring.SqlSessionUtils - Transaction synchronization closing SqlSession [org.apache.ibatis.session.defaults.DefaultSqlSession@48ab3fcc]
2025-07-09 10:05:57.657 [http-nio-8080-exec-8] INFO  c.w.c.controller.ExchangeController - ✅ 전체 데이터 기반 통합 통계 조회 완료
2025-07-09 10:05:57.657 [http-nio-8080-exec-8] WARN  c.w.c.controller.ExchangeController - ⚠️ 키를 찾을 수 없음 - key: collectionCompletedCount, 사용 가능한 키들: [LOGISTICSPENDINGCOUNT, PAYMENTCOMPLETEDCOUNT, COLLECTIONPENDINGCOUNT, COLLECTIONCOMPLETEDCOUNT, OVERDUETENDAYSCOUNT, RENOMACOUNT, PAYMENTPENDINGCOUNT, CORALICCOUNT, FULLRETURNCOUNT, INCOMPLETEDCOUNT, TOTALREFUNDAMOUNT, PARTIALEXCHANGECOUNT, RETURNREFUNDEDCOUNT, COMPLETEDCOUNT, EXCHANGENOTSHIPPEDCOUNT, LOGISTICSCONFIRMEDCOUNT, RETURNNOTREFUNDEDCOUNT, FULLEXCHANGECOUNT, EXCHANGESHIPPEDCOUNT, DELAYEDCOUNT, AVGREFUNDAMOUNT, PARTIALRETURNCOUNT, TODAYCOUNT, TOTALCOUNT]
2025-07-09 10:05:57.657 [http-nio-8080-exec-8] WARN  c.w.c.controller.ExchangeController - ⚠️ 키를 찾을 수 없음 - key: collectionPendingCount, 사용 가능한 키들: [LOGISTICSPENDINGCOUNT, PAYMENTCOMPLETEDCOUNT, COLLECTIONPENDINGCOUNT, COLLECTIONCOMPLETEDCOUNT, OVERDUETENDAYSCOUNT, RENOMACOUNT, PAYMENTPENDINGCOUNT, CORALICCOUNT, FULLRETURNCOUNT, INCOMPLETEDCOUNT, TOTALREFUNDAMOUNT, PARTIALEXCHANGECOUNT, RETURNREFUNDEDCOUNT, COMPLETEDCOUNT, EXCHANGENOTSHIPPEDCOUNT, LOGISTICSCONFIRMEDCOUNT, RETURNNOTREFUNDEDCOUNT, FULLEXCHANGECOUNT, EXCHANGESHIPPEDCOUNT, DELAYEDCOUNT, AVGREFUNDAMOUNT, PARTIALRETURNCOUNT, TODAYCOUNT, TOTALCOUNT]
2025-07-09 10:05:57.657 [http-nio-8080-exec-8] WARN  c.w.c.controller.ExchangeController - ⚠️ 키를 찾을 수 없음 - key: logisticsConfirmedCount, 사용 가능한 키들: [LOGISTICSPENDINGCOUNT, PAYMENTCOMPLETEDCOUNT, COLLECTIONPENDINGCOUNT, COLLECTIONCOMPLETEDCOUNT, OVERDUETENDAYSCOUNT, RENOMACOUNT, PAYMENTPENDINGCOUNT, CORALICCOUNT, FULLRETURNCOUNT, INCOMPLETEDCOUNT, TOTALREFUNDAMOUNT, PARTIALEXCHANGECOUNT, RETURNREFUNDEDCOUNT, COMPLETEDCOUNT, EXCHANGENOTSHIPPEDCOUNT, LOGISTICSCONFIRMEDCOUNT, RETURNNOTREFUNDEDCOUNT, FULLEXCHANGECOUNT, EXCHANGESHIPPEDCOUNT, DELAYEDCOUNT, AVGREFUNDAMOUNT, PARTIALRETURNCOUNT, TODAYCOUNT, TOTALCOUNT]
2025-07-09 10:05:57.657 [http-nio-8080-exec-8] WARN  c.w.c.controller.ExchangeController - ⚠️ 키를 찾을 수 없음 - key: logisticsPendingCount, 사용 가능한 키들: [LOGISTICSPENDINGCOUNT, PAYMENTCOMPLETEDCOUNT, COLLECTIONPENDINGCOUNT, COLLECTIONCOMPLETEDCOUNT, OVERDUETENDAYSCOUNT, RENOMACOUNT, PAYMENTPENDINGCOUNT, CORALICCOUNT, FULLRETURNCOUNT, INCOMPLETEDCOUNT, TOTALREFUNDAMOUNT, PARTIALEXCHANGECOUNT, RETURNREFUNDEDCOUNT, COMPLETEDCOUNT, EXCHANGENOTSHIPPEDCOUNT, LOGISTICSCONFIRMEDCOUNT, RETURNNOTREFUNDEDCOUNT, FULLEXCHANGECOUNT, EXCHANGESHIPPEDCOUNT, DELAYEDCOUNT, AVGREFUNDAMOUNT, PARTIALRETURNCOUNT, TODAYCOUNT, TOTALCOUNT]
2025-07-09 10:05:57.657 [http-nio-8080-exec-8] WARN  c.w.c.controller.ExchangeController - ⚠️ 키를 찾을 수 없음 - key: exchangeShippedCount, 사용 가능한 키들: [LOGISTICSPENDINGCOUNT, PAYMENTCOMPLETEDCOUNT, COLLECTIONPENDINGCOUNT, COLLECTIONCOMPLETEDCOUNT, OVERDUETENDAYSCOUNT, RENOMACOUNT, PAYMENTPENDINGCOUNT, CORALICCOUNT, FULLRETURNCOUNT, INCOMPLETEDCOUNT, TOTALREFUNDAMOUNT, PARTIALEXCHANGECOUNT, RETURNREFUNDEDCOUNT, COMPLETEDCOUNT, EXCHANGENOTSHIPPEDCOUNT, LOGISTICSCONFIRMEDCOUNT, RETURNNOTREFUNDEDCOUNT, FULLEXCHANGECOUNT, EXCHANGESHIPPEDCOUNT, DELAYEDCOUNT, AVGREFUNDAMOUNT, PARTIALRETURNCOUNT, TODAYCOUNT, TOTALCOUNT]
2025-07-09 10:05:57.657 [http-nio-8080-exec-8] WARN  c.w.c.controller.ExchangeController - ⚠️ 키를 찾을 수 없음 - key: exchangeNotShippedCount, 사용 가능한 키들: [LOGISTICSPENDINGCOUNT, PAYMENTCOMPLETEDCOUNT, COLLECTIONPENDINGCOUNT, COLLECTIONCOMPLETEDCOUNT, OVERDUETENDAYSCOUNT, RENOMACOUNT, PAYMENTPENDINGCOUNT, CORALICCOUNT, FULLRETURNCOUNT, INCOMPLETEDCOUNT, TOTALREFUNDAMOUNT, PARTIALEXCHANGECOUNT, RETURNREFUNDEDCOUNT, COMPLETEDCOUNT, EXCHANGENOTSHIPPEDCOUNT, LOGISTICSCONFIRMEDCOUNT, RETURNNOTREFUNDEDCOUNT, FULLEXCHANGECOUNT, EXCHANGESHIPPEDCOUNT, DELAYEDCOUNT, AVGREFUNDAMOUNT, PARTIALRETURNCOUNT, TODAYCOUNT, TOTALCOUNT]
2025-07-09 10:05:57.657 [http-nio-8080-exec-8] WARN  c.w.c.controller.ExchangeController - ⚠️ 키를 찾을 수 없음 - key: returnRefundedCount, 사용 가능한 키들: [LOGISTICSPENDINGCOUNT, PAYMENTCOMPLETEDCOUNT, COLLECTIONPENDINGCOUNT, COLLECTIONCOMPLETEDCOUNT, OVERDUETENDAYSCOUNT, RENOMACOUNT, PAYMENTPENDINGCOUNT, CORALICCOUNT, FULLRETURNCOUNT, INCOMPLETEDCOUNT, TOTALREFUNDAMOUNT, PARTIALEXCHANGECOUNT, RETURNREFUNDEDCOUNT, COMPLETEDCOUNT, EXCHANGENOTSHIPPEDCOUNT, LOGISTICSCONFIRMEDCOUNT, RETURNNOTREFUNDEDCOUNT, FULLEXCHANGECOUNT, EXCHANGESHIPPEDCOUNT, DELAYEDCOUNT, AVGREFUNDAMOUNT, PARTIALRETURNCOUNT, TODAYCOUNT, TOTALCOUNT]
2025-07-09 10:05:57.657 [http-nio-8080-exec-8] WARN  c.w.c.controller.ExchangeController - ⚠️ 키를 찾을 수 없음 - key: returnNotRefundedCount, 사용 가능한 키들: [LOGISTICSPENDINGCOUNT, PAYMENTCOMPLETEDCOUNT, COLLECTIONPENDINGCOUNT, COLLECTIONCOMPLETEDCOUNT, OVERDUETENDAYSCOUNT, RENOMACOUNT, PAYMENTPENDINGCOUNT, CORALICCOUNT, FULLRETURNCOUNT, INCOMPLETEDCOUNT, TOTALREFUNDAMOUNT, PARTIALEXCHANGECOUNT, RETURNREFUNDEDCOUNT, COMPLETEDCOUNT, EXCHANGENOTSHIPPEDCOUNT, LOGISTICSCONFIRMEDCOUNT, RETURNNOTREFUNDEDCOUNT, FULLEXCHANGECOUNT, EXCHANGESHIPPEDCOUNT, DELAYEDCOUNT, AVGREFUNDAMOUNT, PARTIALRETURNCOUNT, TODAYCOUNT, TOTALCOUNT]
2025-07-09 10:05:57.657 [http-nio-8080-exec-8] WARN  c.w.c.controller.ExchangeController - ⚠️ 키를 찾을 수 없음 - key: paymentCompletedCount, 사용 가능한 키들: [LOGISTICSPENDINGCOUNT, PAYMENTCOMPLETEDCOUNT, COLLECTIONPENDINGCOUNT, COLLECTIONCOMPLETEDCOUNT, OVERDUETENDAYSCOUNT, RENOMACOUNT, PAYMENTPENDINGCOUNT, CORALICCOUNT, FULLRETURNCOUNT, INCOMPLETEDCOUNT, TOTALREFUNDAMOUNT, PARTIALEXCHANGECOUNT, RETURNREFUNDEDCOUNT, COMPLETEDCOUNT, EXCHANGENOTSHIPPEDCOUNT, LOGISTICSCONFIRMEDCOUNT, RETURNNOTREFUNDEDCOUNT, FULLEXCHANGECOUNT, EXCHANGESHIPPEDCOUNT, DELAYEDCOUNT, AVGREFUNDAMOUNT, PARTIALRETURNCOUNT, TODAYCOUNT, TOTALCOUNT]
2025-07-09 10:05:57.657 [http-nio-8080-exec-8] WARN  c.w.c.controller.ExchangeController - ⚠️ 키를 찾을 수 없음 - key: paymentPendingCount, 사용 가능한 키들: [LOGISTICSPENDINGCOUNT, PAYMENTCOMPLETEDCOUNT, COLLECTIONPENDINGCOUNT, COLLECTIONCOMPLETEDCOUNT, OVERDUETENDAYSCOUNT, RENOMACOUNT, PAYMENTPENDINGCOUNT, CORALICCOUNT, FULLRETURNCOUNT, INCOMPLETEDCOUNT, TOTALREFUNDAMOUNT, PARTIALEXCHANGECOUNT, RETURNREFUNDEDCOUNT, COMPLETEDCOUNT, EXCHANGENOTSHIPPEDCOUNT, LOGISTICSCONFIRMEDCOUNT, RETURNNOTREFUNDEDCOUNT, FULLEXCHANGECOUNT, EXCHANGESHIPPEDCOUNT, DELAYEDCOUNT, AVGREFUNDAMOUNT, PARTIALRETURNCOUNT, TODAYCOUNT, TOTALCOUNT]
2025-07-09 10:05:57.658 [http-nio-8080-exec-8] WARN  c.w.c.controller.ExchangeController - ⚠️ 키를 찾을 수 없음 - key: completedCount, 사용 가능한 키들: [LOGISTICSPENDINGCOUNT, PAYMENTCOMPLETEDCOUNT, COLLECTIONPENDINGCOUNT, COLLECTIONCOMPLETEDCOUNT, OVERDUETENDAYSCOUNT, RENOMACOUNT, PAYMENTPENDINGCOUNT, CORALICCOUNT, FULLRETURNCOUNT, INCOMPLETEDCOUNT, TOTALREFUNDAMOUNT, PARTIALEXCHANGECOUNT, RETURNREFUNDEDCOUNT, COMPLETEDCOUNT, EXCHANGENOTSHIPPEDCOUNT, LOGISTICSCONFIRMEDCOUNT, RETURNNOTREFUNDEDCOUNT, FULLEXCHANGECOUNT, EXCHANGESHIPPEDCOUNT, DELAYEDCOUNT, AVGREFUNDAMOUNT, PARTIALRETURNCOUNT, TODAYCOUNT, TOTALCOUNT]
2025-07-09 10:05:57.658 [http-nio-8080-exec-8] WARN  c.w.c.controller.ExchangeController - ⚠️ 키를 찾을 수 없음 - key: incompletedCount, 사용 가능한 키들: [LOGISTICSPENDINGCOUNT, PAYMENTCOMPLETEDCOUNT, COLLECTIONPENDINGCOUNT, COLLECTIONCOMPLETEDCOUNT, OVERDUETENDAYSCOUNT, RENOMACOUNT, PAYMENTPENDINGCOUNT, CORALICCOUNT, FULLRETURNCOUNT, INCOMPLETEDCOUNT, TOTALREFUNDAMOUNT, PARTIALEXCHANGECOUNT, RETURNREFUNDEDCOUNT, COMPLETEDCOUNT, EXCHANGENOTSHIPPEDCOUNT, LOGISTICSCONFIRMEDCOUNT, RETURNNOTREFUNDEDCOUNT, FULLEXCHANGECOUNT, EXCHANGESHIPPEDCOUNT, DELAYEDCOUNT, AVGREFUNDAMOUNT, PARTIALRETURNCOUNT, TODAYCOUNT, TOTALCOUNT]
2025-07-09 10:05:57.664 [http-nio-8080-exec-8] INFO  c.w.c.s.impl.ReturnItemServiceImpl - 🚨 10일 경과 미완료 건수: 288
2025-07-09 10:05:57.669 [http-nio-8080-exec-8] INFO  c.w.c.controller.ExchangeController - 🚨 처리기간 임박 건수 조회 완료: 288 건
2025-07-09 10:05:57.669 [http-nio-8080-exec-8] WARN  c.w.c.controller.ExchangeController - ⚠️ 키를 찾을 수 없음 - key: fullExchangeCount, 사용 가능한 키들: [LOGISTICSPENDINGCOUNT, PAYMENTCOMPLETEDCOUNT, COLLECTIONPENDINGCOUNT, COLLECTIONCOMPLETEDCOUNT, OVERDUETENDAYSCOUNT, RENOMACOUNT, PAYMENTPENDINGCOUNT, CORALICCOUNT, FULLRETURNCOUNT, INCOMPLETEDCOUNT, TOTALREFUNDAMOUNT, PARTIALEXCHANGECOUNT, RETURNREFUNDEDCOUNT, COMPLETEDCOUNT, EXCHANGENOTSHIPPEDCOUNT, LOGISTICSCONFIRMEDCOUNT, RETURNNOTREFUNDEDCOUNT, FULLEXCHANGECOUNT, EXCHANGESHIPPEDCOUNT, DELAYEDCOUNT, AVGREFUNDAMOUNT, PARTIALRETURNCOUNT, TODAYCOUNT, TOTALCOUNT]
2025-07-09 10:05:57.669 [http-nio-8080-exec-8] WARN  c.w.c.controller.ExchangeController - ⚠️ 키를 찾을 수 없음 - key: partialExchangeCount, 사용 가능한 키들: [LOGISTICSPENDINGCOUNT, PAYMENTCOMPLETEDCOUNT, COLLECTIONPENDINGCOUNT, COLLECTIONCOMPLETEDCOUNT, OVERDUETENDAYSCOUNT, RENOMACOUNT, PAYMENTPENDINGCOUNT, CORALICCOUNT, FULLRETURNCOUNT, INCOMPLETEDCOUNT, TOTALREFUNDAMOUNT, PARTIALEXCHANGECOUNT, RETURNREFUNDEDCOUNT, COMPLETEDCOUNT, EXCHANGENOTSHIPPEDCOUNT, LOGISTICSCONFIRMEDCOUNT, RETURNNOTREFUNDEDCOUNT, FULLEXCHANGECOUNT, EXCHANGESHIPPEDCOUNT, DELAYEDCOUNT, AVGREFUNDAMOUNT, PARTIALRETURNCOUNT, TODAYCOUNT, TOTALCOUNT]
2025-07-09 10:05:57.669 [http-nio-8080-exec-8] WARN  c.w.c.controller.ExchangeController - ⚠️ 키를 찾을 수 없음 - key: fullReturnCount, 사용 가능한 키들: [LOGISTICSPENDINGCOUNT, PAYMENTCOMPLETEDCOUNT, COLLECTIONPENDINGCOUNT, COLLECTIONCOMPLETEDCOUNT, OVERDUETENDAYSCOUNT, RENOMACOUNT, PAYMENTPENDINGCOUNT, CORALICCOUNT, FULLRETURNCOUNT, INCOMPLETEDCOUNT, TOTALREFUNDAMOUNT, PARTIALEXCHANGECOUNT, RETURNREFUNDEDCOUNT, COMPLETEDCOUNT, EXCHANGENOTSHIPPEDCOUNT, LOGISTICSCONFIRMEDCOUNT, RETURNNOTREFUNDEDCOUNT, FULLEXCHANGECOUNT, EXCHANGESHIPPEDCOUNT, DELAYEDCOUNT, AVGREFUNDAMOUNT, PARTIALRETURNCOUNT, TODAYCOUNT, TOTALCOUNT]
2025-07-09 10:05:57.669 [http-nio-8080-exec-8] WARN  c.w.c.controller.ExchangeController - ⚠️ 키를 찾을 수 없음 - key: partialReturnCount, 사용 가능한 키들: [LOGISTICSPENDINGCOUNT, PAYMENTCOMPLETEDCOUNT, COLLECTIONPENDINGCOUNT, COLLECTIONCOMPLETEDCOUNT, OVERDUETENDAYSCOUNT, RENOMACOUNT, PAYMENTPENDINGCOUNT, CORALICCOUNT, FULLRETURNCOUNT, INCOMPLETEDCOUNT, TOTALREFUNDAMOUNT, PARTIALEXCHANGECOUNT, RETURNREFUNDEDCOUNT, COMPLETEDCOUNT, EXCHANGENOTSHIPPEDCOUNT, LOGISTICSCONFIRMEDCOUNT, RETURNNOTREFUNDEDCOUNT, FULLEXCHANGECOUNT, EXCHANGESHIPPEDCOUNT, DELAYEDCOUNT, AVGREFUNDAMOUNT, PARTIALRETURNCOUNT, TODAYCOUNT, TOTALCOUNT]
2025-07-09 10:05:57.669 [http-nio-8080-exec-8] WARN  c.w.c.controller.ExchangeController - ⚠️ 키를 찾을 수 없음 - key: renomaCount, 사용 가능한 키들: [LOGISTICSPENDINGCOUNT, PAYMENTCOMPLETEDCOUNT, COLLECTIONPENDINGCOUNT, COLLECTIONCOMPLETEDCOUNT, OVERDUETENDAYSCOUNT, RENOMACOUNT, PAYMENTPENDINGCOUNT, CORALICCOUNT, FULLRETURNCOUNT, INCOMPLETEDCOUNT, TOTALREFUNDAMOUNT, PARTIALEXCHANGECOUNT, RETURNREFUNDEDCOUNT, COMPLETEDCOUNT, EXCHANGENOTSHIPPEDCOUNT, LOGISTICSCONFIRMEDCOUNT, RETURNNOTREFUNDEDCOUNT, FULLEXCHANGECOUNT, EXCHANGESHIPPEDCOUNT, DELAYEDCOUNT, AVGREFUNDAMOUNT, PARTIALRETURNCOUNT, TODAYCOUNT, TOTALCOUNT]
2025-07-09 10:05:57.669 [http-nio-8080-exec-8] WARN  c.w.c.controller.ExchangeController - ⚠️ 키를 찾을 수 없음 - key: coralicCount, 사용 가능한 키들: [LOGISTICSPENDINGCOUNT, PAYMENTCOMPLETEDCOUNT, COLLECTIONPENDINGCOUNT, COLLECTIONCOMPLETEDCOUNT, OVERDUETENDAYSCOUNT, RENOMACOUNT, PAYMENTPENDINGCOUNT, CORALICCOUNT, FULLRETURNCOUNT, INCOMPLETEDCOUNT, TOTALREFUNDAMOUNT, PARTIALEXCHANGECOUNT, RETURNREFUNDEDCOUNT, COMPLETEDCOUNT, EXCHANGENOTSHIPPEDCOUNT, LOGISTICSCONFIRMEDCOUNT, RETURNNOTREFUNDEDCOUNT, FULLEXCHANGECOUNT, EXCHANGESHIPPEDCOUNT, DELAYEDCOUNT, AVGREFUNDAMOUNT, PARTIALRETURNCOUNT, TODAYCOUNT, TOTALCOUNT]
2025-07-09 10:05:57.669 [http-nio-8080-exec-8] WARN  c.w.c.controller.ExchangeController - ⚠️ 키를 찾을 수 없음 - key: totalRefundAmount, 사용 가능한 키들: [LOGISTICSPENDINGCOUNT, PAYMENTCOMPLETEDCOUNT, COLLECTIONPENDINGCOUNT, COLLECTIONCOMPLETEDCOUNT, OVERDUETENDAYSCOUNT, RENOMACOUNT, PAYMENTPENDINGCOUNT, CORALICCOUNT, FULLRETURNCOUNT, INCOMPLETEDCOUNT, TOTALREFUNDAMOUNT, PARTIALEXCHANGECOUNT, RETURNREFUNDEDCOUNT, COMPLETEDCOUNT, EXCHANGENOTSHIPPEDCOUNT, LOGISTICSCONFIRMEDCOUNT, RETURNNOTREFUNDEDCOUNT, FULLEXCHANGECOUNT, EXCHANGESHIPPEDCOUNT, DELAYEDCOUNT, AVGREFUNDAMOUNT, PARTIALRETURNCOUNT, TODAYCOUNT, TOTALCOUNT]
2025-07-09 10:05:57.669 [http-nio-8080-exec-8] WARN  c.w.c.controller.ExchangeController - ⚠️ 키를 찾을 수 없음 - key: avgRefundAmount, 사용 가능한 키들: [LOGISTICSPENDINGCOUNT, PAYMENTCOMPLETEDCOUNT, COLLECTIONPENDINGCOUNT, COLLECTIONCOMPLETEDCOUNT, OVERDUETENDAYSCOUNT, RENOMACOUNT, PAYMENTPENDINGCOUNT, CORALICCOUNT, FULLRETURNCOUNT, INCOMPLETEDCOUNT, TOTALREFUNDAMOUNT, PARTIALEXCHANGECOUNT, RETURNREFUNDEDCOUNT, COMPLETEDCOUNT, EXCHANGENOTSHIPPEDCOUNT, LOGISTICSCONFIRMEDCOUNT, RETURNNOTREFUNDEDCOUNT, FULLEXCHANGECOUNT, EXCHANGESHIPPEDCOUNT, DELAYEDCOUNT, AVGREFUNDAMOUNT, PARTIALRETURNCOUNT, TODAYCOUNT, TOTALCOUNT]
2025-07-09 10:05:57.669 [http-nio-8080-exec-8] WARN  c.w.c.controller.ExchangeController - ⚠️ 키를 찾을 수 없음 - key: todayCount, 사용 가능한 키들: [LOGISTICSPENDINGCOUNT, PAYMENTCOMPLETEDCOUNT, COLLECTIONPENDINGCOUNT, COLLECTIONCOMPLETEDCOUNT, OVERDUETENDAYSCOUNT, RENOMACOUNT, PAYMENTPENDINGCOUNT, CORALICCOUNT, FULLRETURNCOUNT, INCOMPLETEDCOUNT, TOTALREFUNDAMOUNT, PARTIALEXCHANGECOUNT, RETURNREFUNDEDCOUNT, COMPLETEDCOUNT, EXCHANGENOTSHIPPEDCOUNT, LOGISTICSCONFIRMEDCOUNT, RETURNNOTREFUNDEDCOUNT, FULLEXCHANGECOUNT, EXCHANGESHIPPEDCOUNT, DELAYEDCOUNT, AVGREFUNDAMOUNT, PARTIALRETURNCOUNT, TODAYCOUNT, TOTALCOUNT]
2025-07-09 10:05:57.669 [http-nio-8080-exec-8] DEBUG org.mybatis.spring.SqlSessionUtils - Creating a new SqlSession
2025-07-09 10:05:57.669 [http-nio-8080-exec-8] DEBUG org.mybatis.spring.SqlSessionUtils - SqlSession [org.apache.ibatis.session.defaults.DefaultSqlSession@37c2c6b5] was not registered for synchronization because synchronization is not active
2025-07-09 10:05:57.670 [http-nio-8080-exec-8] DEBUG o.m.s.t.SpringManagedTransaction - JDBC Connection [HikariProxyConnection@893952799 wrapping oracle.jdbc.driver.T4CConnection@72674c95] will not be managed by Spring
2025-07-09 10:05:57.675 [http-nio-8080-exec-8] DEBUG org.mybatis.spring.SqlSessionUtils - Closing non transactional SqlSession [org.apache.ibatis.session.defaults.DefaultSqlSession@37c2c6b5]
2025-07-09 10:05:57.675 [http-nio-8080-exec-8] DEBUG org.mybatis.spring.SqlSessionUtils - Creating a new SqlSession
2025-07-09 10:05:57.675 [http-nio-8080-exec-8] DEBUG org.mybatis.spring.SqlSessionUtils - SqlSession [org.apache.ibatis.session.defaults.DefaultSqlSession@30bfe11c] was not registered for synchronization because synchronization is not active
2025-07-09 10:05:57.675 [http-nio-8080-exec-8] DEBUG o.m.s.t.SpringManagedTransaction - JDBC Connection [HikariProxyConnection@929250269 wrapping oracle.jdbc.driver.T4CConnection@72674c95] will not be managed by Spring
2025-07-09 10:05:57.681 [http-nio-8080-exec-8] DEBUG org.mybatis.spring.SqlSessionUtils - Closing non transactional SqlSession [org.apache.ibatis.session.defaults.DefaultSqlSession@30bfe11c]
2025-07-09 10:05:58.909 [http-nio-8080-exec-9] INFO  c.w.c.controller.ExchangeController - 🚀 카드 통계 조회 시작 - 검색 조건: keyword=, startDate=, endDate=
2025-07-09 10:05:58.909 [http-nio-8080-exec-9] INFO  c.w.c.controller.ExchangeController - 📊 검색 조건 여부: false | 조건 개수: 0
2025-07-09 10:05:58.909 [http-nio-8080-exec-9] INFO  c.w.c.controller.ExchangeController - 📊 전체 데이터 통계 조회
2025-07-09 10:05:58.915 [http-nio-8080-exec-9] DEBUG org.mybatis.spring.SqlSessionUtils - Creating a new SqlSession
2025-07-09 10:05:58.915 [http-nio-8080-exec-9] DEBUG org.mybatis.spring.SqlSessionUtils - Registering transaction synchronization for SqlSession [org.apache.ibatis.session.defaults.DefaultSqlSession@4c633898]
2025-07-09 10:05:58.916 [http-nio-8080-exec-9] DEBUG o.m.s.t.SpringManagedTransaction - JDBC Connection [HikariProxyConnection@1792042442 wrapping oracle.jdbc.driver.T4CConnection@72674c95] will be managed by Spring
2025-07-09 10:05:58.934 [http-nio-8080-exec-9] DEBUG org.mybatis.spring.SqlSessionUtils - Releasing transactional SqlSession [org.apache.ibatis.session.defaults.DefaultSqlSession@4c633898]
2025-07-09 10:05:58.934 [http-nio-8080-exec-9] INFO  c.w.c.s.impl.ReturnItemServiceImpl - 🚀 통합 통계 조회 완료 - 소요시간: 19ms, 결과: {LOGISTICSPENDINGCOUNT=278, PAYMENTCOMPLETEDCOUNT=0, COLLECTIONPENDINGCOUNT=159, COLLECTIONCOMPLETEDCOUNT=349, OVERDUETENDAYSCOUNT=288, RENOMACOUNT=1104, PAYMENTPENDINGCOUNT=1, CORALICCOUNT=3501, FULLRETURNCOUNT=3659, INCOMPLETEDCOUNT=508, TOTALREFUNDAMOUNT=155343134, PARTIALEXCHANGECOUNT=0, RETURNREFUNDEDCOUNT=69, COMPLETEDCOUNT=4097, EXCHANGENOTSHIPPEDCOUNT=8, LOGISTICSCONFIRMEDCOUNT=230, RETURNNOTREFUNDEDCOUNT=412, FULLEXCHANGECOUNT=447, EXCHANGESHIPPEDCOUNT=19, DELAYEDCOUNT=429, AVGREFUNDAMOUNT=33734, PARTIALRETURNCOUNT=499, TODAYCOUNT=0, TOTALCOUNT=4605}
2025-07-09 10:05:58.934 [http-nio-8080-exec-9] DEBUG org.mybatis.spring.SqlSessionUtils - Transaction synchronization committing SqlSession [org.apache.ibatis.session.defaults.DefaultSqlSession@4c633898]
2025-07-09 10:05:58.934 [http-nio-8080-exec-9] DEBUG org.mybatis.spring.SqlSessionUtils - Transaction synchronization deregistering SqlSession [org.apache.ibatis.session.defaults.DefaultSqlSession@4c633898]
2025-07-09 10:05:58.934 [http-nio-8080-exec-9] DEBUG org.mybatis.spring.SqlSessionUtils - Transaction synchronization closing SqlSession [org.apache.ibatis.session.defaults.DefaultSqlSession@4c633898]
2025-07-09 10:05:58.946 [http-nio-8080-exec-9] INFO  c.w.c.s.impl.ReturnItemServiceImpl - 🚨 10일 경과 미완료 건수: 288
2025-07-09 10:05:58.951 [http-nio-8080-exec-9] INFO  c.w.c.controller.ExchangeController - 🚨 카드 통계 (전체) - 처리기간 임박 결과: 288 건
2025-07-09 10:05:58.952 [http-nio-8080-exec-9] INFO  c.w.c.controller.ExchangeController - ✅ 카드 통계 조회 완료 - 소요시간: 43ms
2025-07-09 10:05:59.550 [http-nio-8080-exec-3] DEBUG org.mybatis.spring.SqlSessionUtils - Creating a new SqlSession
2025-07-09 10:05:59.550 [http-nio-8080-exec-3] DEBUG org.mybatis.spring.SqlSessionUtils - Registering transaction synchronization for SqlSession [org.apache.ibatis.session.defaults.DefaultSqlSession@7befb4f]
2025-07-09 10:05:59.550 [http-nio-8080-exec-3] DEBUG o.m.s.t.SpringManagedTransaction - JDBC Connection [HikariProxyConnection@711209756 wrapping oracle.jdbc.driver.T4CConnection@5bbfac0f] will be managed by Spring
2025-07-09 10:05:59.632 [http-nio-8080-exec-3] DEBUG org.mybatis.spring.SqlSessionUtils - Releasing transactional SqlSession [org.apache.ibatis.session.defaults.DefaultSqlSession@7befb4f]
2025-07-09 10:05:59.632 [http-nio-8080-exec-3] INFO  c.w.c.s.i.ShippingPaymentServiceImpl - 오늘 입금 건수 조회 완료: 0 건
2025-07-09 10:05:59.632 [http-nio-8080-exec-3] DEBUG org.mybatis.spring.SqlSessionUtils - Transaction synchronization committing SqlSession [org.apache.ibatis.session.defaults.DefaultSqlSession@7befb4f]
2025-07-09 10:05:59.632 [http-nio-8080-exec-3] DEBUG org.mybatis.spring.SqlSessionUtils - Transaction synchronization deregistering SqlSession [org.apache.ibatis.session.defaults.DefaultSqlSession@7befb4f]
2025-07-09 10:05:59.632 [http-nio-8080-exec-3] DEBUG org.mybatis.spring.SqlSessionUtils - Transaction synchronization closing SqlSession [org.apache.ibatis.session.defaults.DefaultSqlSession@7befb4f]
2025-07-09 10:05:59.639 [http-nio-8080-exec-3] DEBUG org.mybatis.spring.SqlSessionUtils - Creating a new SqlSession
2025-07-09 10:05:59.639 [http-nio-8080-exec-3] DEBUG org.mybatis.spring.SqlSessionUtils - Registering transaction synchronization for SqlSession [org.apache.ibatis.session.defaults.DefaultSqlSession@3cd50bc6]
2025-07-09 10:05:59.639 [http-nio-8080-exec-3] DEBUG o.m.s.t.SpringManagedTransaction - JDBC Connection [HikariProxyConnection@2063843180 wrapping oracle.jdbc.driver.T4CConnection@5bbfac0f] will be managed by Spring
2025-07-09 10:05:59.645 [http-nio-8080-exec-3] DEBUG org.mybatis.spring.SqlSessionUtils - Releasing transactional SqlSession [org.apache.ibatis.session.defaults.DefaultSqlSession@3cd50bc6]
2025-07-09 10:05:59.646 [http-nio-8080-exec-3] INFO  c.w.c.s.i.ShippingPaymentServiceImpl - 최근 입금 내역 조회 완료: 0 건 (제한: 10)
2025-07-09 10:05:59.646 [http-nio-8080-exec-3] DEBUG org.mybatis.spring.SqlSessionUtils - Transaction synchronization committing SqlSession [org.apache.ibatis.session.defaults.DefaultSqlSession@3cd50bc6]
2025-07-09 10:05:59.646 [http-nio-8080-exec-3] DEBUG org.mybatis.spring.SqlSessionUtils - Transaction synchronization deregistering SqlSession [org.apache.ibatis.session.defaults.DefaultSqlSession@3cd50bc6]
2025-07-09 10:05:59.646 [http-nio-8080-exec-3] DEBUG org.mybatis.spring.SqlSessionUtils - Transaction synchronization closing SqlSession [org.apache.ibatis.session.defaults.DefaultSqlSession@3cd50bc6]
2025-07-09 10:05:59.652 [http-nio-8080-exec-3] DEBUG org.mybatis.spring.SqlSessionUtils - Creating a new SqlSession
2025-07-09 10:05:59.652 [http-nio-8080-exec-3] DEBUG org.mybatis.spring.SqlSessionUtils - SqlSession [org.apache.ibatis.session.defaults.DefaultSqlSession@1bd3b3b8] was not registered for synchronization because synchronization is not active
2025-07-09 10:05:59.652 [http-nio-8080-exec-3] DEBUG o.m.s.t.SpringManagedTransaction - JDBC Connection [HikariProxyConnection@265027647 wrapping oracle.jdbc.driver.T4CConnection@5bbfac0f] will not be managed by Spring
2025-07-09 10:05:59.660 [http-nio-8080-exec-3] DEBUG org.mybatis.spring.SqlSessionUtils - Closing non transactional SqlSession [org.apache.ibatis.session.defaults.DefaultSqlSession@1bd3b3b8]
2025-07-09 10:05:59.660 [http-nio-8080-exec-3] DEBUG org.mybatis.spring.SqlSessionUtils - Creating a new SqlSession
2025-07-09 10:05:59.660 [http-nio-8080-exec-3] DEBUG org.mybatis.spring.SqlSessionUtils - SqlSession [org.apache.ibatis.session.defaults.DefaultSqlSession@477288ee] was not registered for synchronization because synchronization is not active
2025-07-09 10:05:59.660 [http-nio-8080-exec-3] DEBUG o.m.s.t.SpringManagedTransaction - JDBC Connection [HikariProxyConnection@569161651 wrapping oracle.jdbc.driver.T4CConnection@5bbfac0f] will not be managed by Spring
2025-07-09 10:05:59.667 [http-nio-8080-exec-3] DEBUG org.mybatis.spring.SqlSessionUtils - Closing non transactional SqlSession [org.apache.ibatis.session.defaults.DefaultSqlSession@477288ee]
2025-07-09 10:05:59.878 [http-nio-8080-exec-6] INFO  c.w.crm.controller.PaymentController - 입금 내역 조회 요청: page=0, size=10, keyword=null, startDate=2025-06-09, endDate=2025-07-09, brand=null, mappingStatus=null
2025-07-09 10:05:59.896 [http-nio-8080-exec-6] INFO  c.w.c.s.i.ShippingPaymentServiceImpl - 입금 내역 조회 시작: {mappingStatus=null, size=10, endDate=2025-07-09, page=0, keyword=null, brand=null, startDate=2025-06-09}
2025-07-09 10:05:59.896 [http-nio-8080-exec-6] DEBUG org.mybatis.spring.SqlSessionUtils - Creating a new SqlSession
2025-07-09 10:05:59.896 [http-nio-8080-exec-6] DEBUG org.mybatis.spring.SqlSessionUtils - Registering transaction synchronization for SqlSession [org.apache.ibatis.session.defaults.DefaultSqlSession@7633d5fe]
2025-07-09 10:05:59.898 [http-nio-8080-exec-6] DEBUG o.m.s.t.SpringManagedTransaction - JDBC Connection [HikariProxyConnection@1842211196 wrapping oracle.jdbc.driver.T4CConnection@dab537c] will be managed by Spring
2025-07-09 10:05:59.934 [http-nio-8080-exec-6] DEBUG org.mybatis.spring.SqlSessionUtils - Releasing transactional SqlSession [org.apache.ibatis.session.defaults.DefaultSqlSession@7633d5fe]
2025-07-09 10:05:59.934 [http-nio-8080-exec-6] DEBUG org.mybatis.spring.SqlSessionUtils - Fetched SqlSession [org.apache.ibatis.session.defaults.DefaultSqlSession@7633d5fe] from current transaction
2025-07-09 10:05:59.941 [http-nio-8080-exec-6] DEBUG org.mybatis.spring.SqlSessionUtils - Releasing transactional SqlSession [org.apache.ibatis.session.defaults.DefaultSqlSession@7633d5fe]
2025-07-09 10:05:59.941 [http-nio-8080-exec-6] INFO  c.w.c.s.i.ShippingPaymentServiceImpl - 입금 내역 조회 완료: 10 건 (총 12 건, 페이지 1/2)
2025-07-09 10:05:59.941 [http-nio-8080-exec-6] DEBUG org.mybatis.spring.SqlSessionUtils - Transaction synchronization committing SqlSession [org.apache.ibatis.session.defaults.DefaultSqlSession@7633d5fe]
2025-07-09 10:05:59.941 [http-nio-8080-exec-6] DEBUG org.mybatis.spring.SqlSessionUtils - Transaction synchronization deregistering SqlSession [org.apache.ibatis.session.defaults.DefaultSqlSession@7633d5fe]
2025-07-09 10:05:59.941 [http-nio-8080-exec-6] DEBUG org.mybatis.spring.SqlSessionUtils - Transaction synchronization closing SqlSession [org.apache.ibatis.session.defaults.DefaultSqlSession@7633d5fe]
2025-07-09 10:05:59.948 [http-nio-8080-exec-6] INFO  c.w.crm.controller.PaymentController - 서비스에서 반환된 데이터: {size=10, numberOfElements=10, hasPrev=false, totalPages=2, hasNext=true, currentPage=0, content=[{SITENAME=29CM-레노마, MAPPEDDATE=null, BANKNAME=우리은행, MAPPINGSTATUS=PENDING, REGISTERDATE=2025-07-04 12:04:05, REGISTERID=14, RETURNITEMID=null, REGISTRAR=SYSTEM, BRAND=RENOMA, NOTES=수동 취소, CUSTOMERPHONE=null, AMOUNT=3000, RN=1, CUSTOMERNAME=서예찬, PAYMENTDATE=2025-07-04 12:03:00}, {SITENAME=null, MAPPEDDATE=null, BANKNAME=하나은행, MAPPINGSTATUS=PENDING, REGISTERDATE=2025-07-04 12:03:36, REGISTERID=13, RETURNITEMID=null, REGISTRAR=SYSTEM, BRAND=CORALIQUE, NOTES=null, CUSTOMERPHONE=null, AMOUNT=6000, RN=2, CUSTOMERNAME=테스트고객6, PAYMENTDATE=2025-07-04 12:02:00}, {SITENAME=null, MAPPEDDATE=null, BANKNAME=우리은행, MAPPINGSTATUS=PENDING, REGISTERDATE=2025-07-04 11:56:51, REGISTERID=12, RETURNITEMID=null, REGISTRAR=SYSTEM, BRAND=RENOMA, NOTES=null, CUSTOMERPHONE=null, AMOUNT=2000, RN=3, CUSTOMERNAME=테스트고객, PAYMENTDATE=2025-07-04 11:55:00}, {SITENAME=29CM-레노마, MAPPEDDATE=null, BANKNAME=우리은행, MAPPINGSTATUS=PENDING, REGISTERDATE=2025-07-04 11:55:55, REGISTERID=11, RETURNITEMID=null, REGISTRAR=SYSTEM, BRAND=RENOMA, NOTES=null, CUSTOMERPHONE=null, AMOUNT=6000, RN=4, CUSTOMERNAME=테스트고객, PAYMENTDATE=2025-07-04 11:55:00}, {SITENAME=29CM-레노마, MAPPEDDATE=null, BANKNAME=우리은행, MAPPINGSTATUS=PENDING, REGISTERDATE=2025-07-02 12:31:03, REGISTERID=10, RETURNITEMID=null, REGISTRAR=SYSTEM, BRAND=RENOMA, NOTES=입금 문제 없음 테스트 , CUSTOMERPHONE=null, AMOUNT=6000, RN=5, CUSTOMERNAME=테스트고객, PAYMENTDATE=2025-07-02 12:30:00}, {SITENAME=29CM-레노마, MAPPEDDATE=null, BANKNAME=우리은행, MAPPINGSTATUS=PENDING, REGISTERDATE=2025-06-30 13:37:23, REGISTERID=9, RETURNITEMID=null, REGISTRAR=SYSTEM, BRAND=RENOMA, NOTES=null, CUSTOMERPHONE=null, AMOUNT=6000, RN=6, CUSTOMERNAME=테스트고객6, PAYMENTDATE=2025-06-30 13:37:00}, {SITENAME=null, MAPPEDDATE=null, BANKNAME=하나은행, MAPPINGSTATUS=PENDING, REGISTERDATE=2025-06-29 19:37:54, REGISTERID=8, RETURNITEMID=null, REGISTRAR=SYSTEM, BRAND=CORALIQUE, NOTES=null, CUSTOMERPHONE=null, AMOUNT=6000, RN=7, CUSTOMERNAME=테스트고객1, PAYMENTDATE=2025-06-29 19:37:00}, {SITENAME=무신사-코랄리크, MAPPEDDATE=null, BANKNAME=하나은행, MAPPINGSTATUS=PENDING, REGISTERDATE=2025-06-29 19:31:28, REGISTERID=7, RETURNITEMID=null, REGISTRAR=SYSTEM, BRAND=CORALIQUE, NOTES=null, CUSTOMERPHONE=null, AMOUNT=6000, RN=8, CUSTOMERNAME=테스트고객, PAYMENTDATE=2025-06-29 19:27:00}, {SITENAME=29CM-레노마, MAPPEDDATE=2025-07-04 15:50:19, BANKNAME=우리은행, MAPPINGSTATUS=MAPPED, REGISTERDATE=2025-06-29 19:05:40, REGISTERID=5, RETURNITEMID=41, REGISTRAR=SYSTEM, BRAND=RENOMA, NOTES=null, CUSTOMERPHONE=null, AMOUNT=6000, RN=9, CUSTOMERNAME=테스트고객6, PAYMENTDATE=2025-06-29 19:05:00}, {SITENAME=null, MAPPEDDATE=2025-06-27 15:35:53, BANKNAME=우리은행, MAPPINGSTATUS=MAPPED, REGISTERDATE=2025-06-27 14:42:34, REGISTERID=3, RETURNITEMID=39, REGISTRAR=MINWOOGI, BRAND=RENOMA, NOTES=null, CUSTOMERPHONE=null, AMOUNT=3000, RN=10, CUSTOMERNAME=테스트고객4, PAYMENTDATE=2025-06-13 16:44:00}], totalElements=12}
2025-07-09 10:05:59.949 [http-nio-8080-exec-6] INFO  c.w.crm.controller.PaymentController - 최종 클라이언트 응답: {size=10, numberOfElements=10, hasPrev=false, success=true, totalPages=2, hasNext=true, currentPage=0, content=[{SITENAME=29CM-레노마, MAPPEDDATE=null, BANKNAME=우리은행, MAPPINGSTATUS=PENDING, REGISTERDATE=2025-07-04 12:04:05, REGISTERID=14, RETURNITEMID=null, REGISTRAR=SYSTEM, BRAND=RENOMA, NOTES=수동 취소, CUSTOMERPHONE=null, AMOUNT=3000, RN=1, CUSTOMERNAME=서예찬, PAYMENTDATE=2025-07-04 12:03:00}, {SITENAME=null, MAPPEDDATE=null, BANKNAME=하나은행, MAPPINGSTATUS=PENDING, REGISTERDATE=2025-07-04 12:03:36, REGISTERID=13, RETURNITEMID=null, REGISTRAR=SYSTEM, BRAND=CORALIQUE, NOTES=null, CUSTOMERPHONE=null, AMOUNT=6000, RN=2, CUSTOMERNAME=테스트고객6, PAYMENTDATE=2025-07-04 12:02:00}, {SITENAME=null, MAPPEDDATE=null, BANKNAME=우리은행, MAPPINGSTATUS=PENDING, REGISTERDATE=2025-07-04 11:56:51, REGISTERID=12, RETURNITEMID=null, REGISTRAR=SYSTEM, BRAND=RENOMA, NOTES=null, CUSTOMERPHONE=null, AMOUNT=2000, RN=3, CUSTOMERNAME=테스트고객, PAYMENTDATE=2025-07-04 11:55:00}, {SITENAME=29CM-레노마, MAPPEDDATE=null, BANKNAME=우리은행, MAPPINGSTATUS=PENDING, REGISTERDATE=2025-07-04 11:55:55, REGISTERID=11, RETURNITEMID=null, REGISTRAR=SYSTEM, BRAND=RENOMA, NOTES=null, CUSTOMERPHONE=null, AMOUNT=6000, RN=4, CUSTOMERNAME=테스트고객, PAYMENTDATE=2025-07-04 11:55:00}, {SITENAME=29CM-레노마, MAPPEDDATE=null, BANKNAME=우리은행, MAPPINGSTATUS=PENDING, REGISTERDATE=2025-07-02 12:31:03, REGISTERID=10, RETURNITEMID=null, REGISTRAR=SYSTEM, BRAND=RENOMA, NOTES=입금 문제 없음 테스트 , CUSTOMERPHONE=null, AMOUNT=6000, RN=5, CUSTOMERNAME=테스트고객, PAYMENTDATE=2025-07-02 12:30:00}, {SITENAME=29CM-레노마, MAPPEDDATE=null, BANKNAME=우리은행, MAPPINGSTATUS=PENDING, REGISTERDATE=2025-06-30 13:37:23, REGISTERID=9, RETURNITEMID=null, REGISTRAR=SYSTEM, BRAND=RENOMA, NOTES=null, CUSTOMERPHONE=null, AMOUNT=6000, RN=6, CUSTOMERNAME=테스트고객6, PAYMENTDATE=2025-06-30 13:37:00}, {SITENAME=null, MAPPEDDATE=null, BANKNAME=하나은행, MAPPINGSTATUS=PENDING, REGISTERDATE=2025-06-29 19:37:54, REGISTERID=8, RETURNITEMID=null, REGISTRAR=SYSTEM, BRAND=CORALIQUE, NOTES=null, CUSTOMERPHONE=null, AMOUNT=6000, RN=7, CUSTOMERNAME=테스트고객1, PAYMENTDATE=2025-06-29 19:37:00}, {SITENAME=무신사-코랄리크, MAPPEDDATE=null, BANKNAME=하나은행, MAPPINGSTATUS=PENDING, REGISTERDATE=2025-06-29 19:31:28, REGISTERID=7, RETURNITEMID=null, REGISTRAR=SYSTEM, BRAND=CORALIQUE, NOTES=null, CUSTOMERPHONE=null, AMOUNT=6000, RN=8, CUSTOMERNAME=테스트고객, PAYMENTDATE=2025-06-29 19:27:00}, {SITENAME=29CM-레노마, MAPPEDDATE=2025-07-04 15:50:19, BANKNAME=우리은행, MAPPINGSTATUS=MAPPED, REGISTERDATE=2025-06-29 19:05:40, REGISTERID=5, RETURNITEMID=41, REGISTRAR=SYSTEM, BRAND=RENOMA, NOTES=null, CUSTOMERPHONE=null, AMOUNT=6000, RN=9, CUSTOMERNAME=테스트고객6, PAYMENTDATE=2025-06-29 19:05:00}, {SITENAME=null, MAPPEDDATE=2025-06-27 15:35:53, BANKNAME=우리은행, MAPPINGSTATUS=MAPPED, REGISTERDATE=2025-06-27 14:42:34, REGISTERID=3, RETURNITEMID=39, REGISTRAR=MINWOOGI, BRAND=RENOMA, NOTES=null, CUSTOMERPHONE=null, AMOUNT=3000, RN=10, CUSTOMERNAME=테스트고객4, PAYMENTDATE=2025-06-13 16:44:00}], totalElements=12}
2025-07-09 10:06:00.662 [http-nio-8080-exec-10] INFO  c.w.c.controller.ExchangeController - 교환/반품 목록 조회 - 검색조건: ReturnItemSearchDTO(keyword=null, startDate=null, endDate=null, returnTypeCode=null, returnStatusCode=null, siteName=null, paymentStatus=null, brandFilter=null, page=0, size=20, sortBy=id, sortDir=DESC), 필터: null
2025-07-09 10:06:00.668 [http-nio-8080-exec-10] INFO  c.w.c.s.impl.ReturnItemServiceImpl - 📋 Oracle 11g 호환 전체 목록 조회 - page: 0, size: 20
2025-07-09 10:06:00.668 [http-nio-8080-exec-10] INFO  c.w.c.s.impl.ReturnItemServiceImpl - 🔢 페이징 파라미터 - startRow: 0, endRow: 20
2025-07-09 10:06:00.703 [http-nio-8080-exec-10] INFO  c.w.c.s.impl.ReturnItemServiceImpl - ✅ 조회 결과 - items: 20, totalCount: 4605
2025-07-09 10:06:00.710 [http-nio-8080-exec-10] INFO  c.w.c.controller.ExchangeController - 📋 전체 조회 완료 - 결과 수: 4605
2025-07-09 10:06:00.710 [http-nio-8080-exec-10] INFO  c.w.c.controller.ExchangeController - 🔍 통계 조회 - 검색 조건 존재: false, 검색DTO: ReturnItemSearchDTO(keyword=null, startDate=null, endDate=null, returnTypeCode=null, returnStatusCode=null, siteName=null, paymentStatus=null, brandFilter=null, page=0, size=20, sortBy=id, sortDir=DESC)
2025-07-09 10:06:00.710 [http-nio-8080-exec-10] INFO  c.w.c.controller.ExchangeController - 📊 전체 데이터 기반 통합 통계 조회 시작
2025-07-09 10:06:00.710 [http-nio-8080-exec-10] DEBUG org.mybatis.spring.SqlSessionUtils - Creating a new SqlSession
2025-07-09 10:06:00.710 [http-nio-8080-exec-10] DEBUG org.mybatis.spring.SqlSessionUtils - Registering transaction synchronization for SqlSession [org.apache.ibatis.session.defaults.DefaultSqlSession@6406c6c0]
2025-07-09 10:06:00.710 [http-nio-8080-exec-10] DEBUG o.m.s.t.SpringManagedTransaction - JDBC Connection [HikariProxyConnection@534295260 wrapping oracle.jdbc.driver.T4CConnection@7511f2eb] will be managed by Spring
2025-07-09 10:06:00.726 [http-nio-8080-exec-10] DEBUG org.mybatis.spring.SqlSessionUtils - Releasing transactional SqlSession [org.apache.ibatis.session.defaults.DefaultSqlSession@6406c6c0]
2025-07-09 10:06:00.726 [http-nio-8080-exec-10] INFO  c.w.c.s.impl.ReturnItemServiceImpl - 🚀 통합 통계 조회 완료 - 소요시간: 16ms, 결과: {LOGISTICSPENDINGCOUNT=278, PAYMENTCOMPLETEDCOUNT=0, COLLECTIONPENDINGCOUNT=159, COLLECTIONCOMPLETEDCOUNT=349, OVERDUETENDAYSCOUNT=288, RENOMACOUNT=1104, PAYMENTPENDINGCOUNT=1, CORALICCOUNT=3501, FULLRETURNCOUNT=3659, INCOMPLETEDCOUNT=508, TOTALREFUNDAMOUNT=155343134, PARTIALEXCHANGECOUNT=0, RETURNREFUNDEDCOUNT=69, COMPLETEDCOUNT=4097, EXCHANGENOTSHIPPEDCOUNT=8, LOGISTICSCONFIRMEDCOUNT=230, RETURNNOTREFUNDEDCOUNT=412, FULLEXCHANGECOUNT=447, EXCHANGESHIPPEDCOUNT=19, DELAYEDCOUNT=429, AVGREFUNDAMOUNT=33734, PARTIALRETURNCOUNT=499, TODAYCOUNT=0, TOTALCOUNT=4605}
2025-07-09 10:06:00.727 [http-nio-8080-exec-10] DEBUG org.mybatis.spring.SqlSessionUtils - Transaction synchronization committing SqlSession [org.apache.ibatis.session.defaults.DefaultSqlSession@6406c6c0]
2025-07-09 10:06:00.727 [http-nio-8080-exec-10] DEBUG org.mybatis.spring.SqlSessionUtils - Transaction synchronization deregistering SqlSession [org.apache.ibatis.session.defaults.DefaultSqlSession@6406c6c0]
2025-07-09 10:06:00.727 [http-nio-8080-exec-10] DEBUG org.mybatis.spring.SqlSessionUtils - Transaction synchronization closing SqlSession [org.apache.ibatis.session.defaults.DefaultSqlSession@6406c6c0]
2025-07-09 10:06:00.732 [http-nio-8080-exec-10] INFO  c.w.c.controller.ExchangeController - ✅ 전체 데이터 기반 통합 통계 조회 완료
2025-07-09 10:06:00.732 [http-nio-8080-exec-10] WARN  c.w.c.controller.ExchangeController - ⚠️ 키를 찾을 수 없음 - key: collectionCompletedCount, 사용 가능한 키들: [LOGISTICSPENDINGCOUNT, PAYMENTCOMPLETEDCOUNT, COLLECTIONPENDINGCOUNT, COLLECTIONCOMPLETEDCOUNT, OVERDUETENDAYSCOUNT, RENOMACOUNT, PAYMENTPENDINGCOUNT, CORALICCOUNT, FULLRETURNCOUNT, INCOMPLETEDCOUNT, TOTALREFUNDAMOUNT, PARTIALEXCHANGECOUNT, RETURNREFUNDEDCOUNT, COMPLETEDCOUNT, EXCHANGENOTSHIPPEDCOUNT, LOGISTICSCONFIRMEDCOUNT, RETURNNOTREFUNDEDCOUNT, FULLEXCHANGECOUNT, EXCHANGESHIPPEDCOUNT, DELAYEDCOUNT, AVGREFUNDAMOUNT, PARTIALRETURNCOUNT, TODAYCOUNT, TOTALCOUNT]
2025-07-09 10:06:00.732 [http-nio-8080-exec-10] WARN  c.w.c.controller.ExchangeController - ⚠️ 키를 찾을 수 없음 - key: collectionPendingCount, 사용 가능한 키들: [LOGISTICSPENDINGCOUNT, PAYMENTCOMPLETEDCOUNT, COLLECTIONPENDINGCOUNT, COLLECTIONCOMPLETEDCOUNT, OVERDUETENDAYSCOUNT, RENOMACOUNT, PAYMENTPENDINGCOUNT, CORALICCOUNT, FULLRETURNCOUNT, INCOMPLETEDCOUNT, TOTALREFUNDAMOUNT, PARTIALEXCHANGECOUNT, RETURNREFUNDEDCOUNT, COMPLETEDCOUNT, EXCHANGENOTSHIPPEDCOUNT, LOGISTICSCONFIRMEDCOUNT, RETURNNOTREFUNDEDCOUNT, FULLEXCHANGECOUNT, EXCHANGESHIPPEDCOUNT, DELAYEDCOUNT, AVGREFUNDAMOUNT, PARTIALRETURNCOUNT, TODAYCOUNT, TOTALCOUNT]
2025-07-09 10:06:00.732 [http-nio-8080-exec-10] WARN  c.w.c.controller.ExchangeController - ⚠️ 키를 찾을 수 없음 - key: logisticsConfirmedCount, 사용 가능한 키들: [LOGISTICSPENDINGCOUNT, PAYMENTCOMPLETEDCOUNT, COLLECTIONPENDINGCOUNT, COLLECTIONCOMPLETEDCOUNT, OVERDUETENDAYSCOUNT, RENOMACOUNT, PAYMENTPENDINGCOUNT, CORALICCOUNT, FULLRETURNCOUNT, INCOMPLETEDCOUNT, TOTALREFUNDAMOUNT, PARTIALEXCHANGECOUNT, RETURNREFUNDEDCOUNT, COMPLETEDCOUNT, EXCHANGENOTSHIPPEDCOUNT, LOGISTICSCONFIRMEDCOUNT, RETURNNOTREFUNDEDCOUNT, FULLEXCHANGECOUNT, EXCHANGESHIPPEDCOUNT, DELAYEDCOUNT, AVGREFUNDAMOUNT, PARTIALRETURNCOUNT, TODAYCOUNT, TOTALCOUNT]
2025-07-09 10:06:00.732 [http-nio-8080-exec-10] WARN  c.w.c.controller.ExchangeController - ⚠️ 키를 찾을 수 없음 - key: logisticsPendingCount, 사용 가능한 키들: [LOGISTICSPENDINGCOUNT, PAYMENTCOMPLETEDCOUNT, COLLECTIONPENDINGCOUNT, COLLECTIONCOMPLETEDCOUNT, OVERDUETENDAYSCOUNT, RENOMACOUNT, PAYMENTPENDINGCOUNT, CORALICCOUNT, FULLRETURNCOUNT, INCOMPLETEDCOUNT, TOTALREFUNDAMOUNT, PARTIALEXCHANGECOUNT, RETURNREFUNDEDCOUNT, COMPLETEDCOUNT, EXCHANGENOTSHIPPEDCOUNT, LOGISTICSCONFIRMEDCOUNT, RETURNNOTREFUNDEDCOUNT, FULLEXCHANGECOUNT, EXCHANGESHIPPEDCOUNT, DELAYEDCOUNT, AVGREFUNDAMOUNT, PARTIALRETURNCOUNT, TODAYCOUNT, TOTALCOUNT]
2025-07-09 10:06:00.732 [http-nio-8080-exec-10] WARN  c.w.c.controller.ExchangeController - ⚠️ 키를 찾을 수 없음 - key: exchangeShippedCount, 사용 가능한 키들: [LOGISTICSPENDINGCOUNT, PAYMENTCOMPLETEDCOUNT, COLLECTIONPENDINGCOUNT, COLLECTIONCOMPLETEDCOUNT, OVERDUETENDAYSCOUNT, RENOMACOUNT, PAYMENTPENDINGCOUNT, CORALICCOUNT, FULLRETURNCOUNT, INCOMPLETEDCOUNT, TOTALREFUNDAMOUNT, PARTIALEXCHANGECOUNT, RETURNREFUNDEDCOUNT, COMPLETEDCOUNT, EXCHANGENOTSHIPPEDCOUNT, LOGISTICSCONFIRMEDCOUNT, RETURNNOTREFUNDEDCOUNT, FULLEXCHANGECOUNT, EXCHANGESHIPPEDCOUNT, DELAYEDCOUNT, AVGREFUNDAMOUNT, PARTIALRETURNCOUNT, TODAYCOUNT, TOTALCOUNT]
2025-07-09 10:06:00.732 [http-nio-8080-exec-10] WARN  c.w.c.controller.ExchangeController - ⚠️ 키를 찾을 수 없음 - key: exchangeNotShippedCount, 사용 가능한 키들: [LOGISTICSPENDINGCOUNT, PAYMENTCOMPLETEDCOUNT, COLLECTIONPENDINGCOUNT, COLLECTIONCOMPLETEDCOUNT, OVERDUETENDAYSCOUNT, RENOMACOUNT, PAYMENTPENDINGCOUNT, CORALICCOUNT, FULLRETURNCOUNT, INCOMPLETEDCOUNT, TOTALREFUNDAMOUNT, PARTIALEXCHANGECOUNT, RETURNREFUNDEDCOUNT, COMPLETEDCOUNT, EXCHANGENOTSHIPPEDCOUNT, LOGISTICSCONFIRMEDCOUNT, RETURNNOTREFUNDEDCOUNT, FULLEXCHANGECOUNT, EXCHANGESHIPPEDCOUNT, DELAYEDCOUNT, AVGREFUNDAMOUNT, PARTIALRETURNCOUNT, TODAYCOUNT, TOTALCOUNT]
2025-07-09 10:06:00.732 [http-nio-8080-exec-10] WARN  c.w.c.controller.ExchangeController - ⚠️ 키를 찾을 수 없음 - key: returnRefundedCount, 사용 가능한 키들: [LOGISTICSPENDINGCOUNT, PAYMENTCOMPLETEDCOUNT, COLLECTIONPENDINGCOUNT, COLLECTIONCOMPLETEDCOUNT, OVERDUETENDAYSCOUNT, RENOMACOUNT, PAYMENTPENDINGCOUNT, CORALICCOUNT, FULLRETURNCOUNT, INCOMPLETEDCOUNT, TOTALREFUNDAMOUNT, PARTIALEXCHANGECOUNT, RETURNREFUNDEDCOUNT, COMPLETEDCOUNT, EXCHANGENOTSHIPPEDCOUNT, LOGISTICSCONFIRMEDCOUNT, RETURNNOTREFUNDEDCOUNT, FULLEXCHANGECOUNT, EXCHANGESHIPPEDCOUNT, DELAYEDCOUNT, AVGREFUNDAMOUNT, PARTIALRETURNCOUNT, TODAYCOUNT, TOTALCOUNT]
2025-07-09 10:06:00.732 [http-nio-8080-exec-10] WARN  c.w.c.controller.ExchangeController - ⚠️ 키를 찾을 수 없음 - key: returnNotRefundedCount, 사용 가능한 키들: [LOGISTICSPENDINGCOUNT, PAYMENTCOMPLETEDCOUNT, COLLECTIONPENDINGCOUNT, COLLECTIONCOMPLETEDCOUNT, OVERDUETENDAYSCOUNT, RENOMACOUNT, PAYMENTPENDINGCOUNT, CORALICCOUNT, FULLRETURNCOUNT, INCOMPLETEDCOUNT, TOTALREFUNDAMOUNT, PARTIALEXCHANGECOUNT, RETURNREFUNDEDCOUNT, COMPLETEDCOUNT, EXCHANGENOTSHIPPEDCOUNT, LOGISTICSCONFIRMEDCOUNT, RETURNNOTREFUNDEDCOUNT, FULLEXCHANGECOUNT, EXCHANGESHIPPEDCOUNT, DELAYEDCOUNT, AVGREFUNDAMOUNT, PARTIALRETURNCOUNT, TODAYCOUNT, TOTALCOUNT]
2025-07-09 10:06:00.732 [http-nio-8080-exec-10] WARN  c.w.c.controller.ExchangeController - ⚠️ 키를 찾을 수 없음 - key: paymentCompletedCount, 사용 가능한 키들: [LOGISTICSPENDINGCOUNT, PAYMENTCOMPLETEDCOUNT, COLLECTIONPENDINGCOUNT, COLLECTIONCOMPLETEDCOUNT, OVERDUETENDAYSCOUNT, RENOMACOUNT, PAYMENTPENDINGCOUNT, CORALICCOUNT, FULLRETURNCOUNT, INCOMPLETEDCOUNT, TOTALREFUNDAMOUNT, PARTIALEXCHANGECOUNT, RETURNREFUNDEDCOUNT, COMPLETEDCOUNT, EXCHANGENOTSHIPPEDCOUNT, LOGISTICSCONFIRMEDCOUNT, RETURNNOTREFUNDEDCOUNT, FULLEXCHANGECOUNT, EXCHANGESHIPPEDCOUNT, DELAYEDCOUNT, AVGREFUNDAMOUNT, PARTIALRETURNCOUNT, TODAYCOUNT, TOTALCOUNT]
2025-07-09 10:06:00.732 [http-nio-8080-exec-10] WARN  c.w.c.controller.ExchangeController - ⚠️ 키를 찾을 수 없음 - key: paymentPendingCount, 사용 가능한 키들: [LOGISTICSPENDINGCOUNT, PAYMENTCOMPLETEDCOUNT, COLLECTIONPENDINGCOUNT, COLLECTIONCOMPLETEDCOUNT, OVERDUETENDAYSCOUNT, RENOMACOUNT, PAYMENTPENDINGCOUNT, CORALICCOUNT, FULLRETURNCOUNT, INCOMPLETEDCOUNT, TOTALREFUNDAMOUNT, PARTIALEXCHANGECOUNT, RETURNREFUNDEDCOUNT, COMPLETEDCOUNT, EXCHANGENOTSHIPPEDCOUNT, LOGISTICSCONFIRMEDCOUNT, RETURNNOTREFUNDEDCOUNT, FULLEXCHANGECOUNT, EXCHANGESHIPPEDCOUNT, DELAYEDCOUNT, AVGREFUNDAMOUNT, PARTIALRETURNCOUNT, TODAYCOUNT, TOTALCOUNT]
2025-07-09 10:06:00.732 [http-nio-8080-exec-10] WARN  c.w.c.controller.ExchangeController - ⚠️ 키를 찾을 수 없음 - key: completedCount, 사용 가능한 키들: [LOGISTICSPENDINGCOUNT, PAYMENTCOMPLETEDCOUNT, COLLECTIONPENDINGCOUNT, COLLECTIONCOMPLETEDCOUNT, OVERDUETENDAYSCOUNT, RENOMACOUNT, PAYMENTPENDINGCOUNT, CORALICCOUNT, FULLRETURNCOUNT, INCOMPLETEDCOUNT, TOTALREFUNDAMOUNT, PARTIALEXCHANGECOUNT, RETURNREFUNDEDCOUNT, COMPLETEDCOUNT, EXCHANGENOTSHIPPEDCOUNT, LOGISTICSCONFIRMEDCOUNT, RETURNNOTREFUNDEDCOUNT, FULLEXCHANGECOUNT, EXCHANGESHIPPEDCOUNT, DELAYEDCOUNT, AVGREFUNDAMOUNT, PARTIALRETURNCOUNT, TODAYCOUNT, TOTALCOUNT]
2025-07-09 10:06:00.732 [http-nio-8080-exec-10] WARN  c.w.c.controller.ExchangeController - ⚠️ 키를 찾을 수 없음 - key: incompletedCount, 사용 가능한 키들: [LOGISTICSPENDINGCOUNT, PAYMENTCOMPLETEDCOUNT, COLLECTIONPENDINGCOUNT, COLLECTIONCOMPLETEDCOUNT, OVERDUETENDAYSCOUNT, RENOMACOUNT, PAYMENTPENDINGCOUNT, CORALICCOUNT, FULLRETURNCOUNT, INCOMPLETEDCOUNT, TOTALREFUNDAMOUNT, PARTIALEXCHANGECOUNT, RETURNREFUNDEDCOUNT, COMPLETEDCOUNT, EXCHANGENOTSHIPPEDCOUNT, LOGISTICSCONFIRMEDCOUNT, RETURNNOTREFUNDEDCOUNT, FULLEXCHANGECOUNT, EXCHANGESHIPPEDCOUNT, DELAYEDCOUNT, AVGREFUNDAMOUNT, PARTIALRETURNCOUNT, TODAYCOUNT, TOTALCOUNT]
2025-07-09 10:06:00.741 [http-nio-8080-exec-10] INFO  c.w.c.s.impl.ReturnItemServiceImpl - 🚨 10일 경과 미완료 건수: 288
2025-07-09 10:06:00.747 [http-nio-8080-exec-10] INFO  c.w.c.controller.ExchangeController - 🚨 처리기간 임박 건수 조회 완료: 288 건
2025-07-09 10:06:00.747 [http-nio-8080-exec-10] WARN  c.w.c.controller.ExchangeController - ⚠️ 키를 찾을 수 없음 - key: fullExchangeCount, 사용 가능한 키들: [LOGISTICSPENDINGCOUNT, PAYMENTCOMPLETEDCOUNT, COLLECTIONPENDINGCOUNT, COLLECTIONCOMPLETEDCOUNT, OVERDUETENDAYSCOUNT, RENOMACOUNT, PAYMENTPENDINGCOUNT, CORALICCOUNT, FULLRETURNCOUNT, INCOMPLETEDCOUNT, TOTALREFUNDAMOUNT, PARTIALEXCHANGECOUNT, RETURNREFUNDEDCOUNT, COMPLETEDCOUNT, EXCHANGENOTSHIPPEDCOUNT, LOGISTICSCONFIRMEDCOUNT, RETURNNOTREFUNDEDCOUNT, FULLEXCHANGECOUNT, EXCHANGESHIPPEDCOUNT, DELAYEDCOUNT, AVGREFUNDAMOUNT, PARTIALRETURNCOUNT, TODAYCOUNT, TOTALCOUNT]
2025-07-09 10:06:00.747 [http-nio-8080-exec-10] WARN  c.w.c.controller.ExchangeController - ⚠️ 키를 찾을 수 없음 - key: partialExchangeCount, 사용 가능한 키들: [LOGISTICSPENDINGCOUNT, PAYMENTCOMPLETEDCOUNT, COLLECTIONPENDINGCOUNT, COLLECTIONCOMPLETEDCOUNT, OVERDUETENDAYSCOUNT, RENOMACOUNT, PAYMENTPENDINGCOUNT, CORALICCOUNT, FULLRETURNCOUNT, INCOMPLETEDCOUNT, TOTALREFUNDAMOUNT, PARTIALEXCHANGECOUNT, RETURNREFUNDEDCOUNT, COMPLETEDCOUNT, EXCHANGENOTSHIPPEDCOUNT, LOGISTICSCONFIRMEDCOUNT, RETURNNOTREFUNDEDCOUNT, FULLEXCHANGECOUNT, EXCHANGESHIPPEDCOUNT, DELAYEDCOUNT, AVGREFUNDAMOUNT, PARTIALRETURNCOUNT, TODAYCOUNT, TOTALCOUNT]
2025-07-09 10:06:00.747 [http-nio-8080-exec-10] WARN  c.w.c.controller.ExchangeController - ⚠️ 키를 찾을 수 없음 - key: fullReturnCount, 사용 가능한 키들: [LOGISTICSPENDINGCOUNT, PAYMENTCOMPLETEDCOUNT, COLLECTIONPENDINGCOUNT, COLLECTIONCOMPLETEDCOUNT, OVERDUETENDAYSCOUNT, RENOMACOUNT, PAYMENTPENDINGCOUNT, CORALICCOUNT, FULLRETURNCOUNT, INCOMPLETEDCOUNT, TOTALREFUNDAMOUNT, PARTIALEXCHANGECOUNT, RETURNREFUNDEDCOUNT, COMPLETEDCOUNT, EXCHANGENOTSHIPPEDCOUNT, LOGISTICSCONFIRMEDCOUNT, RETURNNOTREFUNDEDCOUNT, FULLEXCHANGECOUNT, EXCHANGESHIPPEDCOUNT, DELAYEDCOUNT, AVGREFUNDAMOUNT, PARTIALRETURNCOUNT, TODAYCOUNT, TOTALCOUNT]
2025-07-09 10:06:00.747 [http-nio-8080-exec-10] WARN  c.w.c.controller.ExchangeController - ⚠️ 키를 찾을 수 없음 - key: partialReturnCount, 사용 가능한 키들: [LOGISTICSPENDINGCOUNT, PAYMENTCOMPLETEDCOUNT, COLLECTIONPENDINGCOUNT, COLLECTIONCOMPLETEDCOUNT, OVERDUETENDAYSCOUNT, RENOMACOUNT, PAYMENTPENDINGCOUNT, CORALICCOUNT, FULLRETURNCOUNT, INCOMPLETEDCOUNT, TOTALREFUNDAMOUNT, PARTIALEXCHANGECOUNT, RETURNREFUNDEDCOUNT, COMPLETEDCOUNT, EXCHANGENOTSHIPPEDCOUNT, LOGISTICSCONFIRMEDCOUNT, RETURNNOTREFUNDEDCOUNT, FULLEXCHANGECOUNT, EXCHANGESHIPPEDCOUNT, DELAYEDCOUNT, AVGREFUNDAMOUNT, PARTIALRETURNCOUNT, TODAYCOUNT, TOTALCOUNT]
2025-07-09 10:06:00.747 [http-nio-8080-exec-10] WARN  c.w.c.controller.ExchangeController - ⚠️ 키를 찾을 수 없음 - key: renomaCount, 사용 가능한 키들: [LOGISTICSPENDINGCOUNT, PAYMENTCOMPLETEDCOUNT, COLLECTIONPENDINGCOUNT, COLLECTIONCOMPLETEDCOUNT, OVERDUETENDAYSCOUNT, RENOMACOUNT, PAYMENTPENDINGCOUNT, CORALICCOUNT, FULLRETURNCOUNT, INCOMPLETEDCOUNT, TOTALREFUNDAMOUNT, PARTIALEXCHANGECOUNT, RETURNREFUNDEDCOUNT, COMPLETEDCOUNT, EXCHANGENOTSHIPPEDCOUNT, LOGISTICSCONFIRMEDCOUNT, RETURNNOTREFUNDEDCOUNT, FULLEXCHANGECOUNT, EXCHANGESHIPPEDCOUNT, DELAYEDCOUNT, AVGREFUNDAMOUNT, PARTIALRETURNCOUNT, TODAYCOUNT, TOTALCOUNT]
2025-07-09 10:06:00.747 [http-nio-8080-exec-10] WARN  c.w.c.controller.ExchangeController - ⚠️ 키를 찾을 수 없음 - key: coralicCount, 사용 가능한 키들: [LOGISTICSPENDINGCOUNT, PAYMENTCOMPLETEDCOUNT, COLLECTIONPENDINGCOUNT, COLLECTIONCOMPLETEDCOUNT, OVERDUETENDAYSCOUNT, RENOMACOUNT, PAYMENTPENDINGCOUNT, CORALICCOUNT, FULLRETURNCOUNT, INCOMPLETEDCOUNT, TOTALREFUNDAMOUNT, PARTIALEXCHANGECOUNT, RETURNREFUNDEDCOUNT, COMPLETEDCOUNT, EXCHANGENOTSHIPPEDCOUNT, LOGISTICSCONFIRMEDCOUNT, RETURNNOTREFUNDEDCOUNT, FULLEXCHANGECOUNT, EXCHANGESHIPPEDCOUNT, DELAYEDCOUNT, AVGREFUNDAMOUNT, PARTIALRETURNCOUNT, TODAYCOUNT, TOTALCOUNT]
2025-07-09 10:06:00.747 [http-nio-8080-exec-10] WARN  c.w.c.controller.ExchangeController - ⚠️ 키를 찾을 수 없음 - key: totalRefundAmount, 사용 가능한 키들: [LOGISTICSPENDINGCOUNT, PAYMENTCOMPLETEDCOUNT, COLLECTIONPENDINGCOUNT, COLLECTIONCOMPLETEDCOUNT, OVERDUETENDAYSCOUNT, RENOMACOUNT, PAYMENTPENDINGCOUNT, CORALICCOUNT, FULLRETURNCOUNT, INCOMPLETEDCOUNT, TOTALREFUNDAMOUNT, PARTIALEXCHANGECOUNT, RETURNREFUNDEDCOUNT, COMPLETEDCOUNT, EXCHANGENOTSHIPPEDCOUNT, LOGISTICSCONFIRMEDCOUNT, RETURNNOTREFUNDEDCOUNT, FULLEXCHANGECOUNT, EXCHANGESHIPPEDCOUNT, DELAYEDCOUNT, AVGREFUNDAMOUNT, PARTIALRETURNCOUNT, TODAYCOUNT, TOTALCOUNT]
2025-07-09 10:06:00.747 [http-nio-8080-exec-10] WARN  c.w.c.controller.ExchangeController - ⚠️ 키를 찾을 수 없음 - key: avgRefundAmount, 사용 가능한 키들: [LOGISTICSPENDINGCOUNT, PAYMENTCOMPLETEDCOUNT, COLLECTIONPENDINGCOUNT, COLLECTIONCOMPLETEDCOUNT, OVERDUETENDAYSCOUNT, RENOMACOUNT, PAYMENTPENDINGCOUNT, CORALICCOUNT, FULLRETURNCOUNT, INCOMPLETEDCOUNT, TOTALREFUNDAMOUNT, PARTIALEXCHANGECOUNT, RETURNREFUNDEDCOUNT, COMPLETEDCOUNT, EXCHANGENOTSHIPPEDCOUNT, LOGISTICSCONFIRMEDCOUNT, RETURNNOTREFUNDEDCOUNT, FULLEXCHANGECOUNT, EXCHANGESHIPPEDCOUNT, DELAYEDCOUNT, AVGREFUNDAMOUNT, PARTIALRETURNCOUNT, TODAYCOUNT, TOTALCOUNT]
2025-07-09 10:06:00.747 [http-nio-8080-exec-10] WARN  c.w.c.controller.ExchangeController - ⚠️ 키를 찾을 수 없음 - key: todayCount, 사용 가능한 키들: [LOGISTICSPENDINGCOUNT, PAYMENTCOMPLETEDCOUNT, COLLECTIONPENDINGCOUNT, COLLECTIONCOMPLETEDCOUNT, OVERDUETENDAYSCOUNT, RENOMACOUNT, PAYMENTPENDINGCOUNT, CORALICCOUNT, FULLRETURNCOUNT, INCOMPLETEDCOUNT, TOTALREFUNDAMOUNT, PARTIALEXCHANGECOUNT, RETURNREFUNDEDCOUNT, COMPLETEDCOUNT, EXCHANGENOTSHIPPEDCOUNT, LOGISTICSCONFIRMEDCOUNT, RETURNNOTREFUNDEDCOUNT, FULLEXCHANGECOUNT, EXCHANGESHIPPEDCOUNT, DELAYEDCOUNT, AVGREFUNDAMOUNT, PARTIALRETURNCOUNT, TODAYCOUNT, TOTALCOUNT]
2025-07-09 10:06:00.747 [http-nio-8080-exec-10] DEBUG org.mybatis.spring.SqlSessionUtils - Creating a new SqlSession
2025-07-09 10:06:00.747 [http-nio-8080-exec-10] DEBUG org.mybatis.spring.SqlSessionUtils - SqlSession [org.apache.ibatis.session.defaults.DefaultSqlSession@46204556] was not registered for synchronization because synchronization is not active
2025-07-09 10:06:00.747 [http-nio-8080-exec-10] DEBUG o.m.s.t.SpringManagedTransaction - JDBC Connection [HikariProxyConnection@1597965527 wrapping oracle.jdbc.driver.T4CConnection@7511f2eb] will not be managed by Spring
2025-07-09 10:06:00.754 [http-nio-8080-exec-10] DEBUG org.mybatis.spring.SqlSessionUtils - Closing non transactional SqlSession [org.apache.ibatis.session.defaults.DefaultSqlSession@46204556]
2025-07-09 10:06:00.754 [http-nio-8080-exec-10] DEBUG org.mybatis.spring.SqlSessionUtils - Creating a new SqlSession
2025-07-09 10:06:00.754 [http-nio-8080-exec-10] DEBUG org.mybatis.spring.SqlSessionUtils - SqlSession [org.apache.ibatis.session.defaults.DefaultSqlSession@4309b38f] was not registered for synchronization because synchronization is not active
2025-07-09 10:06:00.754 [http-nio-8080-exec-10] DEBUG o.m.s.t.SpringManagedTransaction - JDBC Connection [HikariProxyConnection@1834452289 wrapping oracle.jdbc.driver.T4CConnection@7511f2eb] will not be managed by Spring
2025-07-09 10:06:00.760 [http-nio-8080-exec-10] DEBUG org.mybatis.spring.SqlSessionUtils - Closing non transactional SqlSession [org.apache.ibatis.session.defaults.DefaultSqlSession@4309b38f]
2025-07-09 10:06:02.026 [http-nio-8080-exec-7] INFO  c.w.c.controller.ExchangeController - 🚀 카드 통계 조회 시작 - 검색 조건: keyword=, startDate=, endDate=
2025-07-09 10:06:02.026 [http-nio-8080-exec-7] INFO  c.w.c.controller.ExchangeController - 📊 검색 조건 여부: false | 조건 개수: 0
2025-07-09 10:06:02.026 [http-nio-8080-exec-7] INFO  c.w.c.controller.ExchangeController - 📊 전체 데이터 통계 조회
2025-07-09 10:06:02.032 [http-nio-8080-exec-7] DEBUG org.mybatis.spring.SqlSessionUtils - Creating a new SqlSession
2025-07-09 10:06:02.032 [http-nio-8080-exec-7] DEBUG org.mybatis.spring.SqlSessionUtils - Registering transaction synchronization for SqlSession [org.apache.ibatis.session.defaults.DefaultSqlSession@7b158966]
2025-07-09 10:06:02.032 [http-nio-8080-exec-7] DEBUG o.m.s.t.SpringManagedTransaction - JDBC Connection [HikariProxyConnection@430077573 wrapping oracle.jdbc.driver.T4CConnection@72674c95] will be managed by Spring
2025-07-09 10:06:02.071 [http-nio-8080-exec-7] DEBUG org.mybatis.spring.SqlSessionUtils - Releasing transactional SqlSession [org.apache.ibatis.session.defaults.DefaultSqlSession@7b158966]
2025-07-09 10:06:02.071 [http-nio-8080-exec-7] INFO  c.w.c.s.impl.ReturnItemServiceImpl - 🚀 통합 통계 조회 완료 - 소요시간: 39ms, 결과: {LOGISTICSPENDINGCOUNT=278, PAYMENTCOMPLETEDCOUNT=0, COLLECTIONPENDINGCOUNT=159, COLLECTIONCOMPLETEDCOUNT=349, OVERDUETENDAYSCOUNT=288, RENOMACOUNT=1104, PAYMENTPENDINGCOUNT=1, CORALICCOUNT=3501, FULLRETURNCOUNT=3659, INCOMPLETEDCOUNT=508, TOTALREFUNDAMOUNT=155343134, PARTIALEXCHANGECOUNT=0, RETURNREFUNDEDCOUNT=69, COMPLETEDCOUNT=4097, EXCHANGENOTSHIPPEDCOUNT=8, LOGISTICSCONFIRMEDCOUNT=230, RETURNNOTREFUNDEDCOUNT=412, FULLEXCHANGECOUNT=447, EXCHANGESHIPPEDCOUNT=19, DELAYEDCOUNT=429, AVGREFUNDAMOUNT=33734, PARTIALRETURNCOUNT=499, TODAYCOUNT=0, TOTALCOUNT=4605}
2025-07-09 10:06:02.071 [http-nio-8080-exec-7] DEBUG org.mybatis.spring.SqlSessionUtils - Transaction synchronization committing SqlSession [org.apache.ibatis.session.defaults.DefaultSqlSession@7b158966]
2025-07-09 10:06:02.071 [http-nio-8080-exec-7] DEBUG org.mybatis.spring.SqlSessionUtils - Transaction synchronization deregistering SqlSession [org.apache.ibatis.session.defaults.DefaultSqlSession@7b158966]
2025-07-09 10:06:02.071 [http-nio-8080-exec-7] DEBUG org.mybatis.spring.SqlSessionUtils - Transaction synchronization closing SqlSession [org.apache.ibatis.session.defaults.DefaultSqlSession@7b158966]
2025-07-09 10:06:02.085 [http-nio-8080-exec-7] INFO  c.w.c.s.impl.ReturnItemServiceImpl - 🚨 10일 경과 미완료 건수: 288
2025-07-09 10:06:02.091 [http-nio-8080-exec-7] INFO  c.w.c.controller.ExchangeController - 🚨 카드 통계 (전체) - 처리기간 임박 결과: 288 건
2025-07-09 10:06:02.091 [http-nio-8080-exec-7] INFO  c.w.c.controller.ExchangeController - ✅ 카드 통계 조회 완료 - 소요시간: 65ms
2025-07-09 10:06:05.993 [http-nio-8080-exec-6] INFO  c.w.c.controller.ExchangeController - 🚀 카드 통계 조회 시작 - 검색 조건: keyword=, startDate=, endDate=
2025-07-09 10:06:05.994 [http-nio-8080-exec-6] INFO  c.w.c.controller.ExchangeController - 📊 검색 조건 여부: false | 조건 개수: 0
2025-07-09 10:06:05.994 [http-nio-8080-exec-6] INFO  c.w.c.controller.ExchangeController - 📊 전체 데이터 통계 조회
2025-07-09 10:06:06.001 [http-nio-8080-exec-6] DEBUG org.mybatis.spring.SqlSessionUtils - Creating a new SqlSession
2025-07-09 10:06:06.001 [http-nio-8080-exec-6] DEBUG org.mybatis.spring.SqlSessionUtils - Registering transaction synchronization for SqlSession [org.apache.ibatis.session.defaults.DefaultSqlSession@6684fa49]
2025-07-09 10:06:06.002 [http-nio-8080-exec-6] DEBUG o.m.s.t.SpringManagedTransaction - JDBC Connection [HikariProxyConnection@283264719 wrapping oracle.jdbc.driver.T4CConnection@dab537c] will be managed by Spring
2025-07-09 10:06:06.023 [http-nio-8080-exec-6] DEBUG org.mybatis.spring.SqlSessionUtils - Releasing transactional SqlSession [org.apache.ibatis.session.defaults.DefaultSqlSession@6684fa49]
2025-07-09 10:06:06.023 [http-nio-8080-exec-6] INFO  c.w.c.s.impl.ReturnItemServiceImpl - 🚀 통합 통계 조회 완료 - 소요시간: 22ms, 결과: {LOGISTICSPENDINGCOUNT=278, PAYMENTCOMPLETEDCOUNT=0, COLLECTIONPENDINGCOUNT=159, COLLECTIONCOMPLETEDCOUNT=349, OVERDUETENDAYSCOUNT=288, RENOMACOUNT=1104, PAYMENTPENDINGCOUNT=1, CORALICCOUNT=3501, FULLRETURNCOUNT=3659, INCOMPLETEDCOUNT=508, TOTALREFUNDAMOUNT=155343134, PARTIALEXCHANGECOUNT=0, RETURNREFUNDEDCOUNT=69, COMPLETEDCOUNT=4097, EXCHANGENOTSHIPPEDCOUNT=8, LOGISTICSCONFIRMEDCOUNT=230, RETURNNOTREFUNDEDCOUNT=412, FULLEXCHANGECOUNT=447, EXCHANGESHIPPEDCOUNT=19, DELAYEDCOUNT=429, AVGREFUNDAMOUNT=33734, PARTIALRETURNCOUNT=499, TODAYCOUNT=0, TOTALCOUNT=4605}
2025-07-09 10:06:06.023 [http-nio-8080-exec-6] DEBUG org.mybatis.spring.SqlSessionUtils - Transaction synchronization committing SqlSession [org.apache.ibatis.session.defaults.DefaultSqlSession@6684fa49]
2025-07-09 10:06:06.023 [http-nio-8080-exec-6] DEBUG org.mybatis.spring.SqlSessionUtils - Transaction synchronization deregistering SqlSession [org.apache.ibatis.session.defaults.DefaultSqlSession@6684fa49]
2025-07-09 10:06:06.023 [http-nio-8080-exec-6] DEBUG org.mybatis.spring.SqlSessionUtils - Transaction synchronization closing SqlSession [org.apache.ibatis.session.defaults.DefaultSqlSession@6684fa49]
2025-07-09 10:06:06.047 [http-nio-8080-exec-6] INFO  c.w.c.s.impl.ReturnItemServiceImpl - 🚨 10일 경과 미완료 건수: 288
2025-07-09 10:06:06.053 [http-nio-8080-exec-6] INFO  c.w.c.controller.ExchangeController - 🚨 카드 통계 (전체) - 처리기간 임박 결과: 288 건
2025-07-09 10:06:06.053 [http-nio-8080-exec-6] INFO  c.w.c.controller.ExchangeController - ✅ 카드 통계 조회 완료 - 소요시간: 59ms
2025-07-09 10:06:06.805 [http-nio-8080-exec-1] INFO  c.w.c.controller.ExchangeController - 🚀 카드 통계 조회 시작 - 검색 조건: keyword=, startDate=, endDate=
2025-07-09 10:06:06.805 [http-nio-8080-exec-1] INFO  c.w.c.controller.ExchangeController - 📊 검색 조건 여부: false | 조건 개수: 0
2025-07-09 10:06:06.805 [http-nio-8080-exec-1] INFO  c.w.c.controller.ExchangeController - 📊 전체 데이터 통계 조회
2025-07-09 10:06:06.812 [http-nio-8080-exec-1] DEBUG org.mybatis.spring.SqlSessionUtils - Creating a new SqlSession
2025-07-09 10:06:06.812 [http-nio-8080-exec-1] DEBUG org.mybatis.spring.SqlSessionUtils - Registering transaction synchronization for SqlSession [org.apache.ibatis.session.defaults.DefaultSqlSession@732d7fef]
2025-07-09 10:06:06.812 [http-nio-8080-exec-1] DEBUG o.m.s.t.SpringManagedTransaction - JDBC Connection [HikariProxyConnection@1464193581 wrapping oracle.jdbc.driver.T4CConnection@2dcac5e1] will be managed by Spring
2025-07-09 10:06:06.832 [http-nio-8080-exec-1] DEBUG org.mybatis.spring.SqlSessionUtils - Releasing transactional SqlSession [org.apache.ibatis.session.defaults.DefaultSqlSession@732d7fef]
2025-07-09 10:06:06.832 [http-nio-8080-exec-1] INFO  c.w.c.s.impl.ReturnItemServiceImpl - 🚀 통합 통계 조회 완료 - 소요시간: 20ms, 결과: {LOGISTICSPENDINGCOUNT=278, PAYMENTCOMPLETEDCOUNT=0, COLLECTIONPENDINGCOUNT=159, COLLECTIONCOMPLETEDCOUNT=349, OVERDUETENDAYSCOUNT=288, RENOMACOUNT=1104, PAYMENTPENDINGCOUNT=1, CORALICCOUNT=3501, FULLRETURNCOUNT=3659, INCOMPLETEDCOUNT=508, TOTALREFUNDAMOUNT=155343134, PARTIALEXCHANGECOUNT=0, RETURNREFUNDEDCOUNT=69, COMPLETEDCOUNT=4097, EXCHANGENOTSHIPPEDCOUNT=8, LOGISTICSCONFIRMEDCOUNT=230, RETURNNOTREFUNDEDCOUNT=412, FULLEXCHANGECOUNT=447, EXCHANGESHIPPEDCOUNT=19, DELAYEDCOUNT=429, AVGREFUNDAMOUNT=33734, PARTIALRETURNCOUNT=499, TODAYCOUNT=0, TOTALCOUNT=4605}
2025-07-09 10:06:06.832 [http-nio-8080-exec-1] DEBUG org.mybatis.spring.SqlSessionUtils - Transaction synchronization committing SqlSession [org.apache.ibatis.session.defaults.DefaultSqlSession@732d7fef]
2025-07-09 10:06:06.832 [http-nio-8080-exec-1] DEBUG org.mybatis.spring.SqlSessionUtils - Transaction synchronization deregistering SqlSession [org.apache.ibatis.session.defaults.DefaultSqlSession@732d7fef]
2025-07-09 10:06:06.832 [http-nio-8080-exec-1] DEBUG org.mybatis.spring.SqlSessionUtils - Transaction synchronization closing SqlSession [org.apache.ibatis.session.defaults.DefaultSqlSession@732d7fef]
2025-07-09 10:06:06.850 [http-nio-8080-exec-1] INFO  c.w.c.s.impl.ReturnItemServiceImpl - 🚨 10일 경과 미완료 건수: 288
2025-07-09 10:06:06.858 [http-nio-8080-exec-1] INFO  c.w.c.controller.ExchangeController - 🚨 카드 통계 (전체) - 처리기간 임박 결과: 288 건
2025-07-09 10:06:06.858 [http-nio-8080-exec-1] INFO  c.w.c.controller.ExchangeController - ✅ 카드 통계 조회 완료 - 소요시간: 53ms
2025-07-09 10:06:13.765 [http-nio-8080-exec-2] INFO  c.w.c.controller.ExchangeController - 📅 일괄 날짜 업데이트 요청 - 대상 건수: 2
2025-07-09 10:06:13.765 [http-nio-8080-exec-2] INFO  c.w.c.controller.ExchangeController - 📝 날짜 수정자: test
2025-07-09 10:06:13.794 [http-nio-8080-exec-2] INFO  c.w.c.controller.ExchangeController - ✅ 일괄 날짜 업데이트 성공 - 업데이트된 건수: 2/2, 수정자: test
2025-07-09 10:06:17.138 [http-nio-8080-exec-4] INFO  c.w.c.controller.ExchangeController - 🚀 카드 통계 조회 시작 - 검색 조건: keyword=, startDate=, endDate=
2025-07-09 10:06:17.138 [http-nio-8080-exec-4] INFO  c.w.c.controller.ExchangeController - 📊 검색 조건 여부: false | 조건 개수: 0
2025-07-09 10:06:17.138 [http-nio-8080-exec-4] INFO  c.w.c.controller.ExchangeController - 📊 전체 데이터 통계 조회
2025-07-09 10:06:17.144 [http-nio-8080-exec-4] DEBUG org.mybatis.spring.SqlSessionUtils - Creating a new SqlSession
2025-07-09 10:06:17.144 [http-nio-8080-exec-4] DEBUG org.mybatis.spring.SqlSessionUtils - Registering transaction synchronization for SqlSession [org.apache.ibatis.session.defaults.DefaultSqlSession@1b1a2663]
2025-07-09 10:06:17.144 [http-nio-8080-exec-4] DEBUG o.m.s.t.SpringManagedTransaction - JDBC Connection [HikariProxyConnection@1191097181 wrapping oracle.jdbc.driver.T4CConnection@72674c95] will be managed by Spring
2025-07-09 10:06:17.166 [http-nio-8080-exec-4] DEBUG org.mybatis.spring.SqlSessionUtils - Releasing transactional SqlSession [org.apache.ibatis.session.defaults.DefaultSqlSession@1b1a2663]
2025-07-09 10:06:17.166 [http-nio-8080-exec-4] INFO  c.w.c.s.impl.ReturnItemServiceImpl - 🚀 통합 통계 조회 완료 - 소요시간: 22ms, 결과: {LOGISTICSPENDINGCOUNT=278, PAYMENTCOMPLETEDCOUNT=0, COLLECTIONPENDINGCOUNT=159, COLLECTIONCOMPLETEDCOUNT=349, OVERDUETENDAYSCOUNT=288, RENOMACOUNT=1104, PAYMENTPENDINGCOUNT=1, CORALICCOUNT=3501, FULLRETURNCOUNT=3659, INCOMPLETEDCOUNT=508, TOTALREFUNDAMOUNT=155343134, PARTIALEXCHANGECOUNT=0, RETURNREFUNDEDCOUNT=69, COMPLETEDCOUNT=4097, EXCHANGENOTSHIPPEDCOUNT=8, LOGISTICSCONFIRMEDCOUNT=230, RETURNNOTREFUNDEDCOUNT=412, FULLEXCHANGECOUNT=447, EXCHANGESHIPPEDCOUNT=19, DELAYEDCOUNT=429, AVGREFUNDAMOUNT=33734, PARTIALRETURNCOUNT=499, TODAYCOUNT=0, TOTALCOUNT=4605}
2025-07-09 10:06:17.167 [http-nio-8080-exec-4] DEBUG org.mybatis.spring.SqlSessionUtils - Transaction synchronization committing SqlSession [org.apache.ibatis.session.defaults.DefaultSqlSession@1b1a2663]
2025-07-09 10:06:17.167 [http-nio-8080-exec-4] DEBUG org.mybatis.spring.SqlSessionUtils - Transaction synchronization deregistering SqlSession [org.apache.ibatis.session.defaults.DefaultSqlSession@1b1a2663]
2025-07-09 10:06:17.167 [http-nio-8080-exec-4] DEBUG org.mybatis.spring.SqlSessionUtils - Transaction synchronization closing SqlSession [org.apache.ibatis.session.defaults.DefaultSqlSession@1b1a2663]
2025-07-09 10:06:17.178 [http-nio-8080-exec-4] INFO  c.w.c.s.impl.ReturnItemServiceImpl - 🚨 10일 경과 미완료 건수: 288
2025-07-09 10:06:17.183 [http-nio-8080-exec-4] INFO  c.w.c.controller.ExchangeController - 🚨 카드 통계 (전체) - 처리기간 임박 결과: 288 건
2025-07-09 10:06:17.183 [http-nio-8080-exec-4] INFO  c.w.c.controller.ExchangeController - ✅ 카드 통계 조회 완료 - 소요시간: 45ms
2025-07-09 10:06:29.356 [http-nio-8080-exec-9] DEBUG org.mybatis.spring.SqlSessionUtils - Creating a new SqlSession
2025-07-09 10:06:29.356 [http-nio-8080-exec-9] DEBUG org.mybatis.spring.SqlSessionUtils - Registering transaction synchronization for SqlSession [org.apache.ibatis.session.defaults.DefaultSqlSession@23b63913]
2025-07-09 10:06:29.356 [http-nio-8080-exec-9] DEBUG o.m.s.t.SpringManagedTransaction - JDBC Connection [HikariProxyConnection@1931011430 wrapping oracle.jdbc.driver.T4CConnection@72674c95] will be managed by Spring
2025-07-09 10:06:29.364 [http-nio-8080-exec-9] DEBUG org.mybatis.spring.SqlSessionUtils - Releasing transactional SqlSession [org.apache.ibatis.session.defaults.DefaultSqlSession@23b63913]
2025-07-09 10:06:29.364 [http-nio-8080-exec-9] INFO  c.w.c.s.i.ShippingPaymentServiceImpl - 오늘 입금 건수 조회 완료: 0 건
2025-07-09 10:06:29.364 [http-nio-8080-exec-9] DEBUG org.mybatis.spring.SqlSessionUtils - Transaction synchronization committing SqlSession [org.apache.ibatis.session.defaults.DefaultSqlSession@23b63913]
2025-07-09 10:06:29.364 [http-nio-8080-exec-9] DEBUG org.mybatis.spring.SqlSessionUtils - Transaction synchronization deregistering SqlSession [org.apache.ibatis.session.defaults.DefaultSqlSession@23b63913]
2025-07-09 10:06:29.364 [http-nio-8080-exec-9] DEBUG org.mybatis.spring.SqlSessionUtils - Transaction synchronization closing SqlSession [org.apache.ibatis.session.defaults.DefaultSqlSession@23b63913]
2025-07-09 10:06:29.372 [http-nio-8080-exec-9] DEBUG org.mybatis.spring.SqlSessionUtils - Creating a new SqlSession
2025-07-09 10:06:29.372 [http-nio-8080-exec-9] DEBUG org.mybatis.spring.SqlSessionUtils - Registering transaction synchronization for SqlSession [org.apache.ibatis.session.defaults.DefaultSqlSession@760d21e4]
2025-07-09 10:06:29.372 [http-nio-8080-exec-9] DEBUG o.m.s.t.SpringManagedTransaction - JDBC Connection [HikariProxyConnection@960864851 wrapping oracle.jdbc.driver.T4CConnection@72674c95] will be managed by Spring
2025-07-09 10:06:29.383 [http-nio-8080-exec-9] DEBUG org.mybatis.spring.SqlSessionUtils - Releasing transactional SqlSession [org.apache.ibatis.session.defaults.DefaultSqlSession@760d21e4]
2025-07-09 10:06:29.383 [http-nio-8080-exec-9] INFO  c.w.c.s.i.ShippingPaymentServiceImpl - 최근 입금 내역 조회 완료: 0 건 (제한: 10)
2025-07-09 10:06:29.383 [http-nio-8080-exec-9] DEBUG org.mybatis.spring.SqlSessionUtils - Transaction synchronization committing SqlSession [org.apache.ibatis.session.defaults.DefaultSqlSession@760d21e4]
2025-07-09 10:06:29.383 [http-nio-8080-exec-9] DEBUG org.mybatis.spring.SqlSessionUtils - Transaction synchronization deregistering SqlSession [org.apache.ibatis.session.defaults.DefaultSqlSession@760d21e4]
2025-07-09 10:06:29.383 [http-nio-8080-exec-9] DEBUG org.mybatis.spring.SqlSessionUtils - Transaction synchronization closing SqlSession [org.apache.ibatis.session.defaults.DefaultSqlSession@760d21e4]
2025-07-09 10:06:29.390 [http-nio-8080-exec-9] DEBUG org.mybatis.spring.SqlSessionUtils - Creating a new SqlSession
2025-07-09 10:06:29.390 [http-nio-8080-exec-9] DEBUG org.mybatis.spring.SqlSessionUtils - SqlSession [org.apache.ibatis.session.defaults.DefaultSqlSession@52d97083] was not registered for synchronization because synchronization is not active
2025-07-09 10:06:29.390 [http-nio-8080-exec-9] DEBUG o.m.s.t.SpringManagedTransaction - JDBC Connection [HikariProxyConnection@1304721725 wrapping oracle.jdbc.driver.T4CConnection@72674c95] will not be managed by Spring
2025-07-09 10:06:29.396 [http-nio-8080-exec-9] DEBUG org.mybatis.spring.SqlSessionUtils - Closing non transactional SqlSession [org.apache.ibatis.session.defaults.DefaultSqlSession@52d97083]
2025-07-09 10:06:29.397 [http-nio-8080-exec-9] DEBUG org.mybatis.spring.SqlSessionUtils - Creating a new SqlSession
2025-07-09 10:06:29.397 [http-nio-8080-exec-9] DEBUG org.mybatis.spring.SqlSessionUtils - SqlSession [org.apache.ibatis.session.defaults.DefaultSqlSession@52338d48] was not registered for synchronization because synchronization is not active
2025-07-09 10:06:29.397 [http-nio-8080-exec-9] DEBUG o.m.s.t.SpringManagedTransaction - JDBC Connection [HikariProxyConnection@1181809255 wrapping oracle.jdbc.driver.T4CConnection@72674c95] will not be managed by Spring
2025-07-09 10:06:29.404 [http-nio-8080-exec-9] DEBUG org.mybatis.spring.SqlSessionUtils - Closing non transactional SqlSession [org.apache.ibatis.session.defaults.DefaultSqlSession@52338d48]
2025-07-09 10:06:29.577 [http-nio-8080-exec-1] INFO  c.w.crm.controller.PaymentController - 입금 내역 조회 요청: page=0, size=10, keyword=null, startDate=2025-06-09, endDate=2025-07-09, brand=null, mappingStatus=null
2025-07-09 10:06:29.583 [http-nio-8080-exec-1] INFO  c.w.c.s.i.ShippingPaymentServiceImpl - 입금 내역 조회 시작: {mappingStatus=null, size=10, endDate=2025-07-09, page=0, keyword=null, brand=null, startDate=2025-06-09}
2025-07-09 10:06:29.583 [http-nio-8080-exec-1] DEBUG org.mybatis.spring.SqlSessionUtils - Creating a new SqlSession
2025-07-09 10:06:29.583 [http-nio-8080-exec-1] DEBUG org.mybatis.spring.SqlSessionUtils - Registering transaction synchronization for SqlSession [org.apache.ibatis.session.defaults.DefaultSqlSession@2ab89bd2]
2025-07-09 10:06:29.583 [http-nio-8080-exec-1] DEBUG o.m.s.t.SpringManagedTransaction - JDBC Connection [HikariProxyConnection@540149492 wrapping oracle.jdbc.driver.T4CConnection@2dcac5e1] will be managed by Spring
2025-07-09 10:06:29.599 [http-nio-8080-exec-1] DEBUG org.mybatis.spring.SqlSessionUtils - Releasing transactional SqlSession [org.apache.ibatis.session.defaults.DefaultSqlSession@2ab89bd2]
2025-07-09 10:06:29.599 [http-nio-8080-exec-1] DEBUG org.mybatis.spring.SqlSessionUtils - Fetched SqlSession [org.apache.ibatis.session.defaults.DefaultSqlSession@2ab89bd2] from current transaction
2025-07-09 10:06:29.606 [http-nio-8080-exec-1] DEBUG org.mybatis.spring.SqlSessionUtils - Releasing transactional SqlSession [org.apache.ibatis.session.defaults.DefaultSqlSession@2ab89bd2]
2025-07-09 10:06:29.606 [http-nio-8080-exec-1] INFO  c.w.c.s.i.ShippingPaymentServiceImpl - 입금 내역 조회 완료: 10 건 (총 12 건, 페이지 1/2)
2025-07-09 10:06:29.606 [http-nio-8080-exec-1] DEBUG org.mybatis.spring.SqlSessionUtils - Transaction synchronization committing SqlSession [org.apache.ibatis.session.defaults.DefaultSqlSession@2ab89bd2]
2025-07-09 10:06:29.606 [http-nio-8080-exec-1] DEBUG org.mybatis.spring.SqlSessionUtils - Transaction synchronization deregistering SqlSession [org.apache.ibatis.session.defaults.DefaultSqlSession@2ab89bd2]
2025-07-09 10:06:29.606 [http-nio-8080-exec-1] DEBUG org.mybatis.spring.SqlSessionUtils - Transaction synchronization closing SqlSession [org.apache.ibatis.session.defaults.DefaultSqlSession@2ab89bd2]
2025-07-09 10:06:29.613 [http-nio-8080-exec-1] INFO  c.w.crm.controller.PaymentController - 서비스에서 반환된 데이터: {size=10, numberOfElements=10, hasPrev=false, totalPages=2, hasNext=true, currentPage=0, content=[{SITENAME=29CM-레노마, MAPPEDDATE=null, BANKNAME=우리은행, MAPPINGSTATUS=PENDING, REGISTERDATE=2025-07-04 12:04:05, REGISTERID=14, RETURNITEMID=null, REGISTRAR=SYSTEM, BRAND=RENOMA, NOTES=수동 취소, CUSTOMERPHONE=null, AMOUNT=3000, RN=1, CUSTOMERNAME=서예찬, PAYMENTDATE=2025-07-04 12:03:00}, {SITENAME=null, MAPPEDDATE=null, BANKNAME=하나은행, MAPPINGSTATUS=PENDING, REGISTERDATE=2025-07-04 12:03:36, REGISTERID=13, RETURNITEMID=null, REGISTRAR=SYSTEM, BRAND=CORALIQUE, NOTES=null, CUSTOMERPHONE=null, AMOUNT=6000, RN=2, CUSTOMERNAME=테스트고객6, PAYMENTDATE=2025-07-04 12:02:00}, {SITENAME=null, MAPPEDDATE=null, BANKNAME=우리은행, MAPPINGSTATUS=PENDING, REGISTERDATE=2025-07-04 11:56:51, REGISTERID=12, RETURNITEMID=null, REGISTRAR=SYSTEM, BRAND=RENOMA, NOTES=null, CUSTOMERPHONE=null, AMOUNT=2000, RN=3, CUSTOMERNAME=테스트고객, PAYMENTDATE=2025-07-04 11:55:00}, {SITENAME=29CM-레노마, MAPPEDDATE=null, BANKNAME=우리은행, MAPPINGSTATUS=PENDING, REGISTERDATE=2025-07-04 11:55:55, REGISTERID=11, RETURNITEMID=null, REGISTRAR=SYSTEM, BRAND=RENOMA, NOTES=null, CUSTOMERPHONE=null, AMOUNT=6000, RN=4, CUSTOMERNAME=테스트고객, PAYMENTDATE=2025-07-04 11:55:00}, {SITENAME=29CM-레노마, MAPPEDDATE=null, BANKNAME=우리은행, MAPPINGSTATUS=PENDING, REGISTERDATE=2025-07-02 12:31:03, REGISTERID=10, RETURNITEMID=null, REGISTRAR=SYSTEM, BRAND=RENOMA, NOTES=입금 문제 없음 테스트 , CUSTOMERPHONE=null, AMOUNT=6000, RN=5, CUSTOMERNAME=테스트고객, PAYMENTDATE=2025-07-02 12:30:00}, {SITENAME=29CM-레노마, MAPPEDDATE=null, BANKNAME=우리은행, MAPPINGSTATUS=PENDING, REGISTERDATE=2025-06-30 13:37:23, REGISTERID=9, RETURNITEMID=null, REGISTRAR=SYSTEM, BRAND=RENOMA, NOTES=null, CUSTOMERPHONE=null, AMOUNT=6000, RN=6, CUSTOMERNAME=테스트고객6, PAYMENTDATE=2025-06-30 13:37:00}, {SITENAME=null, MAPPEDDATE=null, BANKNAME=하나은행, MAPPINGSTATUS=PENDING, REGISTERDATE=2025-06-29 19:37:54, REGISTERID=8, RETURNITEMID=null, REGISTRAR=SYSTEM, BRAND=CORALIQUE, NOTES=null, CUSTOMERPHONE=null, AMOUNT=6000, RN=7, CUSTOMERNAME=테스트고객1, PAYMENTDATE=2025-06-29 19:37:00}, {SITENAME=무신사-코랄리크, MAPPEDDATE=null, BANKNAME=하나은행, MAPPINGSTATUS=PENDING, REGISTERDATE=2025-06-29 19:31:28, REGISTERID=7, RETURNITEMID=null, REGISTRAR=SYSTEM, BRAND=CORALIQUE, NOTES=null, CUSTOMERPHONE=null, AMOUNT=6000, RN=8, CUSTOMERNAME=테스트고객, PAYMENTDATE=2025-06-29 19:27:00}, {SITENAME=29CM-레노마, MAPPEDDATE=2025-07-04 15:50:19, BANKNAME=우리은행, MAPPINGSTATUS=MAPPED, REGISTERDATE=2025-06-29 19:05:40, REGISTERID=5, RETURNITEMID=41, REGISTRAR=SYSTEM, BRAND=RENOMA, NOTES=null, CUSTOMERPHONE=null, AMOUNT=6000, RN=9, CUSTOMERNAME=테스트고객6, PAYMENTDATE=2025-06-29 19:05:00}, {SITENAME=null, MAPPEDDATE=2025-06-27 15:35:53, BANKNAME=우리은행, MAPPINGSTATUS=MAPPED, REGISTERDATE=2025-06-27 14:42:34, REGISTERID=3, RETURNITEMID=39, REGISTRAR=MINWOOGI, BRAND=RENOMA, NOTES=null, CUSTOMERPHONE=null, AMOUNT=3000, RN=10, CUSTOMERNAME=테스트고객4, PAYMENTDATE=2025-06-13 16:44:00}], totalElements=12}
2025-07-09 10:06:29.613 [http-nio-8080-exec-1] INFO  c.w.crm.controller.PaymentController - 최종 클라이언트 응답: {size=10, numberOfElements=10, hasPrev=false, success=true, totalPages=2, hasNext=true, currentPage=0, content=[{SITENAME=29CM-레노마, MAPPEDDATE=null, BANKNAME=우리은행, MAPPINGSTATUS=PENDING, REGISTERDATE=2025-07-04 12:04:05, REGISTERID=14, RETURNITEMID=null, REGISTRAR=SYSTEM, BRAND=RENOMA, NOTES=수동 취소, CUSTOMERPHONE=null, AMOUNT=3000, RN=1, CUSTOMERNAME=서예찬, PAYMENTDATE=2025-07-04 12:03:00}, {SITENAME=null, MAPPEDDATE=null, BANKNAME=하나은행, MAPPINGSTATUS=PENDING, REGISTERDATE=2025-07-04 12:03:36, REGISTERID=13, RETURNITEMID=null, REGISTRAR=SYSTEM, BRAND=CORALIQUE, NOTES=null, CUSTOMERPHONE=null, AMOUNT=6000, RN=2, CUSTOMERNAME=테스트고객6, PAYMENTDATE=2025-07-04 12:02:00}, {SITENAME=null, MAPPEDDATE=null, BANKNAME=우리은행, MAPPINGSTATUS=PENDING, REGISTERDATE=2025-07-04 11:56:51, REGISTERID=12, RETURNITEMID=null, REGISTRAR=SYSTEM, BRAND=RENOMA, NOTES=null, CUSTOMERPHONE=null, AMOUNT=2000, RN=3, CUSTOMERNAME=테스트고객, PAYMENTDATE=2025-07-04 11:55:00}, {SITENAME=29CM-레노마, MAPPEDDATE=null, BANKNAME=우리은행, MAPPINGSTATUS=PENDING, REGISTERDATE=2025-07-04 11:55:55, REGISTERID=11, RETURNITEMID=null, REGISTRAR=SYSTEM, BRAND=RENOMA, NOTES=null, CUSTOMERPHONE=null, AMOUNT=6000, RN=4, CUSTOMERNAME=테스트고객, PAYMENTDATE=2025-07-04 11:55:00}, {SITENAME=29CM-레노마, MAPPEDDATE=null, BANKNAME=우리은행, MAPPINGSTATUS=PENDING, REGISTERDATE=2025-07-02 12:31:03, REGISTERID=10, RETURNITEMID=null, REGISTRAR=SYSTEM, BRAND=RENOMA, NOTES=입금 문제 없음 테스트 , CUSTOMERPHONE=null, AMOUNT=6000, RN=5, CUSTOMERNAME=테스트고객, PAYMENTDATE=2025-07-02 12:30:00}, {SITENAME=29CM-레노마, MAPPEDDATE=null, BANKNAME=우리은행, MAPPINGSTATUS=PENDING, REGISTERDATE=2025-06-30 13:37:23, REGISTERID=9, RETURNITEMID=null, REGISTRAR=SYSTEM, BRAND=RENOMA, NOTES=null, CUSTOMERPHONE=null, AMOUNT=6000, RN=6, CUSTOMERNAME=테스트고객6, PAYMENTDATE=2025-06-30 13:37:00}, {SITENAME=null, MAPPEDDATE=null, BANKNAME=하나은행, MAPPINGSTATUS=PENDING, REGISTERDATE=2025-06-29 19:37:54, REGISTERID=8, RETURNITEMID=null, REGISTRAR=SYSTEM, BRAND=CORALIQUE, NOTES=null, CUSTOMERPHONE=null, AMOUNT=6000, RN=7, CUSTOMERNAME=테스트고객1, PAYMENTDATE=2025-06-29 19:37:00}, {SITENAME=무신사-코랄리크, MAPPEDDATE=null, BANKNAME=하나은행, MAPPINGSTATUS=PENDING, REGISTERDATE=2025-06-29 19:31:28, REGISTERID=7, RETURNITEMID=null, REGISTRAR=SYSTEM, BRAND=CORALIQUE, NOTES=null, CUSTOMERPHONE=null, AMOUNT=6000, RN=8, CUSTOMERNAME=테스트고객, PAYMENTDATE=2025-06-29 19:27:00}, {SITENAME=29CM-레노마, MAPPEDDATE=2025-07-04 15:50:19, BANKNAME=우리은행, MAPPINGSTATUS=MAPPED, REGISTERDATE=2025-06-29 19:05:40, REGISTERID=5, RETURNITEMID=41, REGISTRAR=SYSTEM, BRAND=RENOMA, NOTES=null, CUSTOMERPHONE=null, AMOUNT=6000, RN=9, CUSTOMERNAME=테스트고객6, PAYMENTDATE=2025-06-29 19:05:00}, {SITENAME=null, MAPPEDDATE=2025-06-27 15:35:53, BANKNAME=우리은행, MAPPINGSTATUS=MAPPED, REGISTERDATE=2025-06-27 14:42:34, REGISTERID=3, RETURNITEMID=39, REGISTRAR=MINWOOGI, BRAND=RENOMA, NOTES=null, CUSTOMERPHONE=null, AMOUNT=3000, RN=10, CUSTOMERNAME=테스트고객4, PAYMENTDATE=2025-06-13 16:44:00}], totalElements=12}
2025-07-09 10:06:30.864 [http-nio-8080-exec-10] INFO  c.w.c.controller.ExchangeController - 교환/반품 목록 조회 - 검색조건: ReturnItemSearchDTO(keyword=null, startDate=null, endDate=null, returnTypeCode=null, returnStatusCode=null, siteName=null, paymentStatus=null, brandFilter=null, page=0, size=20, sortBy=id, sortDir=DESC), 필터: null
2025-07-09 10:06:30.870 [http-nio-8080-exec-10] INFO  c.w.c.s.impl.ReturnItemServiceImpl - 📋 Oracle 11g 호환 전체 목록 조회 - page: 0, size: 20
2025-07-09 10:06:30.871 [http-nio-8080-exec-10] INFO  c.w.c.s.impl.ReturnItemServiceImpl - 🔢 페이징 파라미터 - startRow: 0, endRow: 20
2025-07-09 10:06:30.905 [http-nio-8080-exec-10] INFO  c.w.c.s.impl.ReturnItemServiceImpl - ✅ 조회 결과 - items: 20, totalCount: 4605
2025-07-09 10:06:30.911 [http-nio-8080-exec-10] INFO  c.w.c.controller.ExchangeController - 📋 전체 조회 완료 - 결과 수: 4605
2025-07-09 10:06:30.911 [http-nio-8080-exec-10] INFO  c.w.c.controller.ExchangeController - 🔍 통계 조회 - 검색 조건 존재: false, 검색DTO: ReturnItemSearchDTO(keyword=null, startDate=null, endDate=null, returnTypeCode=null, returnStatusCode=null, siteName=null, paymentStatus=null, brandFilter=null, page=0, size=20, sortBy=id, sortDir=DESC)
2025-07-09 10:06:30.911 [http-nio-8080-exec-10] INFO  c.w.c.controller.ExchangeController - 📊 전체 데이터 기반 통합 통계 조회 시작
2025-07-09 10:06:30.911 [http-nio-8080-exec-10] DEBUG org.mybatis.spring.SqlSessionUtils - Creating a new SqlSession
2025-07-09 10:06:30.911 [http-nio-8080-exec-10] DEBUG org.mybatis.spring.SqlSessionUtils - Registering transaction synchronization for SqlSession [org.apache.ibatis.session.defaults.DefaultSqlSession@2291b693]
2025-07-09 10:06:30.911 [http-nio-8080-exec-10] DEBUG o.m.s.t.SpringManagedTransaction - JDBC Connection [HikariProxyConnection@220152090 wrapping oracle.jdbc.driver.T4CConnection@7511f2eb] will be managed by Spring
2025-07-09 10:06:30.927 [http-nio-8080-exec-10] DEBUG org.mybatis.spring.SqlSessionUtils - Releasing transactional SqlSession [org.apache.ibatis.session.defaults.DefaultSqlSession@2291b693]
2025-07-09 10:06:30.927 [http-nio-8080-exec-10] INFO  c.w.c.s.impl.ReturnItemServiceImpl - 🚀 통합 통계 조회 완료 - 소요시간: 16ms, 결과: {LOGISTICSPENDINGCOUNT=278, PAYMENTCOMPLETEDCOUNT=0, COLLECTIONPENDINGCOUNT=159, COLLECTIONCOMPLETEDCOUNT=349, OVERDUETENDAYSCOUNT=288, RENOMACOUNT=1104, PAYMENTPENDINGCOUNT=1, CORALICCOUNT=3501, FULLRETURNCOUNT=3659, INCOMPLETEDCOUNT=508, TOTALREFUNDAMOUNT=155343134, PARTIALEXCHANGECOUNT=0, RETURNREFUNDEDCOUNT=69, COMPLETEDCOUNT=4097, EXCHANGENOTSHIPPEDCOUNT=8, LOGISTICSCONFIRMEDCOUNT=230, RETURNNOTREFUNDEDCOUNT=412, FULLEXCHANGECOUNT=447, EXCHANGESHIPPEDCOUNT=19, DELAYEDCOUNT=429, AVGREFUNDAMOUNT=33734, PARTIALRETURNCOUNT=499, TODAYCOUNT=0, TOTALCOUNT=4605}
2025-07-09 10:06:30.927 [http-nio-8080-exec-10] DEBUG org.mybatis.spring.SqlSessionUtils - Transaction synchronization committing SqlSession [org.apache.ibatis.session.defaults.DefaultSqlSession@2291b693]
2025-07-09 10:06:30.927 [http-nio-8080-exec-10] DEBUG org.mybatis.spring.SqlSessionUtils - Transaction synchronization deregistering SqlSession [org.apache.ibatis.session.defaults.DefaultSqlSession@2291b693]
2025-07-09 10:06:30.927 [http-nio-8080-exec-10] DEBUG org.mybatis.spring.SqlSessionUtils - Transaction synchronization closing SqlSession [org.apache.ibatis.session.defaults.DefaultSqlSession@2291b693]
2025-07-09 10:06:30.933 [http-nio-8080-exec-10] INFO  c.w.c.controller.ExchangeController - ✅ 전체 데이터 기반 통합 통계 조회 완료
2025-07-09 10:06:30.934 [http-nio-8080-exec-10] WARN  c.w.c.controller.ExchangeController - ⚠️ 키를 찾을 수 없음 - key: collectionCompletedCount, 사용 가능한 키들: [LOGISTICSPENDINGCOUNT, PAYMENTCOMPLETEDCOUNT, COLLECTIONPENDINGCOUNT, COLLECTIONCOMPLETEDCOUNT, OVERDUETENDAYSCOUNT, RENOMACOUNT, PAYMENTPENDINGCOUNT, CORALICCOUNT, FULLRETURNCOUNT, INCOMPLETEDCOUNT, TOTALREFUNDAMOUNT, PARTIALEXCHANGECOUNT, RETURNREFUNDEDCOUNT, COMPLETEDCOUNT, EXCHANGENOTSHIPPEDCOUNT, LOGISTICSCONFIRMEDCOUNT, RETURNNOTREFUNDEDCOUNT, FULLEXCHANGECOUNT, EXCHANGESHIPPEDCOUNT, DELAYEDCOUNT, AVGREFUNDAMOUNT, PARTIALRETURNCOUNT, TODAYCOUNT, TOTALCOUNT]
2025-07-09 10:06:30.934 [http-nio-8080-exec-10] WARN  c.w.c.controller.ExchangeController - ⚠️ 키를 찾을 수 없음 - key: collectionPendingCount, 사용 가능한 키들: [LOGISTICSPENDINGCOUNT, PAYMENTCOMPLETEDCOUNT, COLLECTIONPENDINGCOUNT, COLLECTIONCOMPLETEDCOUNT, OVERDUETENDAYSCOUNT, RENOMACOUNT, PAYMENTPENDINGCOUNT, CORALICCOUNT, FULLRETURNCOUNT, INCOMPLETEDCOUNT, TOTALREFUNDAMOUNT, PARTIALEXCHANGECOUNT, RETURNREFUNDEDCOUNT, COMPLETEDCOUNT, EXCHANGENOTSHIPPEDCOUNT, LOGISTICSCONFIRMEDCOUNT, RETURNNOTREFUNDEDCOUNT, FULLEXCHANGECOUNT, EXCHANGESHIPPEDCOUNT, DELAYEDCOUNT, AVGREFUNDAMOUNT, PARTIALRETURNCOUNT, TODAYCOUNT, TOTALCOUNT]
2025-07-09 10:06:30.934 [http-nio-8080-exec-10] WARN  c.w.c.controller.ExchangeController - ⚠️ 키를 찾을 수 없음 - key: logisticsConfirmedCount, 사용 가능한 키들: [LOGISTICSPENDINGCOUNT, PAYMENTCOMPLETEDCOUNT, COLLECTIONPENDINGCOUNT, COLLECTIONCOMPLETEDCOUNT, OVERDUETENDAYSCOUNT, RENOMACOUNT, PAYMENTPENDINGCOUNT, CORALICCOUNT, FULLRETURNCOUNT, INCOMPLETEDCOUNT, TOTALREFUNDAMOUNT, PARTIALEXCHANGECOUNT, RETURNREFUNDEDCOUNT, COMPLETEDCOUNT, EXCHANGENOTSHIPPEDCOUNT, LOGISTICSCONFIRMEDCOUNT, RETURNNOTREFUNDEDCOUNT, FULLEXCHANGECOUNT, EXCHANGESHIPPEDCOUNT, DELAYEDCOUNT, AVGREFUNDAMOUNT, PARTIALRETURNCOUNT, TODAYCOUNT, TOTALCOUNT]
2025-07-09 10:06:30.934 [http-nio-8080-exec-10] WARN  c.w.c.controller.ExchangeController - ⚠️ 키를 찾을 수 없음 - key: logisticsPendingCount, 사용 가능한 키들: [LOGISTICSPENDINGCOUNT, PAYMENTCOMPLETEDCOUNT, COLLECTIONPENDINGCOUNT, COLLECTIONCOMPLETEDCOUNT, OVERDUETENDAYSCOUNT, RENOMACOUNT, PAYMENTPENDINGCOUNT, CORALICCOUNT, FULLRETURNCOUNT, INCOMPLETEDCOUNT, TOTALREFUNDAMOUNT, PARTIALEXCHANGECOUNT, RETURNREFUNDEDCOUNT, COMPLETEDCOUNT, EXCHANGENOTSHIPPEDCOUNT, LOGISTICSCONFIRMEDCOUNT, RETURNNOTREFUNDEDCOUNT, FULLEXCHANGECOUNT, EXCHANGESHIPPEDCOUNT, DELAYEDCOUNT, AVGREFUNDAMOUNT, PARTIALRETURNCOUNT, TODAYCOUNT, TOTALCOUNT]
2025-07-09 10:06:30.934 [http-nio-8080-exec-10] WARN  c.w.c.controller.ExchangeController - ⚠️ 키를 찾을 수 없음 - key: exchangeShippedCount, 사용 가능한 키들: [LOGISTICSPENDINGCOUNT, PAYMENTCOMPLETEDCOUNT, COLLECTIONPENDINGCOUNT, COLLECTIONCOMPLETEDCOUNT, OVERDUETENDAYSCOUNT, RENOMACOUNT, PAYMENTPENDINGCOUNT, CORALICCOUNT, FULLRETURNCOUNT, INCOMPLETEDCOUNT, TOTALREFUNDAMOUNT, PARTIALEXCHANGECOUNT, RETURNREFUNDEDCOUNT, COMPLETEDCOUNT, EXCHANGENOTSHIPPEDCOUNT, LOGISTICSCONFIRMEDCOUNT, RETURNNOTREFUNDEDCOUNT, FULLEXCHANGECOUNT, EXCHANGESHIPPEDCOUNT, DELAYEDCOUNT, AVGREFUNDAMOUNT, PARTIALRETURNCOUNT, TODAYCOUNT, TOTALCOUNT]
2025-07-09 10:06:30.934 [http-nio-8080-exec-10] WARN  c.w.c.controller.ExchangeController - ⚠️ 키를 찾을 수 없음 - key: exchangeNotShippedCount, 사용 가능한 키들: [LOGISTICSPENDINGCOUNT, PAYMENTCOMPLETEDCOUNT, COLLECTIONPENDINGCOUNT, COLLECTIONCOMPLETEDCOUNT, OVERDUETENDAYSCOUNT, RENOMACOUNT, PAYMENTPENDINGCOUNT, CORALICCOUNT, FULLRETURNCOUNT, INCOMPLETEDCOUNT, TOTALREFUNDAMOUNT, PARTIALEXCHANGECOUNT, RETURNREFUNDEDCOUNT, COMPLETEDCOUNT, EXCHANGENOTSHIPPEDCOUNT, LOGISTICSCONFIRMEDCOUNT, RETURNNOTREFUNDEDCOUNT, FULLEXCHANGECOUNT, EXCHANGESHIPPEDCOUNT, DELAYEDCOUNT, AVGREFUNDAMOUNT, PARTIALRETURNCOUNT, TODAYCOUNT, TOTALCOUNT]
2025-07-09 10:06:30.934 [http-nio-8080-exec-10] WARN  c.w.c.controller.ExchangeController - ⚠️ 키를 찾을 수 없음 - key: returnRefundedCount, 사용 가능한 키들: [LOGISTICSPENDINGCOUNT, PAYMENTCOMPLETEDCOUNT, COLLECTIONPENDINGCOUNT, COLLECTIONCOMPLETEDCOUNT, OVERDUETENDAYSCOUNT, RENOMACOUNT, PAYMENTPENDINGCOUNT, CORALICCOUNT, FULLRETURNCOUNT, INCOMPLETEDCOUNT, TOTALREFUNDAMOUNT, PARTIALEXCHANGECOUNT, RETURNREFUNDEDCOUNT, COMPLETEDCOUNT, EXCHANGENOTSHIPPEDCOUNT, LOGISTICSCONFIRMEDCOUNT, RETURNNOTREFUNDEDCOUNT, FULLEXCHANGECOUNT, EXCHANGESHIPPEDCOUNT, DELAYEDCOUNT, AVGREFUNDAMOUNT, PARTIALRETURNCOUNT, TODAYCOUNT, TOTALCOUNT]
2025-07-09 10:06:30.934 [http-nio-8080-exec-10] WARN  c.w.c.controller.ExchangeController - ⚠️ 키를 찾을 수 없음 - key: returnNotRefundedCount, 사용 가능한 키들: [LOGISTICSPENDINGCOUNT, PAYMENTCOMPLETEDCOUNT, COLLECTIONPENDINGCOUNT, COLLECTIONCOMPLETEDCOUNT, OVERDUETENDAYSCOUNT, RENOMACOUNT, PAYMENTPENDINGCOUNT, CORALICCOUNT, FULLRETURNCOUNT, INCOMPLETEDCOUNT, TOTALREFUNDAMOUNT, PARTIALEXCHANGECOUNT, RETURNREFUNDEDCOUNT, COMPLETEDCOUNT, EXCHANGENOTSHIPPEDCOUNT, LOGISTICSCONFIRMEDCOUNT, RETURNNOTREFUNDEDCOUNT, FULLEXCHANGECOUNT, EXCHANGESHIPPEDCOUNT, DELAYEDCOUNT, AVGREFUNDAMOUNT, PARTIALRETURNCOUNT, TODAYCOUNT, TOTALCOUNT]
2025-07-09 10:06:30.934 [http-nio-8080-exec-10] WARN  c.w.c.controller.ExchangeController - ⚠️ 키를 찾을 수 없음 - key: paymentCompletedCount, 사용 가능한 키들: [LOGISTICSPENDINGCOUNT, PAYMENTCOMPLETEDCOUNT, COLLECTIONPENDINGCOUNT, COLLECTIONCOMPLETEDCOUNT, OVERDUETENDAYSCOUNT, RENOMACOUNT, PAYMENTPENDINGCOUNT, CORALICCOUNT, FULLRETURNCOUNT, INCOMPLETEDCOUNT, TOTALREFUNDAMOUNT, PARTIALEXCHANGECOUNT, RETURNREFUNDEDCOUNT, COMPLETEDCOUNT, EXCHANGENOTSHIPPEDCOUNT, LOGISTICSCONFIRMEDCOUNT, RETURNNOTREFUNDEDCOUNT, FULLEXCHANGECOUNT, EXCHANGESHIPPEDCOUNT, DELAYEDCOUNT, AVGREFUNDAMOUNT, PARTIALRETURNCOUNT, TODAYCOUNT, TOTALCOUNT]
2025-07-09 10:06:30.934 [http-nio-8080-exec-10] WARN  c.w.c.controller.ExchangeController - ⚠️ 키를 찾을 수 없음 - key: paymentPendingCount, 사용 가능한 키들: [LOGISTICSPENDINGCOUNT, PAYMENTCOMPLETEDCOUNT, COLLECTIONPENDINGCOUNT, COLLECTIONCOMPLETEDCOUNT, OVERDUETENDAYSCOUNT, RENOMACOUNT, PAYMENTPENDINGCOUNT, CORALICCOUNT, FULLRETURNCOUNT, INCOMPLETEDCOUNT, TOTALREFUNDAMOUNT, PARTIALEXCHANGECOUNT, RETURNREFUNDEDCOUNT, COMPLETEDCOUNT, EXCHANGENOTSHIPPEDCOUNT, LOGISTICSCONFIRMEDCOUNT, RETURNNOTREFUNDEDCOUNT, FULLEXCHANGECOUNT, EXCHANGESHIPPEDCOUNT, DELAYEDCOUNT, AVGREFUNDAMOUNT, PARTIALRETURNCOUNT, TODAYCOUNT, TOTALCOUNT]
2025-07-09 10:06:30.934 [http-nio-8080-exec-10] WARN  c.w.c.controller.ExchangeController - ⚠️ 키를 찾을 수 없음 - key: completedCount, 사용 가능한 키들: [LOGISTICSPENDINGCOUNT, PAYMENTCOMPLETEDCOUNT, COLLECTIONPENDINGCOUNT, COLLECTIONCOMPLETEDCOUNT, OVERDUETENDAYSCOUNT, RENOMACOUNT, PAYMENTPENDINGCOUNT, CORALICCOUNT, FULLRETURNCOUNT, INCOMPLETEDCOUNT, TOTALREFUNDAMOUNT, PARTIALEXCHANGECOUNT, RETURNREFUNDEDCOUNT, COMPLETEDCOUNT, EXCHANGENOTSHIPPEDCOUNT, LOGISTICSCONFIRMEDCOUNT, RETURNNOTREFUNDEDCOUNT, FULLEXCHANGECOUNT, EXCHANGESHIPPEDCOUNT, DELAYEDCOUNT, AVGREFUNDAMOUNT, PARTIALRETURNCOUNT, TODAYCOUNT, TOTALCOUNT]
2025-07-09 10:06:30.934 [http-nio-8080-exec-10] WARN  c.w.c.controller.ExchangeController - ⚠️ 키를 찾을 수 없음 - key: incompletedCount, 사용 가능한 키들: [LOGISTICSPENDINGCOUNT, PAYMENTCOMPLETEDCOUNT, COLLECTIONPENDINGCOUNT, COLLECTIONCOMPLETEDCOUNT, OVERDUETENDAYSCOUNT, RENOMACOUNT, PAYMENTPENDINGCOUNT, CORALICCOUNT, FULLRETURNCOUNT, INCOMPLETEDCOUNT, TOTALREFUNDAMOUNT, PARTIALEXCHANGECOUNT, RETURNREFUNDEDCOUNT, COMPLETEDCOUNT, EXCHANGENOTSHIPPEDCOUNT, LOGISTICSCONFIRMEDCOUNT, RETURNNOTREFUNDEDCOUNT, FULLEXCHANGECOUNT, EXCHANGESHIPPEDCOUNT, DELAYEDCOUNT, AVGREFUNDAMOUNT, PARTIALRETURNCOUNT, TODAYCOUNT, TOTALCOUNT]
2025-07-09 10:06:30.941 [http-nio-8080-exec-10] INFO  c.w.c.s.impl.ReturnItemServiceImpl - 🚨 10일 경과 미완료 건수: 288
2025-07-09 10:06:30.946 [http-nio-8080-exec-10] INFO  c.w.c.controller.ExchangeController - 🚨 처리기간 임박 건수 조회 완료: 288 건
2025-07-09 10:06:30.946 [http-nio-8080-exec-10] WARN  c.w.c.controller.ExchangeController - ⚠️ 키를 찾을 수 없음 - key: fullExchangeCount, 사용 가능한 키들: [LOGISTICSPENDINGCOUNT, PAYMENTCOMPLETEDCOUNT, COLLECTIONPENDINGCOUNT, COLLECTIONCOMPLETEDCOUNT, OVERDUETENDAYSCOUNT, RENOMACOUNT, PAYMENTPENDINGCOUNT, CORALICCOUNT, FULLRETURNCOUNT, INCOMPLETEDCOUNT, TOTALREFUNDAMOUNT, PARTIALEXCHANGECOUNT, RETURNREFUNDEDCOUNT, COMPLETEDCOUNT, EXCHANGENOTSHIPPEDCOUNT, LOGISTICSCONFIRMEDCOUNT, RETURNNOTREFUNDEDCOUNT, FULLEXCHANGECOUNT, EXCHANGESHIPPEDCOUNT, DELAYEDCOUNT, AVGREFUNDAMOUNT, PARTIALRETURNCOUNT, TODAYCOUNT, TOTALCOUNT]
2025-07-09 10:06:30.946 [http-nio-8080-exec-10] WARN  c.w.c.controller.ExchangeController - ⚠️ 키를 찾을 수 없음 - key: partialExchangeCount, 사용 가능한 키들: [LOGISTICSPENDINGCOUNT, PAYMENTCOMPLETEDCOUNT, COLLECTIONPENDINGCOUNT, COLLECTIONCOMPLETEDCOUNT, OVERDUETENDAYSCOUNT, RENOMACOUNT, PAYMENTPENDINGCOUNT, CORALICCOUNT, FULLRETURNCOUNT, INCOMPLETEDCOUNT, TOTALREFUNDAMOUNT, PARTIALEXCHANGECOUNT, RETURNREFUNDEDCOUNT, COMPLETEDCOUNT, EXCHANGENOTSHIPPEDCOUNT, LOGISTICSCONFIRMEDCOUNT, RETURNNOTREFUNDEDCOUNT, FULLEXCHANGECOUNT, EXCHANGESHIPPEDCOUNT, DELAYEDCOUNT, AVGREFUNDAMOUNT, PARTIALRETURNCOUNT, TODAYCOUNT, TOTALCOUNT]
2025-07-09 10:06:30.946 [http-nio-8080-exec-10] WARN  c.w.c.controller.ExchangeController - ⚠️ 키를 찾을 수 없음 - key: fullReturnCount, 사용 가능한 키들: [LOGISTICSPENDINGCOUNT, PAYMENTCOMPLETEDCOUNT, COLLECTIONPENDINGCOUNT, COLLECTIONCOMPLETEDCOUNT, OVERDUETENDAYSCOUNT, RENOMACOUNT, PAYMENTPENDINGCOUNT, CORALICCOUNT, FULLRETURNCOUNT, INCOMPLETEDCOUNT, TOTALREFUNDAMOUNT, PARTIALEXCHANGECOUNT, RETURNREFUNDEDCOUNT, COMPLETEDCOUNT, EXCHANGENOTSHIPPEDCOUNT, LOGISTICSCONFIRMEDCOUNT, RETURNNOTREFUNDEDCOUNT, FULLEXCHANGECOUNT, EXCHANGESHIPPEDCOUNT, DELAYEDCOUNT, AVGREFUNDAMOUNT, PARTIALRETURNCOUNT, TODAYCOUNT, TOTALCOUNT]
2025-07-09 10:06:30.946 [http-nio-8080-exec-10] WARN  c.w.c.controller.ExchangeController - ⚠️ 키를 찾을 수 없음 - key: partialReturnCount, 사용 가능한 키들: [LOGISTICSPENDINGCOUNT, PAYMENTCOMPLETEDCOUNT, COLLECTIONPENDINGCOUNT, COLLECTIONCOMPLETEDCOUNT, OVERDUETENDAYSCOUNT, RENOMACOUNT, PAYMENTPENDINGCOUNT, CORALICCOUNT, FULLRETURNCOUNT, INCOMPLETEDCOUNT, TOTALREFUNDAMOUNT, PARTIALEXCHANGECOUNT, RETURNREFUNDEDCOUNT, COMPLETEDCOUNT, EXCHANGENOTSHIPPEDCOUNT, LOGISTICSCONFIRMEDCOUNT, RETURNNOTREFUNDEDCOUNT, FULLEXCHANGECOUNT, EXCHANGESHIPPEDCOUNT, DELAYEDCOUNT, AVGREFUNDAMOUNT, PARTIALRETURNCOUNT, TODAYCOUNT, TOTALCOUNT]
2025-07-09 10:06:30.946 [http-nio-8080-exec-10] WARN  c.w.c.controller.ExchangeController - ⚠️ 키를 찾을 수 없음 - key: renomaCount, 사용 가능한 키들: [LOGISTICSPENDINGCOUNT, PAYMENTCOMPLETEDCOUNT, COLLECTIONPENDINGCOUNT, COLLECTIONCOMPLETEDCOUNT, OVERDUETENDAYSCOUNT, RENOMACOUNT, PAYMENTPENDINGCOUNT, CORALICCOUNT, FULLRETURNCOUNT, INCOMPLETEDCOUNT, TOTALREFUNDAMOUNT, PARTIALEXCHANGECOUNT, RETURNREFUNDEDCOUNT, COMPLETEDCOUNT, EXCHANGENOTSHIPPEDCOUNT, LOGISTICSCONFIRMEDCOUNT, RETURNNOTREFUNDEDCOUNT, FULLEXCHANGECOUNT, EXCHANGESHIPPEDCOUNT, DELAYEDCOUNT, AVGREFUNDAMOUNT, PARTIALRETURNCOUNT, TODAYCOUNT, TOTALCOUNT]
2025-07-09 10:06:30.946 [http-nio-8080-exec-10] WARN  c.w.c.controller.ExchangeController - ⚠️ 키를 찾을 수 없음 - key: coralicCount, 사용 가능한 키들: [LOGISTICSPENDINGCOUNT, PAYMENTCOMPLETEDCOUNT, COLLECTIONPENDINGCOUNT, COLLECTIONCOMPLETEDCOUNT, OVERDUETENDAYSCOUNT, RENOMACOUNT, PAYMENTPENDINGCOUNT, CORALICCOUNT, FULLRETURNCOUNT, INCOMPLETEDCOUNT, TOTALREFUNDAMOUNT, PARTIALEXCHANGECOUNT, RETURNREFUNDEDCOUNT, COMPLETEDCOUNT, EXCHANGENOTSHIPPEDCOUNT, LOGISTICSCONFIRMEDCOUNT, RETURNNOTREFUNDEDCOUNT, FULLEXCHANGECOUNT, EXCHANGESHIPPEDCOUNT, DELAYEDCOUNT, AVGREFUNDAMOUNT, PARTIALRETURNCOUNT, TODAYCOUNT, TOTALCOUNT]
2025-07-09 10:06:30.946 [http-nio-8080-exec-10] WARN  c.w.c.controller.ExchangeController - ⚠️ 키를 찾을 수 없음 - key: totalRefundAmount, 사용 가능한 키들: [LOGISTICSPENDINGCOUNT, PAYMENTCOMPLETEDCOUNT, COLLECTIONPENDINGCOUNT, COLLECTIONCOMPLETEDCOUNT, OVERDUETENDAYSCOUNT, RENOMACOUNT, PAYMENTPENDINGCOUNT, CORALICCOUNT, FULLRETURNCOUNT, INCOMPLETEDCOUNT, TOTALREFUNDAMOUNT, PARTIALEXCHANGECOUNT, RETURNREFUNDEDCOUNT, COMPLETEDCOUNT, EXCHANGENOTSHIPPEDCOUNT, LOGISTICSCONFIRMEDCOUNT, RETURNNOTREFUNDEDCOUNT, FULLEXCHANGECOUNT, EXCHANGESHIPPEDCOUNT, DELAYEDCOUNT, AVGREFUNDAMOUNT, PARTIALRETURNCOUNT, TODAYCOUNT, TOTALCOUNT]
2025-07-09 10:06:30.946 [http-nio-8080-exec-10] WARN  c.w.c.controller.ExchangeController - ⚠️ 키를 찾을 수 없음 - key: avgRefundAmount, 사용 가능한 키들: [LOGISTICSPENDINGCOUNT, PAYMENTCOMPLETEDCOUNT, COLLECTIONPENDINGCOUNT, COLLECTIONCOMPLETEDCOUNT, OVERDUETENDAYSCOUNT, RENOMACOUNT, PAYMENTPENDINGCOUNT, CORALICCOUNT, FULLRETURNCOUNT, INCOMPLETEDCOUNT, TOTALREFUNDAMOUNT, PARTIALEXCHANGECOUNT, RETURNREFUNDEDCOUNT, COMPLETEDCOUNT, EXCHANGENOTSHIPPEDCOUNT, LOGISTICSCONFIRMEDCOUNT, RETURNNOTREFUNDEDCOUNT, FULLEXCHANGECOUNT, EXCHANGESHIPPEDCOUNT, DELAYEDCOUNT, AVGREFUNDAMOUNT, PARTIALRETURNCOUNT, TODAYCOUNT, TOTALCOUNT]
2025-07-09 10:06:30.946 [http-nio-8080-exec-10] WARN  c.w.c.controller.ExchangeController - ⚠️ 키를 찾을 수 없음 - key: todayCount, 사용 가능한 키들: [LOGISTICSPENDINGCOUNT, PAYMENTCOMPLETEDCOUNT, COLLECTIONPENDINGCOUNT, COLLECTIONCOMPLETEDCOUNT, OVERDUETENDAYSCOUNT, RENOMACOUNT, PAYMENTPENDINGCOUNT, CORALICCOUNT, FULLRETURNCOUNT, INCOMPLETEDCOUNT, TOTALREFUNDAMOUNT, PARTIALEXCHANGECOUNT, RETURNREFUNDEDCOUNT, COMPLETEDCOUNT, EXCHANGENOTSHIPPEDCOUNT, LOGISTICSCONFIRMEDCOUNT, RETURNNOTREFUNDEDCOUNT, FULLEXCHANGECOUNT, EXCHANGESHIPPEDCOUNT, DELAYEDCOUNT, AVGREFUNDAMOUNT, PARTIALRETURNCOUNT, TODAYCOUNT, TOTALCOUNT]
2025-07-09 10:06:30.946 [http-nio-8080-exec-10] DEBUG org.mybatis.spring.SqlSessionUtils - Creating a new SqlSession
2025-07-09 10:06:30.946 [http-nio-8080-exec-10] DEBUG org.mybatis.spring.SqlSessionUtils - SqlSession [org.apache.ibatis.session.defaults.DefaultSqlSession@41fb56b4] was not registered for synchronization because synchronization is not active
2025-07-09 10:06:30.947 [http-nio-8080-exec-10] DEBUG o.m.s.t.SpringManagedTransaction - JDBC Connection [HikariProxyConnection@1023487614 wrapping oracle.jdbc.driver.T4CConnection@7511f2eb] will not be managed by Spring
2025-07-09 10:06:30.953 [http-nio-8080-exec-10] DEBUG org.mybatis.spring.SqlSessionUtils - Closing non transactional SqlSession [org.apache.ibatis.session.defaults.DefaultSqlSession@41fb56b4]
2025-07-09 10:06:30.953 [http-nio-8080-exec-10] DEBUG org.mybatis.spring.SqlSessionUtils - Creating a new SqlSession
2025-07-09 10:06:30.953 [http-nio-8080-exec-10] DEBUG org.mybatis.spring.SqlSessionUtils - SqlSession [org.apache.ibatis.session.defaults.DefaultSqlSession@6a4d008e] was not registered for synchronization because synchronization is not active
2025-07-09 10:06:30.953 [http-nio-8080-exec-10] DEBUG o.m.s.t.SpringManagedTransaction - JDBC Connection [HikariProxyConnection@1958822830 wrapping oracle.jdbc.driver.T4CConnection@7511f2eb] will not be managed by Spring
2025-07-09 10:06:30.959 [http-nio-8080-exec-10] DEBUG org.mybatis.spring.SqlSessionUtils - Closing non transactional SqlSession [org.apache.ibatis.session.defaults.DefaultSqlSession@6a4d008e]
2025-07-09 10:06:32.172 [http-nio-8080-exec-6] INFO  c.w.c.controller.ExchangeController - 🚀 카드 통계 조회 시작 - 검색 조건: keyword=, startDate=, endDate=
2025-07-09 10:06:32.173 [http-nio-8080-exec-6] INFO  c.w.c.controller.ExchangeController - 📊 검색 조건 여부: false | 조건 개수: 0
2025-07-09 10:06:32.173 [http-nio-8080-exec-6] INFO  c.w.c.controller.ExchangeController - 📊 전체 데이터 통계 조회
2025-07-09 10:06:32.181 [http-nio-8080-exec-6] DEBUG org.mybatis.spring.SqlSessionUtils - Creating a new SqlSession
2025-07-09 10:06:32.181 [http-nio-8080-exec-6] DEBUG org.mybatis.spring.SqlSessionUtils - Registering transaction synchronization for SqlSession [org.apache.ibatis.session.defaults.DefaultSqlSession@1ae6bdef]
2025-07-09 10:06:32.181 [http-nio-8080-exec-6] DEBUG o.m.s.t.SpringManagedTransaction - JDBC Connection [HikariProxyConnection@1570653993 wrapping oracle.jdbc.driver.T4CConnection@dab537c] will be managed by Spring
2025-07-09 10:06:32.199 [http-nio-8080-exec-6] DEBUG org.mybatis.spring.SqlSessionUtils - Releasing transactional SqlSession [org.apache.ibatis.session.defaults.DefaultSqlSession@1ae6bdef]
2025-07-09 10:06:32.199 [http-nio-8080-exec-6] INFO  c.w.c.s.impl.ReturnItemServiceImpl - 🚀 통합 통계 조회 완료 - 소요시간: 18ms, 결과: {LOGISTICSPENDINGCOUNT=278, PAYMENTCOMPLETEDCOUNT=0, COLLECTIONPENDINGCOUNT=159, COLLECTIONCOMPLETEDCOUNT=349, OVERDUETENDAYSCOUNT=288, RENOMACOUNT=1104, PAYMENTPENDINGCOUNT=1, CORALICCOUNT=3501, FULLRETURNCOUNT=3659, INCOMPLETEDCOUNT=508, TOTALREFUNDAMOUNT=155343134, PARTIALEXCHANGECOUNT=0, RETURNREFUNDEDCOUNT=69, COMPLETEDCOUNT=4097, EXCHANGENOTSHIPPEDCOUNT=8, LOGISTICSCONFIRMEDCOUNT=230, RETURNNOTREFUNDEDCOUNT=412, FULLEXCHANGECOUNT=447, EXCHANGESHIPPEDCOUNT=19, DELAYEDCOUNT=429, AVGREFUNDAMOUNT=33734, PARTIALRETURNCOUNT=499, TODAYCOUNT=0, TOTALCOUNT=4605}
2025-07-09 10:06:32.199 [http-nio-8080-exec-6] DEBUG org.mybatis.spring.SqlSessionUtils - Transaction synchronization committing SqlSession [org.apache.ibatis.session.defaults.DefaultSqlSession@1ae6bdef]
2025-07-09 10:06:32.199 [http-nio-8080-exec-6] DEBUG org.mybatis.spring.SqlSessionUtils - Transaction synchronization deregistering SqlSession [org.apache.ibatis.session.defaults.DefaultSqlSession@1ae6bdef]
2025-07-09 10:06:32.199 [http-nio-8080-exec-6] DEBUG org.mybatis.spring.SqlSessionUtils - Transaction synchronization closing SqlSession [org.apache.ibatis.session.defaults.DefaultSqlSession@1ae6bdef]
2025-07-09 10:06:32.215 [http-nio-8080-exec-6] INFO  c.w.c.s.impl.ReturnItemServiceImpl - 🚨 10일 경과 미완료 건수: 288
2025-07-09 10:06:32.222 [http-nio-8080-exec-6] INFO  c.w.c.controller.ExchangeController - 🚨 카드 통계 (전체) - 처리기간 임박 결과: 288 건
2025-07-09 10:06:32.222 [http-nio-8080-exec-6] INFO  c.w.c.controller.ExchangeController - ✅ 카드 통계 조회 완료 - 소요시간: 49ms
2025-07-09 10:15:18.441 [SpringApplicationShutdownHook] INFO  o.s.o.j.LocalContainerEntityManagerFactoryBean - Closing JPA EntityManagerFactory for persistence unit 'default'
2025-07-09 10:15:18.443 [SpringApplicationShutdownHook] INFO  com.zaxxer.hikari.HikariDataSource - HikariPool-1 - Shutdown initiated...
2025-07-09 10:15:18.501 [SpringApplicationShutdownHook] INFO  com.zaxxer.hikari.HikariDataSource - HikariPool-1 - Shutdown completed.
2025-07-09 10:15:26.198 [restartedMain] INFO  com.wio.crm.CrmApplication - Starting CrmApplication using Java 21.0.1 with PID 31808 (C:\Users\twowin_1\IdeaProjects\wicrm\build\classes\java\main started by twowin_1 in C:\Users\twowin_1\IdeaProjects\wicrm)
2025-07-09 10:15:26.200 [restartedMain] INFO  com.wio.crm.CrmApplication - No active profile set, falling back to 1 default profile: "default"
2025-07-09 10:15:26.431 [restartedMain] INFO  o.s.b.d.restart.ChangeableUrls - The Class-Path manifest attribute in C:\Users\twowin_1\.gradle\caches\modules-2\files-2.1\com.oracle.database.jdbc\ojdbc8\21.5.0.0\eb13f0948ca8675f71d59b5e8a1129d4c6189e7a\ojdbc8-21.5.0.0.jar referenced one or more files that do not exist: file:/C:/Users/twowin_1/.gradle/caches/modules-2/files-2.1/com.oracle.database.jdbc/ojdbc8/21.5.0.0/eb13f0948ca8675f71d59b5e8a1129d4c6189e7a/oraclepki.jar
2025-07-09 10:15:26.432 [restartedMain] INFO  o.s.b.d.restart.ChangeableUrls - The Class-Path manifest attribute in C:\Users\twowin_1\.gradle\caches\modules-2\files-2.1\com.oracle.ojdbc\orai18n\19.3.0.0\a6960d6c18840e07dbc5b6afe760d099e47517bb\orai18n-19.3.0.0.jar referenced one or more files that do not exist: file:/C:/Users/twowin_1/.gradle/caches/modules-2/files-2.1/com.oracle.ojdbc/orai18n/19.3.0.0/a6960d6c18840e07dbc5b6afe760d099e47517bb/orai18n-mapping.jar,file:/C:/Users/twowin_1/.gradle/caches/modules-2/files-2.1/com.oracle.ojdbc/orai18n/19.3.0.0/a6960d6c18840e07dbc5b6afe760d099e47517bb/orai18n-utility.jar,file:/C:/Users/twowin_1/.gradle/caches/modules-2/files-2.1/com.oracle.ojdbc/orai18n/19.3.0.0/a6960d6c18840e07dbc5b6afe760d099e47517bb/orai18n-collation.jar,file:/C:/Users/twowin_1/.gradle/caches/modules-2/files-2.1/com.oracle.ojdbc/orai18n/19.3.0.0/a6960d6c18840e07dbc5b6afe760d099e47517bb/orai18n-translation.jar,file:/C:/Users/twowin_1/.gradle/caches/modules-2/files-2.1/com.oracle.ojdbc/orai18n/19.3.0.0/a6960d6c18840e07dbc5b6afe760d099e47517bb/orai18n-net.jar,file:/C:/Users/twowin_1/.gradle/caches/modules-2/files-2.1/com.oracle.ojdbc/orai18n/19.3.0.0/a6960d6c18840e07dbc5b6afe760d099e47517bb/orai18n-servlet.jar,file:/C:/Users/twowin_1/.gradle/caches/modules-2/files-2.1/com.oracle.ojdbc/orai18n/19.3.0.0/a6960d6c18840e07dbc5b6afe760d099e47517bb/orai18n-lcsd.jar,file:/C:/Users/twowin_1/.gradle/caches/modules-2/files-2.1/com.oracle.ojdbc/orai18n/19.3.0.0/a6960d6c18840e07dbc5b6afe760d099e47517bb/orai18n-tools.jar,file:/C:/Users/twowin_1/.gradle/caches/modules-2/files-2.1/com.oracle.ojdbc/orai18n/19.3.0.0/a6960d6c18840e07dbc5b6afe760d099e47517bb/gdk_custom.jar
2025-07-09 10:15:26.432 [restartedMain] INFO  o.s.b.d.e.DevToolsPropertyDefaultsPostProcessor - Devtools property defaults active! Set 'spring.devtools.add-properties' to 'false' to disable
2025-07-09 10:15:26.432 [restartedMain] INFO  o.s.b.d.e.DevToolsPropertyDefaultsPostProcessor - For additional web related logging consider setting the 'logging.level.web' property to 'DEBUG'
2025-07-09 10:15:27.754 [restartedMain] INFO  o.s.d.r.c.RepositoryConfigurationDelegate - Bootstrapping Spring Data JPA repositories in DEFAULT mode.
2025-07-09 10:15:27.942 [restartedMain] INFO  o.s.d.r.c.RepositoryConfigurationDelegate - Finished Spring Data repository scanning in 180 ms. Found 2 JPA repository interfaces.
2025-07-09 10:15:28.065 [restartedMain] DEBUG o.apache.ibatis.logging.LogFactory - Logging initialized using 'class org.apache.ibatis.logging.slf4j.Slf4jImpl' adapter.
2025-07-09 10:15:28.068 [restartedMain] DEBUG o.m.s.mapper.ClassPathMapperScanner - Identified candidate component class: file [C:\Users\twowin_1\IdeaProjects\wicrm\build\classes\java\main\com\wio\crm\mapper\AccountMapper.class]
2025-07-09 10:15:28.068 [restartedMain] DEBUG o.m.s.mapper.ClassPathMapperScanner - Identified candidate component class: file [C:\Users\twowin_1\IdeaProjects\wicrm\build\classes\java\main\com\wio\crm\mapper\AdminCodeMapper.class]
2025-07-09 10:15:28.068 [restartedMain] DEBUG o.m.s.mapper.ClassPathMapperScanner - Identified candidate component class: file [C:\Users\twowin_1\IdeaProjects\wicrm\build\classes\java\main\com\wio\crm\mapper\BannerMapper.class]
2025-07-09 10:15:28.068 [restartedMain] DEBUG o.m.s.mapper.ClassPathMapperScanner - Identified candidate component class: file [C:\Users\twowin_1\IdeaProjects\wicrm\build\classes\java\main\com\wio\crm\mapper\BoardMapper.class]
2025-07-09 10:15:28.068 [restartedMain] DEBUG o.m.s.mapper.ClassPathMapperScanner - Identified candidate component class: file [C:\Users\twowin_1\IdeaProjects\wicrm\build\classes\java\main\com\wio\crm\mapper\ConsMapper.class]
2025-07-09 10:15:28.068 [restartedMain] DEBUG o.m.s.mapper.ClassPathMapperScanner - Identified candidate component class: file [C:\Users\twowin_1\IdeaProjects\wicrm\build\classes\java\main\com\wio\crm\mapper\ConsultingMapper.class]
2025-07-09 10:15:28.068 [restartedMain] DEBUG o.m.s.mapper.ClassPathMapperScanner - Identified candidate component class: file [C:\Users\twowin_1\IdeaProjects\wicrm\build\classes\java\main\com\wio\crm\mapper\DashboardMapper.class]
2025-07-09 10:15:28.068 [restartedMain] DEBUG o.m.s.mapper.ClassPathMapperScanner - Identified candidate component class: file [C:\Users\twowin_1\IdeaProjects\wicrm\build\classes\java\main\com\wio\crm\mapper\ExchangeStatsMapper.class]
2025-07-09 10:15:28.068 [restartedMain] DEBUG o.m.s.mapper.ClassPathMapperScanner - Identified candidate component class: file [C:\Users\twowin_1\IdeaProjects\wicrm\build\classes\java\main\com\wio\crm\mapper\InvoiceMapper.class]
2025-07-09 10:15:28.068 [restartedMain] DEBUG o.m.s.mapper.ClassPathMapperScanner - Identified candidate component class: file [C:\Users\twowin_1\IdeaProjects\wicrm\build\classes\java\main\com\wio\crm\mapper\LoginHistoryMapper.class]
2025-07-09 10:15:28.068 [restartedMain] DEBUG o.m.s.mapper.ClassPathMapperScanner - Identified candidate component class: file [C:\Users\twowin_1\IdeaProjects\wicrm\build\classes\java\main\com\wio\crm\mapper\MenuMapper.class]
2025-07-09 10:15:28.068 [restartedMain] DEBUG o.m.s.mapper.ClassPathMapperScanner - Identified candidate component class: file [C:\Users\twowin_1\IdeaProjects\wicrm\build\classes\java\main\com\wio\crm\mapper\MileageMapper.class]
2025-07-09 10:15:28.068 [restartedMain] DEBUG o.m.s.mapper.ClassPathMapperScanner - Identified candidate component class: file [C:\Users\twowin_1\IdeaProjects\wicrm\build\classes\java\main\com\wio\crm\mapper\OrderMapper.class]
2025-07-09 10:15:28.068 [restartedMain] DEBUG o.m.s.mapper.ClassPathMapperScanner - Identified candidate component class: file [C:\Users\twowin_1\IdeaProjects\wicrm\build\classes\java\main\com\wio\crm\mapper\ReturnItemMapper.class]
2025-07-09 10:15:28.069 [restartedMain] DEBUG o.m.s.mapper.ClassPathMapperScanner - Identified candidate component class: file [C:\Users\twowin_1\IdeaProjects\wicrm\build\classes\java\main\com\wio\crm\mapper\ShippingPaymentMapper.class]
2025-07-09 10:15:28.069 [restartedMain] DEBUG o.m.s.mapper.ClassPathMapperScanner - Identified candidate component class: file [C:\Users\twowin_1\IdeaProjects\wicrm\build\classes\java\main\com\wio\crm\mapper\StaticsMapper.class]
2025-07-09 10:15:28.069 [restartedMain] DEBUG o.m.s.mapper.ClassPathMapperScanner - Identified candidate component class: file [C:\Users\twowin_1\IdeaProjects\wicrm\build\classes\java\main\com\wio\crm\mapper\Tcnt01EmpMapper.class]
2025-07-09 10:15:28.069 [restartedMain] DEBUG o.m.s.mapper.ClassPathMapperScanner - Identified candidate component class: file [C:\Users\twowin_1\IdeaProjects\wicrm\build\classes\java\main\com\wio\crm\mapper\Temp01Mapper.class]
2025-07-09 10:15:28.069 [restartedMain] DEBUG o.m.s.mapper.ClassPathMapperScanner - Identified candidate component class: file [C:\Users\twowin_1\IdeaProjects\wicrm\build\classes\java\main\com\wio\crm\mapper\TipdwMapper.class]
2025-07-09 10:15:28.069 [restartedMain] DEBUG o.m.s.mapper.ClassPathMapperScanner - Identified candidate component class: file [C:\Users\twowin_1\IdeaProjects\wicrm\build\classes\java\main\com\wio\crm\mapper\UserApprovalMapper.class]
2025-07-09 10:15:28.069 [restartedMain] DEBUG o.m.s.mapper.ClassPathMapperScanner - Identified candidate component class: file [C:\Users\twowin_1\IdeaProjects\wicrm\build\classes\java\main\com\wio\crm\mapper\UserMapper.class]
2025-07-09 10:15:28.070 [restartedMain] DEBUG o.m.s.mapper.ClassPathMapperScanner - Creating MapperFactoryBean with name 'accountMapper' and 'com.wio.crm.mapper.AccountMapper' mapperInterface
2025-07-09 10:15:28.071 [restartedMain] DEBUG o.m.s.mapper.ClassPathMapperScanner - Enabling autowire by type for MapperFactoryBean with name 'accountMapper'.
2025-07-09 10:15:28.072 [restartedMain] DEBUG o.m.s.mapper.ClassPathMapperScanner - Creating MapperFactoryBean with name 'adminCodeMapper' and 'com.wio.crm.mapper.AdminCodeMapper' mapperInterface
2025-07-09 10:15:28.072 [restartedMain] DEBUG o.m.s.mapper.ClassPathMapperScanner - Enabling autowire by type for MapperFactoryBean with name 'adminCodeMapper'.
2025-07-09 10:15:28.072 [restartedMain] DEBUG o.m.s.mapper.ClassPathMapperScanner - Creating MapperFactoryBean with name 'bannerMapper' and 'com.wio.crm.mapper.BannerMapper' mapperInterface
2025-07-09 10:15:28.073 [restartedMain] DEBUG o.m.s.mapper.ClassPathMapperScanner - Enabling autowire by type for MapperFactoryBean with name 'bannerMapper'.
2025-07-09 10:15:28.073 [restartedMain] DEBUG o.m.s.mapper.ClassPathMapperScanner - Creating MapperFactoryBean with name 'boardMapper' and 'com.wio.crm.mapper.BoardMapper' mapperInterface
2025-07-09 10:15:28.073 [restartedMain] DEBUG o.m.s.mapper.ClassPathMapperScanner - Enabling autowire by type for MapperFactoryBean with name 'boardMapper'.
2025-07-09 10:15:28.073 [restartedMain] DEBUG o.m.s.mapper.ClassPathMapperScanner - Creating MapperFactoryBean with name 'consMapper' and 'com.wio.crm.mapper.ConsMapper' mapperInterface
2025-07-09 10:15:28.074 [restartedMain] DEBUG o.m.s.mapper.ClassPathMapperScanner - Enabling autowire by type for MapperFactoryBean with name 'consMapper'.
2025-07-09 10:15:28.074 [restartedMain] DEBUG o.m.s.mapper.ClassPathMapperScanner - Creating MapperFactoryBean with name 'consultingMapper' and 'com.wio.crm.mapper.ConsultingMapper' mapperInterface
2025-07-09 10:15:28.075 [restartedMain] DEBUG o.m.s.mapper.ClassPathMapperScanner - Enabling autowire by type for MapperFactoryBean with name 'consultingMapper'.
2025-07-09 10:15:28.075 [restartedMain] DEBUG o.m.s.mapper.ClassPathMapperScanner - Creating MapperFactoryBean with name 'dashboardMapper' and 'com.wio.crm.mapper.DashboardMapper' mapperInterface
2025-07-09 10:15:28.075 [restartedMain] DEBUG o.m.s.mapper.ClassPathMapperScanner - Enabling autowire by type for MapperFactoryBean with name 'dashboardMapper'.
2025-07-09 10:15:28.075 [restartedMain] DEBUG o.m.s.mapper.ClassPathMapperScanner - Creating MapperFactoryBean with name 'exchangeStatsMapper' and 'com.wio.crm.mapper.ExchangeStatsMapper' mapperInterface
2025-07-09 10:15:28.076 [restartedMain] DEBUG o.m.s.mapper.ClassPathMapperScanner - Enabling autowire by type for MapperFactoryBean with name 'exchangeStatsMapper'.
2025-07-09 10:15:28.076 [restartedMain] DEBUG o.m.s.mapper.ClassPathMapperScanner - Creating MapperFactoryBean with name 'invoiceMapper' and 'com.wio.crm.mapper.InvoiceMapper' mapperInterface
2025-07-09 10:15:28.077 [restartedMain] DEBUG o.m.s.mapper.ClassPathMapperScanner - Enabling autowire by type for MapperFactoryBean with name 'invoiceMapper'.
2025-07-09 10:15:28.077 [restartedMain] DEBUG o.m.s.mapper.ClassPathMapperScanner - Creating MapperFactoryBean with name 'loginHistoryMapper' and 'com.wio.crm.mapper.LoginHistoryMapper' mapperInterface
2025-07-09 10:15:28.078 [restartedMain] DEBUG o.m.s.mapper.ClassPathMapperScanner - Enabling autowire by type for MapperFactoryBean with name 'loginHistoryMapper'.
2025-07-09 10:15:28.078 [restartedMain] DEBUG o.m.s.mapper.ClassPathMapperScanner - Creating MapperFactoryBean with name 'menuMapper' and 'com.wio.crm.mapper.MenuMapper' mapperInterface
2025-07-09 10:15:28.078 [restartedMain] DEBUG o.m.s.mapper.ClassPathMapperScanner - Enabling autowire by type for MapperFactoryBean with name 'menuMapper'.
2025-07-09 10:15:28.078 [restartedMain] DEBUG o.m.s.mapper.ClassPathMapperScanner - Creating MapperFactoryBean with name 'mileageMapper' and 'com.wio.crm.mapper.MileageMapper' mapperInterface
2025-07-09 10:15:28.079 [restartedMain] DEBUG o.m.s.mapper.ClassPathMapperScanner - Enabling autowire by type for MapperFactoryBean with name 'mileageMapper'.
2025-07-09 10:15:28.079 [restartedMain] DEBUG o.m.s.mapper.ClassPathMapperScanner - Creating MapperFactoryBean with name 'orderMapper' and 'com.wio.crm.mapper.OrderMapper' mapperInterface
2025-07-09 10:15:28.079 [restartedMain] DEBUG o.m.s.mapper.ClassPathMapperScanner - Enabling autowire by type for MapperFactoryBean with name 'orderMapper'.
2025-07-09 10:15:28.080 [restartedMain] DEBUG o.m.s.mapper.ClassPathMapperScanner - Creating MapperFactoryBean with name 'returnItemMapper' and 'com.wio.crm.mapper.ReturnItemMapper' mapperInterface
2025-07-09 10:15:28.080 [restartedMain] DEBUG o.m.s.mapper.ClassPathMapperScanner - Enabling autowire by type for MapperFactoryBean with name 'returnItemMapper'.
2025-07-09 10:15:28.080 [restartedMain] DEBUG o.m.s.mapper.ClassPathMapperScanner - Creating MapperFactoryBean with name 'shippingPaymentMapper' and 'com.wio.crm.mapper.ShippingPaymentMapper' mapperInterface
2025-07-09 10:15:28.081 [restartedMain] DEBUG o.m.s.mapper.ClassPathMapperScanner - Enabling autowire by type for MapperFactoryBean with name 'shippingPaymentMapper'.
2025-07-09 10:15:28.081 [restartedMain] DEBUG o.m.s.mapper.ClassPathMapperScanner - Creating MapperFactoryBean with name 'staticsMapper' and 'com.wio.crm.mapper.StaticsMapper' mapperInterface
2025-07-09 10:15:28.082 [restartedMain] DEBUG o.m.s.mapper.ClassPathMapperScanner - Enabling autowire by type for MapperFactoryBean with name 'staticsMapper'.
2025-07-09 10:15:28.082 [restartedMain] DEBUG o.m.s.mapper.ClassPathMapperScanner - Creating MapperFactoryBean with name 'tcnt01EmpMapper' and 'com.wio.crm.mapper.Tcnt01EmpMapper' mapperInterface
2025-07-09 10:15:28.082 [restartedMain] DEBUG o.m.s.mapper.ClassPathMapperScanner - Enabling autowire by type for MapperFactoryBean with name 'tcnt01EmpMapper'.
2025-07-09 10:15:28.083 [restartedMain] DEBUG o.m.s.mapper.ClassPathMapperScanner - Creating MapperFactoryBean with name 'temp01Mapper' and 'com.wio.crm.mapper.Temp01Mapper' mapperInterface
2025-07-09 10:15:28.083 [restartedMain] DEBUG o.m.s.mapper.ClassPathMapperScanner - Enabling autowire by type for MapperFactoryBean with name 'temp01Mapper'.
2025-07-09 10:15:28.083 [restartedMain] DEBUG o.m.s.mapper.ClassPathMapperScanner - Creating MapperFactoryBean with name 'tipdwMapper' and 'com.wio.crm.mapper.TipdwMapper' mapperInterface
2025-07-09 10:15:28.084 [restartedMain] DEBUG o.m.s.mapper.ClassPathMapperScanner - Enabling autowire by type for MapperFactoryBean with name 'tipdwMapper'.
2025-07-09 10:15:28.084 [restartedMain] DEBUG o.m.s.mapper.ClassPathMapperScanner - Creating MapperFactoryBean with name 'userApprovalMapper' and 'com.wio.crm.mapper.UserApprovalMapper' mapperInterface
2025-07-09 10:15:28.084 [restartedMain] DEBUG o.m.s.mapper.ClassPathMapperScanner - Enabling autowire by type for MapperFactoryBean with name 'userApprovalMapper'.
2025-07-09 10:15:28.085 [restartedMain] DEBUG o.m.s.mapper.ClassPathMapperScanner - Creating MapperFactoryBean with name 'userMapper' and 'com.wio.crm.mapper.UserMapper' mapperInterface
2025-07-09 10:15:28.085 [restartedMain] DEBUG o.m.s.mapper.ClassPathMapperScanner - Enabling autowire by type for MapperFactoryBean with name 'userMapper'.
2025-07-09 10:15:28.898 [restartedMain] INFO  o.s.b.w.e.tomcat.TomcatWebServer - Tomcat initialized with port 8080 (http)
2025-07-09 10:15:28.908 [restartedMain] INFO  o.a.coyote.http11.Http11NioProtocol - Initializing ProtocolHandler ["http-nio-8080"]
2025-07-09 10:15:28.909 [restartedMain] INFO  o.a.catalina.core.StandardService - Starting service [Tomcat]
2025-07-09 10:15:28.909 [restartedMain] INFO  o.a.catalina.core.StandardEngine - Starting Servlet engine: [Apache Tomcat/10.1.17]
2025-07-09 10:15:29.004 [restartedMain] INFO  o.a.c.c.C.[Tomcat].[localhost].[/] - Initializing Spring embedded WebApplicationContext
2025-07-09 10:15:29.004 [restartedMain] INFO  o.s.b.w.s.c.ServletWebServerApplicationContext - Root WebApplicationContext: initialization completed in 2572 ms
2025-07-09 10:15:29.261 [restartedMain] WARN  o.a.c.c.C.[Tomcat].[localhost].[/] - Cannot deserialize session attribute [SPRING_SECURITY_CONTEXT] for session [EEA729A38D13E3824B902726F28A15D5]
2025-07-09 10:15:29.446 [restartedMain] INFO  com.zaxxer.hikari.HikariDataSource - HikariPool-1 - Starting...
2025-07-09 10:15:29.865 [restartedMain] INFO  com.zaxxer.hikari.pool.HikariPool - HikariPool-1 - Added connection oracle.jdbc.driver.T4CConnection@6a64b0a
2025-07-09 10:15:29.867 [restartedMain] INFO  com.zaxxer.hikari.HikariDataSource - HikariPool-1 - Start completed.
2025-07-09 10:15:29.908 [restartedMain] INFO  o.h.jpa.internal.util.LogHelper - HHH000204: Processing PersistenceUnitInfo [name: default]
2025-07-09 10:15:29.989 [restartedMain] INFO  org.hibernate.Version - HHH000412: Hibernate ORM core version 6.4.1.Final
2025-07-09 10:15:30.033 [restartedMain] INFO  o.h.c.i.RegionFactoryInitiator - HHH000026: Second-level cache disabled
2025-07-09 10:15:30.349 [restartedMain] INFO  o.s.o.j.p.SpringPersistenceUnitInfo - No LoadTimeWeaver setup: ignoring JPA class transformer
2025-07-09 10:15:30.440 [restartedMain] WARN  org.hibernate.dialect.Dialect - HHH000511: The 11.2.0 version for [org.hibernate.dialect.OracleDialect] is no longer supported, hence certain features may not work properly. The minimum supported version is 19.0.0. Check the community dialects project for available legacy versions.
2025-07-09 10:15:31.473 [restartedMain] INFO  o.h.e.t.j.p.i.JtaPlatformInitiator - HHH000489: No JTA platform available (set 'hibernate.transaction.jta.platform' to enable JTA platform integration)
2025-07-09 10:15:31.476 [restartedMain] INFO  o.s.o.j.LocalContainerEntityManagerFactoryBean - Initialized JPA EntityManagerFactory for persistence unit 'default'
2025-07-09 10:15:31.568 [restartedMain] DEBUG o.apache.ibatis.logging.LogFactory - Logging initialized using 'class org.apache.ibatis.logging.slf4j.Slf4jImpl' adapter.
2025-07-09 10:15:31.652 [restartedMain] DEBUG o.m.spring.SqlSessionFactoryBean - Parsed mapper file: 'file [C:\Users\twowin_1\IdeaProjects\wicrm\build\resources\main\mapper\AccountMapper.xml]'
2025-07-09 10:15:31.672 [restartedMain] DEBUG o.m.spring.SqlSessionFactoryBean - Parsed mapper file: 'file [C:\Users\twowin_1\IdeaProjects\wicrm\build\resources\main\mapper\BoardMapper.xml]'
2025-07-09 10:15:31.686 [restartedMain] DEBUG o.m.spring.SqlSessionFactoryBean - Parsed mapper file: 'file [C:\Users\twowin_1\IdeaProjects\wicrm\build\resources\main\mapper\ConsMapper.xml]'
2025-07-09 10:15:31.700 [restartedMain] DEBUG o.m.spring.SqlSessionFactoryBean - Parsed mapper file: 'file [C:\Users\twowin_1\IdeaProjects\wicrm\build\resources\main\mapper\ConsultingMapper.xml]'
2025-07-09 10:15:31.720 [restartedMain] DEBUG o.m.spring.SqlSessionFactoryBean - Parsed mapper file: 'file [C:\Users\twowin_1\IdeaProjects\wicrm\build\resources\main\mapper\DashboardMapper.xml]'
2025-07-09 10:15:31.735 [restartedMain] DEBUG o.m.spring.SqlSessionFactoryBean - Parsed mapper file: 'file [C:\Users\twowin_1\IdeaProjects\wicrm\build\resources\main\mapper\ExchangeStatsMapper.xml]'
2025-07-09 10:15:31.740 [restartedMain] DEBUG o.m.spring.SqlSessionFactoryBean - Parsed mapper file: 'file [C:\Users\twowin_1\IdeaProjects\wicrm\build\resources\main\mapper\InvoiceMapper.xml]'
2025-07-09 10:15:31.745 [restartedMain] DEBUG o.m.spring.SqlSessionFactoryBean - Parsed mapper file: 'file [C:\Users\twowin_1\IdeaProjects\wicrm\build\resources\main\mapper\menuMapper.xml]'
2025-07-09 10:15:31.751 [restartedMain] DEBUG o.m.spring.SqlSessionFactoryBean - Parsed mapper file: 'file [C:\Users\twowin_1\IdeaProjects\wicrm\build\resources\main\mapper\MileageMapper.xml]'
2025-07-09 10:15:31.756 [restartedMain] DEBUG o.m.spring.SqlSessionFactoryBean - Parsed mapper file: 'file [C:\Users\twowin_1\IdeaProjects\wicrm\build\resources\main\mapper\OrderMapper.xml]'
2025-07-09 10:15:31.786 [restartedMain] DEBUG o.m.spring.SqlSessionFactoryBean - Parsed mapper file: 'file [C:\Users\twowin_1\IdeaProjects\wicrm\build\resources\main\mapper\ReturnItemMapper.xml]'
2025-07-09 10:15:31.794 [restartedMain] DEBUG o.m.spring.SqlSessionFactoryBean - Parsed mapper file: 'file [C:\Users\twowin_1\IdeaProjects\wicrm\build\resources\main\mapper\ShippingPaymentMapper.xml]'
2025-07-09 10:15:31.810 [restartedMain] DEBUG o.m.spring.SqlSessionFactoryBean - Parsed mapper file: 'file [C:\Users\twowin_1\IdeaProjects\wicrm\build\resources\main\mapper\StaticsMapper.xml]'
2025-07-09 10:15:31.814 [restartedMain] DEBUG o.m.spring.SqlSessionFactoryBean - Parsed mapper file: 'file [C:\Users\twowin_1\IdeaProjects\wicrm\build\resources\main\mapper\Tcnt01EmpMapper.xml]'
2025-07-09 10:15:31.824 [restartedMain] DEBUG o.m.spring.SqlSessionFactoryBean - Parsed mapper file: 'file [C:\Users\twowin_1\IdeaProjects\wicrm\build\resources\main\mapper\UserApprovalMapper.xml]'
2025-07-09 10:15:32.370 [restartedMain] INFO  o.s.d.j.r.query.QueryEnhancerFactory - Hibernate is in classpath; If applicable, HQL parser will be used.
2025-07-09 10:15:33.719 [restartedMain] INFO  o.s.b.a.e.web.EndpointLinksResolver - Exposing 1 endpoint(s) beneath base path '/actuator'
2025-07-09 10:15:33.822 [restartedMain] INFO  o.s.s.web.DefaultSecurityFilterChain - Will secure any request with [org.springframework.security.web.session.DisableEncodeUrlFilter@325d9d7b, org.springframework.security.web.context.request.async.WebAsyncManagerIntegrationFilter@5416c412, org.springframework.security.web.context.SecurityContextHolderFilter@61f72f77, org.springframework.security.web.header.HeaderWriterFilter@924aec1, org.springframework.web.filter.CorsFilter@1136d443, org.springframework.security.web.csrf.CsrfFilter@1b1d9e98, org.springframework.security.web.authentication.logout.LogoutFilter@111eec40, org.springframework.security.web.authentication.UsernamePasswordAuthenticationFilter@5cfa04d0, org.springframework.security.web.savedrequest.RequestCacheAwareFilter@4e9be5e2, org.springframework.security.web.servletapi.SecurityContextHolderAwareRequestFilter@6e37ee9d, org.springframework.security.web.authentication.AnonymousAuthenticationFilter@36c5cc61, org.springframework.security.web.access.ExceptionTranslationFilter@7e7c0e07, org.springframework.security.web.access.intercept.AuthorizationFilter@6647cda3]
2025-07-09 10:15:33.844 [restartedMain] WARN  o.s.s.c.a.web.builders.WebSecurity - You are asking Spring Security to ignore Mvc [pattern='/assets/**']. This is not recommended -- please use permitAll via HttpSecurity#authorizeHttpRequests instead.
2025-07-09 10:15:33.845 [restartedMain] INFO  o.s.s.web.DefaultSecurityFilterChain - Will not secure Mvc [pattern='/assets/**']
2025-07-09 10:15:36.400 [restartedMain] INFO  o.s.b.d.a.OptionalLiveReloadServer - LiveReload server is running on port 35729
2025-07-09 10:15:36.459 [restartedMain] INFO  o.a.coyote.http11.Http11NioProtocol - Starting ProtocolHandler ["http-nio-8080"]
2025-07-09 10:15:36.477 [restartedMain] INFO  o.s.b.w.e.tomcat.TomcatWebServer - Tomcat started on port 8080 (http) with context path ''
2025-07-09 10:15:36.486 [restartedMain] INFO  com.wio.crm.CrmApplication - Started CrmApplication in 10.814 seconds (process running for 11.69)
2025-07-09 10:15:37.115 [RMI TCP Connection(3)-192.168.0.11] INFO  o.a.c.c.C.[Tomcat].[localhost].[/] - Initializing Spring DispatcherServlet 'dispatcherServlet'
2025-07-09 10:15:37.115 [RMI TCP Connection(3)-192.168.0.11] INFO  o.s.web.servlet.DispatcherServlet - Initializing Servlet 'dispatcherServlet'
2025-07-09 10:15:37.117 [RMI TCP Connection(3)-192.168.0.11] INFO  o.s.web.servlet.DispatcherServlet - Completed initialization in 2 ms
2025-07-09 10:16:34.641 [http-nio-8080-exec-2] DEBUG org.mybatis.spring.SqlSessionUtils - Creating a new SqlSession
2025-07-09 10:16:34.646 [http-nio-8080-exec-2] DEBUG org.mybatis.spring.SqlSessionUtils - SqlSession [org.apache.ibatis.session.defaults.DefaultSqlSession@5d65c911] was not registered for synchronization because synchronization is not active
2025-07-09 10:16:34.659 [http-nio-8080-exec-2] DEBUG o.m.s.t.SpringManagedTransaction - JDBC Connection [HikariProxyConnection@177753082 wrapping oracle.jdbc.driver.T4CConnection@6a64b0a] will not be managed by Spring
2025-07-09 10:16:34.704 [http-nio-8080-exec-2] DEBUG org.mybatis.spring.SqlSessionUtils - Closing non transactional SqlSession [org.apache.ibatis.session.defaults.DefaultSqlSession@5d65c911]
2025-07-09 10:16:34.706 [http-nio-8080-exec-2] DEBUG org.mybatis.spring.SqlSessionUtils - Creating a new SqlSession
2025-07-09 10:16:34.706 [http-nio-8080-exec-2] DEBUG org.mybatis.spring.SqlSessionUtils - SqlSession [org.apache.ibatis.session.defaults.DefaultSqlSession@59e1ac5f] was not registered for synchronization because synchronization is not active
2025-07-09 10:16:34.706 [http-nio-8080-exec-2] DEBUG o.m.s.t.SpringManagedTransaction - JDBC Connection [HikariProxyConnection@2014493088 wrapping oracle.jdbc.driver.T4CConnection@6a64b0a] will not be managed by Spring
2025-07-09 10:16:34.712 [http-nio-8080-exec-2] DEBUG org.mybatis.spring.SqlSessionUtils - Closing non transactional SqlSession [org.apache.ibatis.session.defaults.DefaultSqlSession@59e1ac5f]
2025-07-09 10:16:43.103 [http-nio-8080-exec-3] DEBUG org.mybatis.spring.SqlSessionUtils - Creating a new SqlSession
2025-07-09 10:16:43.104 [http-nio-8080-exec-3] DEBUG org.mybatis.spring.SqlSessionUtils - SqlSession [org.apache.ibatis.session.defaults.DefaultSqlSession@7ddfa557] was not registered for synchronization because synchronization is not active
2025-07-09 10:16:43.108 [http-nio-8080-exec-3] DEBUG o.m.s.t.SpringManagedTransaction - JDBC Connection [HikariProxyConnection@156266225 wrapping oracle.jdbc.driver.T4CConnection@6a64b0a] will not be managed by Spring
2025-07-09 10:16:43.119 [http-nio-8080-exec-3] WARN  o.a.i.s.AutoMappingUnknownColumnBehavior - Unknown column is detected on 'com.wio.crm.mapper.TipdwMapper.findByUserId' auto-mapping. Mapping parameters are [columnName=REPASS,propertyName=REPASS,propertyType=null]
2025-07-09 10:16:43.119 [http-nio-8080-exec-3] DEBUG org.mybatis.spring.SqlSessionUtils - Closing non transactional SqlSession [org.apache.ibatis.session.defaults.DefaultSqlSession@7ddfa557]
2025-07-09 10:16:43.119 [http-nio-8080-exec-3] INFO  c.w.c.s.CustomUserDetailsService - 거래처 직원 정보 조회: test
2025-07-09 10:16:43.119 [http-nio-8080-exec-3] DEBUG org.mybatis.spring.SqlSessionUtils - Creating a new SqlSession
2025-07-09 10:16:43.119 [http-nio-8080-exec-3] DEBUG org.mybatis.spring.SqlSessionUtils - SqlSession [org.apache.ibatis.session.defaults.DefaultSqlSession@2166aaf2] was not registered for synchronization because synchronization is not active
2025-07-09 10:16:43.120 [http-nio-8080-exec-3] DEBUG o.m.s.t.SpringManagedTransaction - JDBC Connection [HikariProxyConnection@315974965 wrapping oracle.jdbc.driver.T4CConnection@6a64b0a] will not be managed by Spring
2025-07-09 10:16:43.125 [http-nio-8080-exec-3] WARN  o.a.i.s.AutoMappingUnknownColumnBehavior - Unknown column is detected on 'com.wio.crm.mapper.Tcnt01EmpMapper.findByUserId' auto-mapping. Mapping parameters are [columnName=CUST_GRADE,propertyName=CUST_GRADE,propertyType=null]
2025-07-09 10:16:43.126 [http-nio-8080-exec-3] WARN  o.a.i.s.AutoMappingUnknownColumnBehavior - Unknown column is detected on 'com.wio.crm.mapper.Tcnt01EmpMapper.findByUserId' auto-mapping. Mapping parameters are [columnName=EMP_NAME,propertyName=EMP_NAME,propertyType=null]
2025-07-09 10:16:43.126 [http-nio-8080-exec-3] WARN  o.a.i.s.AutoMappingUnknownColumnBehavior - Unknown column is detected on 'com.wio.crm.mapper.Tcnt01EmpMapper.findByUserId' auto-mapping. Mapping parameters are [columnName=PW,propertyName=PW,propertyType=null]
2025-07-09 10:16:43.126 [http-nio-8080-exec-3] WARN  o.a.i.s.AutoMappingUnknownColumnBehavior - Unknown column is detected on 'com.wio.crm.mapper.Tcnt01EmpMapper.findByUserId' auto-mapping. Mapping parameters are [columnName=DEPART,propertyName=DEPART,propertyType=null]
2025-07-09 10:16:43.126 [http-nio-8080-exec-3] WARN  o.a.i.s.AutoMappingUnknownColumnBehavior - Unknown column is detected on 'com.wio.crm.mapper.Tcnt01EmpMapper.findByUserId' auto-mapping. Mapping parameters are [columnName=POSITION,propertyName=POSITION,propertyType=null]
2025-07-09 10:16:43.126 [http-nio-8080-exec-3] WARN  o.a.i.s.AutoMappingUnknownColumnBehavior - Unknown column is detected on 'com.wio.crm.mapper.Tcnt01EmpMapper.findByUserId' auto-mapping. Mapping parameters are [columnName=ZIP_NO,propertyName=ZIP_NO,propertyType=null]
2025-07-09 10:16:43.126 [http-nio-8080-exec-3] WARN  o.a.i.s.AutoMappingUnknownColumnBehavior - Unknown column is detected on 'com.wio.crm.mapper.Tcnt01EmpMapper.findByUserId' auto-mapping. Mapping parameters are [columnName=ADDR,propertyName=ADDR,propertyType=null]
2025-07-09 10:16:43.126 [http-nio-8080-exec-3] WARN  o.a.i.s.AutoMappingUnknownColumnBehavior - Unknown column is detected on 'com.wio.crm.mapper.Tcnt01EmpMapper.findByUserId' auto-mapping. Mapping parameters are [columnName=TEL_NO,propertyName=TEL_NO,propertyType=null]
2025-07-09 10:16:43.126 [http-nio-8080-exec-3] WARN  o.a.i.s.AutoMappingUnknownColumnBehavior - Unknown column is detected on 'com.wio.crm.mapper.Tcnt01EmpMapper.findByUserId' auto-mapping. Mapping parameters are [columnName=FEX_NO,propertyName=FEX_NO,propertyType=null]
2025-07-09 10:16:43.126 [http-nio-8080-exec-3] WARN  o.a.i.s.AutoMappingUnknownColumnBehavior - Unknown column is detected on 'com.wio.crm.mapper.Tcnt01EmpMapper.findByUserId' auto-mapping. Mapping parameters are [columnName=HAND_PHONE,propertyName=HAND_PHONE,propertyType=null]
2025-07-09 10:16:43.126 [http-nio-8080-exec-3] WARN  o.a.i.s.AutoMappingUnknownColumnBehavior - Unknown column is detected on 'com.wio.crm.mapper.Tcnt01EmpMapper.findByUserId' auto-mapping. Mapping parameters are [columnName=RMK,propertyName=RMK,propertyType=null]
2025-07-09 10:16:43.126 [http-nio-8080-exec-3] WARN  o.a.i.s.AutoMappingUnknownColumnBehavior - Unknown column is detected on 'com.wio.crm.mapper.Tcnt01EmpMapper.findByUserId' auto-mapping. Mapping parameters are [columnName=USE_YN,propertyName=USE_YN,propertyType=null]
2025-07-09 10:16:43.126 [http-nio-8080-exec-3] WARN  o.a.i.s.AutoMappingUnknownColumnBehavior - Unknown column is detected on 'com.wio.crm.mapper.Tcnt01EmpMapper.findByUserId' auto-mapping. Mapping parameters are [columnName=IN_DATE,propertyName=IN_DATE,propertyType=null]
2025-07-09 10:16:43.126 [http-nio-8080-exec-3] WARN  o.a.i.s.AutoMappingUnknownColumnBehavior - Unknown column is detected on 'com.wio.crm.mapper.Tcnt01EmpMapper.findByUserId' auto-mapping. Mapping parameters are [columnName=IN_EMPNO,propertyName=IN_EMPNO,propertyType=null]
2025-07-09 10:16:43.126 [http-nio-8080-exec-3] WARN  o.a.i.s.AutoMappingUnknownColumnBehavior - Unknown column is detected on 'com.wio.crm.mapper.Tcnt01EmpMapper.findByUserId' auto-mapping. Mapping parameters are [columnName=UP_DATE,propertyName=UP_DATE,propertyType=null]
2025-07-09 10:16:43.126 [http-nio-8080-exec-3] WARN  o.a.i.s.AutoMappingUnknownColumnBehavior - Unknown column is detected on 'com.wio.crm.mapper.Tcnt01EmpMapper.findByUserId' auto-mapping. Mapping parameters are [columnName=UP_EMPNO,propertyName=UP_EMPNO,propertyType=null]
2025-07-09 10:16:43.126 [http-nio-8080-exec-3] WARN  o.a.i.s.AutoMappingUnknownColumnBehavior - Unknown column is detected on 'com.wio.crm.mapper.Tcnt01EmpMapper.findByUserId' auto-mapping. Mapping parameters are [columnName=ADDR2,propertyName=ADDR2,propertyType=null]
2025-07-09 10:16:43.126 [http-nio-8080-exec-3] WARN  o.a.i.s.AutoMappingUnknownColumnBehavior - Unknown column is detected on 'com.wio.crm.mapper.Tcnt01EmpMapper.findByUserId' auto-mapping. Mapping parameters are [columnName=SUBID,propertyName=SUBID,propertyType=null]
2025-07-09 10:16:43.126 [http-nio-8080-exec-3] WARN  o.a.i.s.AutoMappingUnknownColumnBehavior - Unknown column is detected on 'com.wio.crm.mapper.Tcnt01EmpMapper.findByUserId' auto-mapping. Mapping parameters are [columnName=CUST_NAME,propertyName=CUST_NAME,propertyType=null]
2025-07-09 10:16:43.127 [http-nio-8080-exec-3] DEBUG org.mybatis.spring.SqlSessionUtils - Closing non transactional SqlSession [org.apache.ibatis.session.defaults.DefaultSqlSession@2166aaf2]
2025-07-09 10:16:43.127 [http-nio-8080-exec-3] INFO  c.w.c.s.CustomUserDetailsService - 거래처 직원 정보: userId=test, custCode=P000000218, cust_grade=null, emp_name=null, authority=null
2025-07-09 10:16:43.197 [http-nio-8080-exec-3] DEBUG org.mybatis.spring.SqlSessionUtils - Creating a new SqlSession
2025-07-09 10:16:43.197 [http-nio-8080-exec-3] DEBUG org.mybatis.spring.SqlSessionUtils - SqlSession [org.apache.ibatis.session.defaults.DefaultSqlSession@1eb50051] was not registered for synchronization because synchronization is not active
2025-07-09 10:16:43.213 [http-nio-8080-exec-3] DEBUG o.m.s.t.SpringManagedTransaction - JDBC Connection [HikariProxyConnection@1271357692 wrapping oracle.jdbc.driver.T4CConnection@6a64b0a] will not be managed by Spring
2025-07-09 10:16:43.254 [http-nio-8080-exec-3] DEBUG org.mybatis.spring.SqlSessionUtils - Closing non transactional SqlSession [org.apache.ibatis.session.defaults.DefaultSqlSession@1eb50051]
2025-07-09 10:16:43.255 [http-nio-8080-exec-3] DEBUG org.mybatis.spring.SqlSessionUtils - Creating a new SqlSession
2025-07-09 10:16:43.255 [http-nio-8080-exec-3] DEBUG org.mybatis.spring.SqlSessionUtils - SqlSession [org.apache.ibatis.session.defaults.DefaultSqlSession@90941d6] was not registered for synchronization because synchronization is not active
2025-07-09 10:16:43.255 [http-nio-8080-exec-3] DEBUG o.m.s.t.SpringManagedTransaction - JDBC Connection [HikariProxyConnection@698856485 wrapping oracle.jdbc.driver.T4CConnection@6a64b0a] will not be managed by Spring
2025-07-09 10:16:43.280 [http-nio-8080-exec-3] DEBUG org.mybatis.spring.SqlSessionUtils - Closing non transactional SqlSession [org.apache.ibatis.session.defaults.DefaultSqlSession@90941d6]
2025-07-09 10:16:43.307 [http-nio-8080-exec-3] INFO  c.w.c.controller.ExchangeController - 교환/반품 목록 조회 - 검색조건: ReturnItemSearchDTO(keyword=null, startDate=null, endDate=null, returnTypeCode=null, returnStatusCode=null, siteName=null, paymentStatus=null, brandFilter=null, page=0, size=20, sortBy=id, sortDir=DESC), 필터: null
2025-07-09 10:16:43.319 [http-nio-8080-exec-3] INFO  c.w.c.s.impl.ReturnItemServiceImpl - 📋 Oracle 11g 호환 전체 목록 조회 - page: 0, size: 20
2025-07-09 10:16:43.319 [http-nio-8080-exec-3] INFO  c.w.c.s.impl.ReturnItemServiceImpl - 🔢 페이징 파라미터 - startRow: 0, endRow: 20
2025-07-09 10:16:43.484 [http-nio-8080-exec-3] INFO  c.w.c.s.impl.ReturnItemServiceImpl - ✅ 조회 결과 - items: 20, totalCount: 4605
2025-07-09 10:16:43.494 [http-nio-8080-exec-3] INFO  c.w.c.controller.ExchangeController - 📋 전체 조회 완료 - 결과 수: 4605
2025-07-09 10:16:43.494 [http-nio-8080-exec-3] INFO  c.w.c.controller.ExchangeController - 🔍 통계 조회 - 검색 조건 존재: false, 검색DTO: ReturnItemSearchDTO(keyword=null, startDate=null, endDate=null, returnTypeCode=null, returnStatusCode=null, siteName=null, paymentStatus=null, brandFilter=null, page=0, size=20, sortBy=id, sortDir=DESC)
2025-07-09 10:16:43.494 [http-nio-8080-exec-3] INFO  c.w.c.controller.ExchangeController - 📊 전체 데이터 기반 통합 통계 조회 시작
2025-07-09 10:16:43.494 [http-nio-8080-exec-3] DEBUG org.mybatis.spring.SqlSessionUtils - Creating a new SqlSession
2025-07-09 10:16:43.495 [http-nio-8080-exec-3] DEBUG org.mybatis.spring.SqlSessionUtils - Registering transaction synchronization for SqlSession [org.apache.ibatis.session.defaults.DefaultSqlSession@7e1be2ba]
2025-07-09 10:16:43.496 [http-nio-8080-exec-3] DEBUG o.m.s.t.SpringManagedTransaction - JDBC Connection [HikariProxyConnection@995164007 wrapping oracle.jdbc.driver.T4CConnection@6a64b0a] will be managed by Spring
2025-07-09 10:16:43.536 [http-nio-8080-exec-3] DEBUG org.mybatis.spring.SqlSessionUtils - Releasing transactional SqlSession [org.apache.ibatis.session.defaults.DefaultSqlSession@7e1be2ba]
2025-07-09 10:16:43.536 [http-nio-8080-exec-3] INFO  c.w.c.s.impl.ReturnItemServiceImpl - 🚀 통합 통계 조회 완료 - 소요시간: 42ms, 결과: {LOGISTICSPENDINGCOUNT=278, PAYMENTCOMPLETEDCOUNT=0, COLLECTIONPENDINGCOUNT=159, COLLECTIONCOMPLETEDCOUNT=349, OVERDUETENDAYSCOUNT=288, RENOMACOUNT=1104, PAYMENTPENDINGCOUNT=1, CORALICCOUNT=3501, FULLRETURNCOUNT=3659, INCOMPLETEDCOUNT=508, TOTALREFUNDAMOUNT=155343134, PARTIALEXCHANGECOUNT=0, RETURNREFUNDEDCOUNT=69, COMPLETEDCOUNT=4097, EXCHANGENOTSHIPPEDCOUNT=8, LOGISTICSCONFIRMEDCOUNT=230, RETURNNOTREFUNDEDCOUNT=412, FULLEXCHANGECOUNT=447, EXCHANGESHIPPEDCOUNT=19, DELAYEDCOUNT=429, AVGREFUNDAMOUNT=33734, PARTIALRETURNCOUNT=499, TODAYCOUNT=0, TOTALCOUNT=4605}
2025-07-09 10:16:43.537 [http-nio-8080-exec-3] DEBUG org.mybatis.spring.SqlSessionUtils - Transaction synchronization committing SqlSession [org.apache.ibatis.session.defaults.DefaultSqlSession@7e1be2ba]
2025-07-09 10:16:43.537 [http-nio-8080-exec-3] DEBUG org.mybatis.spring.SqlSessionUtils - Transaction synchronization deregistering SqlSession [org.apache.ibatis.session.defaults.DefaultSqlSession@7e1be2ba]
2025-07-09 10:16:43.537 [http-nio-8080-exec-3] DEBUG org.mybatis.spring.SqlSessionUtils - Transaction synchronization closing SqlSession [org.apache.ibatis.session.defaults.DefaultSqlSession@7e1be2ba]
2025-07-09 10:16:43.541 [http-nio-8080-exec-3] INFO  c.w.c.controller.ExchangeController - ✅ 전체 데이터 기반 통합 통계 조회 완료
2025-07-09 10:16:43.542 [http-nio-8080-exec-3] WARN  c.w.c.controller.ExchangeController - ⚠️ 키를 찾을 수 없음 - key: collectionCompletedCount, 사용 가능한 키들: [LOGISTICSPENDINGCOUNT, PAYMENTCOMPLETEDCOUNT, COLLECTIONPENDINGCOUNT, COLLECTIONCOMPLETEDCOUNT, OVERDUETENDAYSCOUNT, RENOMACOUNT, PAYMENTPENDINGCOUNT, CORALICCOUNT, FULLRETURNCOUNT, INCOMPLETEDCOUNT, TOTALREFUNDAMOUNT, PARTIALEXCHANGECOUNT, RETURNREFUNDEDCOUNT, COMPLETEDCOUNT, EXCHANGENOTSHIPPEDCOUNT, LOGISTICSCONFIRMEDCOUNT, RETURNNOTREFUNDEDCOUNT, FULLEXCHANGECOUNT, EXCHANGESHIPPEDCOUNT, DELAYEDCOUNT, AVGREFUNDAMOUNT, PARTIALRETURNCOUNT, TODAYCOUNT, TOTALCOUNT]
2025-07-09 10:16:43.542 [http-nio-8080-exec-3] WARN  c.w.c.controller.ExchangeController - ⚠️ 키를 찾을 수 없음 - key: collectionPendingCount, 사용 가능한 키들: [LOGISTICSPENDINGCOUNT, PAYMENTCOMPLETEDCOUNT, COLLECTIONPENDINGCOUNT, COLLECTIONCOMPLETEDCOUNT, OVERDUETENDAYSCOUNT, RENOMACOUNT, PAYMENTPENDINGCOUNT, CORALICCOUNT, FULLRETURNCOUNT, INCOMPLETEDCOUNT, TOTALREFUNDAMOUNT, PARTIALEXCHANGECOUNT, RETURNREFUNDEDCOUNT, COMPLETEDCOUNT, EXCHANGENOTSHIPPEDCOUNT, LOGISTICSCONFIRMEDCOUNT, RETURNNOTREFUNDEDCOUNT, FULLEXCHANGECOUNT, EXCHANGESHIPPEDCOUNT, DELAYEDCOUNT, AVGREFUNDAMOUNT, PARTIALRETURNCOUNT, TODAYCOUNT, TOTALCOUNT]
2025-07-09 10:16:43.542 [http-nio-8080-exec-3] WARN  c.w.c.controller.ExchangeController - ⚠️ 키를 찾을 수 없음 - key: logisticsConfirmedCount, 사용 가능한 키들: [LOGISTICSPENDINGCOUNT, PAYMENTCOMPLETEDCOUNT, COLLECTIONPENDINGCOUNT, COLLECTIONCOMPLETEDCOUNT, OVERDUETENDAYSCOUNT, RENOMACOUNT, PAYMENTPENDINGCOUNT, CORALICCOUNT, FULLRETURNCOUNT, INCOMPLETEDCOUNT, TOTALREFUNDAMOUNT, PARTIALEXCHANGECOUNT, RETURNREFUNDEDCOUNT, COMPLETEDCOUNT, EXCHANGENOTSHIPPEDCOUNT, LOGISTICSCONFIRMEDCOUNT, RETURNNOTREFUNDEDCOUNT, FULLEXCHANGECOUNT, EXCHANGESHIPPEDCOUNT, DELAYEDCOUNT, AVGREFUNDAMOUNT, PARTIALRETURNCOUNT, TODAYCOUNT, TOTALCOUNT]
2025-07-09 10:16:43.542 [http-nio-8080-exec-3] WARN  c.w.c.controller.ExchangeController - ⚠️ 키를 찾을 수 없음 - key: logisticsPendingCount, 사용 가능한 키들: [LOGISTICSPENDINGCOUNT, PAYMENTCOMPLETEDCOUNT, COLLECTIONPENDINGCOUNT, COLLECTIONCOMPLETEDCOUNT, OVERDUETENDAYSCOUNT, RENOMACOUNT, PAYMENTPENDINGCOUNT, CORALICCOUNT, FULLRETURNCOUNT, INCOMPLETEDCOUNT, TOTALREFUNDAMOUNT, PARTIALEXCHANGECOUNT, RETURNREFUNDEDCOUNT, COMPLETEDCOUNT, EXCHANGENOTSHIPPEDCOUNT, LOGISTICSCONFIRMEDCOUNT, RETURNNOTREFUNDEDCOUNT, FULLEXCHANGECOUNT, EXCHANGESHIPPEDCOUNT, DELAYEDCOUNT, AVGREFUNDAMOUNT, PARTIALRETURNCOUNT, TODAYCOUNT, TOTALCOUNT]
2025-07-09 10:16:43.542 [http-nio-8080-exec-3] WARN  c.w.c.controller.ExchangeController - ⚠️ 키를 찾을 수 없음 - key: exchangeShippedCount, 사용 가능한 키들: [LOGISTICSPENDINGCOUNT, PAYMENTCOMPLETEDCOUNT, COLLECTIONPENDINGCOUNT, COLLECTIONCOMPLETEDCOUNT, OVERDUETENDAYSCOUNT, RENOMACOUNT, PAYMENTPENDINGCOUNT, CORALICCOUNT, FULLRETURNCOUNT, INCOMPLETEDCOUNT, TOTALREFUNDAMOUNT, PARTIALEXCHANGECOUNT, RETURNREFUNDEDCOUNT, COMPLETEDCOUNT, EXCHANGENOTSHIPPEDCOUNT, LOGISTICSCONFIRMEDCOUNT, RETURNNOTREFUNDEDCOUNT, FULLEXCHANGECOUNT, EXCHANGESHIPPEDCOUNT, DELAYEDCOUNT, AVGREFUNDAMOUNT, PARTIALRETURNCOUNT, TODAYCOUNT, TOTALCOUNT]
2025-07-09 10:16:43.542 [http-nio-8080-exec-3] WARN  c.w.c.controller.ExchangeController - ⚠️ 키를 찾을 수 없음 - key: exchangeNotShippedCount, 사용 가능한 키들: [LOGISTICSPENDINGCOUNT, PAYMENTCOMPLETEDCOUNT, COLLECTIONPENDINGCOUNT, COLLECTIONCOMPLETEDCOUNT, OVERDUETENDAYSCOUNT, RENOMACOUNT, PAYMENTPENDINGCOUNT, CORALICCOUNT, FULLRETURNCOUNT, INCOMPLETEDCOUNT, TOTALREFUNDAMOUNT, PARTIALEXCHANGECOUNT, RETURNREFUNDEDCOUNT, COMPLETEDCOUNT, EXCHANGENOTSHIPPEDCOUNT, LOGISTICSCONFIRMEDCOUNT, RETURNNOTREFUNDEDCOUNT, FULLEXCHANGECOUNT, EXCHANGESHIPPEDCOUNT, DELAYEDCOUNT, AVGREFUNDAMOUNT, PARTIALRETURNCOUNT, TODAYCOUNT, TOTALCOUNT]
2025-07-09 10:16:43.542 [http-nio-8080-exec-3] WARN  c.w.c.controller.ExchangeController - ⚠️ 키를 찾을 수 없음 - key: returnRefundedCount, 사용 가능한 키들: [LOGISTICSPENDINGCOUNT, PAYMENTCOMPLETEDCOUNT, COLLECTIONPENDINGCOUNT, COLLECTIONCOMPLETEDCOUNT, OVERDUETENDAYSCOUNT, RENOMACOUNT, PAYMENTPENDINGCOUNT, CORALICCOUNT, FULLRETURNCOUNT, INCOMPLETEDCOUNT, TOTALREFUNDAMOUNT, PARTIALEXCHANGECOUNT, RETURNREFUNDEDCOUNT, COMPLETEDCOUNT, EXCHANGENOTSHIPPEDCOUNT, LOGISTICSCONFIRMEDCOUNT, RETURNNOTREFUNDEDCOUNT, FULLEXCHANGECOUNT, EXCHANGESHIPPEDCOUNT, DELAYEDCOUNT, AVGREFUNDAMOUNT, PARTIALRETURNCOUNT, TODAYCOUNT, TOTALCOUNT]
2025-07-09 10:16:43.542 [http-nio-8080-exec-3] WARN  c.w.c.controller.ExchangeController - ⚠️ 키를 찾을 수 없음 - key: returnNotRefundedCount, 사용 가능한 키들: [LOGISTICSPENDINGCOUNT, PAYMENTCOMPLETEDCOUNT, COLLECTIONPENDINGCOUNT, COLLECTIONCOMPLETEDCOUNT, OVERDUETENDAYSCOUNT, RENOMACOUNT, PAYMENTPENDINGCOUNT, CORALICCOUNT, FULLRETURNCOUNT, INCOMPLETEDCOUNT, TOTALREFUNDAMOUNT, PARTIALEXCHANGECOUNT, RETURNREFUNDEDCOUNT, COMPLETEDCOUNT, EXCHANGENOTSHIPPEDCOUNT, LOGISTICSCONFIRMEDCOUNT, RETURNNOTREFUNDEDCOUNT, FULLEXCHANGECOUNT, EXCHANGESHIPPEDCOUNT, DELAYEDCOUNT, AVGREFUNDAMOUNT, PARTIALRETURNCOUNT, TODAYCOUNT, TOTALCOUNT]
2025-07-09 10:16:43.542 [http-nio-8080-exec-3] WARN  c.w.c.controller.ExchangeController - ⚠️ 키를 찾을 수 없음 - key: paymentCompletedCount, 사용 가능한 키들: [LOGISTICSPENDINGCOUNT, PAYMENTCOMPLETEDCOUNT, COLLECTIONPENDINGCOUNT, COLLECTIONCOMPLETEDCOUNT, OVERDUETENDAYSCOUNT, RENOMACOUNT, PAYMENTPENDINGCOUNT, CORALICCOUNT, FULLRETURNCOUNT, INCOMPLETEDCOUNT, TOTALREFUNDAMOUNT, PARTIALEXCHANGECOUNT, RETURNREFUNDEDCOUNT, COMPLETEDCOUNT, EXCHANGENOTSHIPPEDCOUNT, LOGISTICSCONFIRMEDCOUNT, RETURNNOTREFUNDEDCOUNT, FULLEXCHANGECOUNT, EXCHANGESHIPPEDCOUNT, DELAYEDCOUNT, AVGREFUNDAMOUNT, PARTIALRETURNCOUNT, TODAYCOUNT, TOTALCOUNT]
2025-07-09 10:16:43.542 [http-nio-8080-exec-3] WARN  c.w.c.controller.ExchangeController - ⚠️ 키를 찾을 수 없음 - key: paymentPendingCount, 사용 가능한 키들: [LOGISTICSPENDINGCOUNT, PAYMENTCOMPLETEDCOUNT, COLLECTIONPENDINGCOUNT, COLLECTIONCOMPLETEDCOUNT, OVERDUETENDAYSCOUNT, RENOMACOUNT, PAYMENTPENDINGCOUNT, CORALICCOUNT, FULLRETURNCOUNT, INCOMPLETEDCOUNT, TOTALREFUNDAMOUNT, PARTIALEXCHANGECOUNT, RETURNREFUNDEDCOUNT, COMPLETEDCOUNT, EXCHANGENOTSHIPPEDCOUNT, LOGISTICSCONFIRMEDCOUNT, RETURNNOTREFUNDEDCOUNT, FULLEXCHANGECOUNT, EXCHANGESHIPPEDCOUNT, DELAYEDCOUNT, AVGREFUNDAMOUNT, PARTIALRETURNCOUNT, TODAYCOUNT, TOTALCOUNT]
2025-07-09 10:16:43.543 [http-nio-8080-exec-3] WARN  c.w.c.controller.ExchangeController - ⚠️ 키를 찾을 수 없음 - key: completedCount, 사용 가능한 키들: [LOGISTICSPENDINGCOUNT, PAYMENTCOMPLETEDCOUNT, COLLECTIONPENDINGCOUNT, COLLECTIONCOMPLETEDCOUNT, OVERDUETENDAYSCOUNT, RENOMACOUNT, PAYMENTPENDINGCOUNT, CORALICCOUNT, FULLRETURNCOUNT, INCOMPLETEDCOUNT, TOTALREFUNDAMOUNT, PARTIALEXCHANGECOUNT, RETURNREFUNDEDCOUNT, COMPLETEDCOUNT, EXCHANGENOTSHIPPEDCOUNT, LOGISTICSCONFIRMEDCOUNT, RETURNNOTREFUNDEDCOUNT, FULLEXCHANGECOUNT, EXCHANGESHIPPEDCOUNT, DELAYEDCOUNT, AVGREFUNDAMOUNT, PARTIALRETURNCOUNT, TODAYCOUNT, TOTALCOUNT]
2025-07-09 10:16:43.543 [http-nio-8080-exec-3] WARN  c.w.c.controller.ExchangeController - ⚠️ 키를 찾을 수 없음 - key: incompletedCount, 사용 가능한 키들: [LOGISTICSPENDINGCOUNT, PAYMENTCOMPLETEDCOUNT, COLLECTIONPENDINGCOUNT, COLLECTIONCOMPLETEDCOUNT, OVERDUETENDAYSCOUNT, RENOMACOUNT, PAYMENTPENDINGCOUNT, CORALICCOUNT, FULLRETURNCOUNT, INCOMPLETEDCOUNT, TOTALREFUNDAMOUNT, PARTIALEXCHANGECOUNT, RETURNREFUNDEDCOUNT, COMPLETEDCOUNT, EXCHANGENOTSHIPPEDCOUNT, LOGISTICSCONFIRMEDCOUNT, RETURNNOTREFUNDEDCOUNT, FULLEXCHANGECOUNT, EXCHANGESHIPPEDCOUNT, DELAYEDCOUNT, AVGREFUNDAMOUNT, PARTIALRETURNCOUNT, TODAYCOUNT, TOTALCOUNT]
2025-07-09 10:16:43.549 [http-nio-8080-exec-3] INFO  c.w.c.s.impl.ReturnItemServiceImpl - 🚨 10일 경과 미완료 건수: 288
2025-07-09 10:16:43.554 [http-nio-8080-exec-3] INFO  c.w.c.controller.ExchangeController - 🚨 처리기간 임박 건수 조회 완료: 288 건
2025-07-09 10:16:43.554 [http-nio-8080-exec-3] WARN  c.w.c.controller.ExchangeController - ⚠️ 키를 찾을 수 없음 - key: fullExchangeCount, 사용 가능한 키들: [LOGISTICSPENDINGCOUNT, PAYMENTCOMPLETEDCOUNT, COLLECTIONPENDINGCOUNT, COLLECTIONCOMPLETEDCOUNT, OVERDUETENDAYSCOUNT, RENOMACOUNT, PAYMENTPENDINGCOUNT, CORALICCOUNT, FULLRETURNCOUNT, INCOMPLETEDCOUNT, TOTALREFUNDAMOUNT, PARTIALEXCHANGECOUNT, RETURNREFUNDEDCOUNT, COMPLETEDCOUNT, EXCHANGENOTSHIPPEDCOUNT, LOGISTICSCONFIRMEDCOUNT, RETURNNOTREFUNDEDCOUNT, FULLEXCHANGECOUNT, EXCHANGESHIPPEDCOUNT, DELAYEDCOUNT, AVGREFUNDAMOUNT, PARTIALRETURNCOUNT, TODAYCOUNT, TOTALCOUNT]
2025-07-09 10:16:43.554 [http-nio-8080-exec-3] WARN  c.w.c.controller.ExchangeController - ⚠️ 키를 찾을 수 없음 - key: partialExchangeCount, 사용 가능한 키들: [LOGISTICSPENDINGCOUNT, PAYMENTCOMPLETEDCOUNT, COLLECTIONPENDINGCOUNT, COLLECTIONCOMPLETEDCOUNT, OVERDUETENDAYSCOUNT, RENOMACOUNT, PAYMENTPENDINGCOUNT, CORALICCOUNT, FULLRETURNCOUNT, INCOMPLETEDCOUNT, TOTALREFUNDAMOUNT, PARTIALEXCHANGECOUNT, RETURNREFUNDEDCOUNT, COMPLETEDCOUNT, EXCHANGENOTSHIPPEDCOUNT, LOGISTICSCONFIRMEDCOUNT, RETURNNOTREFUNDEDCOUNT, FULLEXCHANGECOUNT, EXCHANGESHIPPEDCOUNT, DELAYEDCOUNT, AVGREFUNDAMOUNT, PARTIALRETURNCOUNT, TODAYCOUNT, TOTALCOUNT]
2025-07-09 10:16:43.554 [http-nio-8080-exec-3] WARN  c.w.c.controller.ExchangeController - ⚠️ 키를 찾을 수 없음 - key: fullReturnCount, 사용 가능한 키들: [LOGISTICSPENDINGCOUNT, PAYMENTCOMPLETEDCOUNT, COLLECTIONPENDINGCOUNT, COLLECTIONCOMPLETEDCOUNT, OVERDUETENDAYSCOUNT, RENOMACOUNT, PAYMENTPENDINGCOUNT, CORALICCOUNT, FULLRETURNCOUNT, INCOMPLETEDCOUNT, TOTALREFUNDAMOUNT, PARTIALEXCHANGECOUNT, RETURNREFUNDEDCOUNT, COMPLETEDCOUNT, EXCHANGENOTSHIPPEDCOUNT, LOGISTICSCONFIRMEDCOUNT, RETURNNOTREFUNDEDCOUNT, FULLEXCHANGECOUNT, EXCHANGESHIPPEDCOUNT, DELAYEDCOUNT, AVGREFUNDAMOUNT, PARTIALRETURNCOUNT, TODAYCOUNT, TOTALCOUNT]
2025-07-09 10:16:43.554 [http-nio-8080-exec-3] WARN  c.w.c.controller.ExchangeController - ⚠️ 키를 찾을 수 없음 - key: partialReturnCount, 사용 가능한 키들: [LOGISTICSPENDINGCOUNT, PAYMENTCOMPLETEDCOUNT, COLLECTIONPENDINGCOUNT, COLLECTIONCOMPLETEDCOUNT, OVERDUETENDAYSCOUNT, RENOMACOUNT, PAYMENTPENDINGCOUNT, CORALICCOUNT, FULLRETURNCOUNT, INCOMPLETEDCOUNT, TOTALREFUNDAMOUNT, PARTIALEXCHANGECOUNT, RETURNREFUNDEDCOUNT, COMPLETEDCOUNT, EXCHANGENOTSHIPPEDCOUNT, LOGISTICSCONFIRMEDCOUNT, RETURNNOTREFUNDEDCOUNT, FULLEXCHANGECOUNT, EXCHANGESHIPPEDCOUNT, DELAYEDCOUNT, AVGREFUNDAMOUNT, PARTIALRETURNCOUNT, TODAYCOUNT, TOTALCOUNT]
2025-07-09 10:16:43.554 [http-nio-8080-exec-3] WARN  c.w.c.controller.ExchangeController - ⚠️ 키를 찾을 수 없음 - key: renomaCount, 사용 가능한 키들: [LOGISTICSPENDINGCOUNT, PAYMENTCOMPLETEDCOUNT, COLLECTIONPENDINGCOUNT, COLLECTIONCOMPLETEDCOUNT, OVERDUETENDAYSCOUNT, RENOMACOUNT, PAYMENTPENDINGCOUNT, CORALICCOUNT, FULLRETURNCOUNT, INCOMPLETEDCOUNT, TOTALREFUNDAMOUNT, PARTIALEXCHANGECOUNT, RETURNREFUNDEDCOUNT, COMPLETEDCOUNT, EXCHANGENOTSHIPPEDCOUNT, LOGISTICSCONFIRMEDCOUNT, RETURNNOTREFUNDEDCOUNT, FULLEXCHANGECOUNT, EXCHANGESHIPPEDCOUNT, DELAYEDCOUNT, AVGREFUNDAMOUNT, PARTIALRETURNCOUNT, TODAYCOUNT, TOTALCOUNT]
2025-07-09 10:16:43.554 [http-nio-8080-exec-3] WARN  c.w.c.controller.ExchangeController - ⚠️ 키를 찾을 수 없음 - key: coralicCount, 사용 가능한 키들: [LOGISTICSPENDINGCOUNT, PAYMENTCOMPLETEDCOUNT, COLLECTIONPENDINGCOUNT, COLLECTIONCOMPLETEDCOUNT, OVERDUETENDAYSCOUNT, RENOMACOUNT, PAYMENTPENDINGCOUNT, CORALICCOUNT, FULLRETURNCOUNT, INCOMPLETEDCOUNT, TOTALREFUNDAMOUNT, PARTIALEXCHANGECOUNT, RETURNREFUNDEDCOUNT, COMPLETEDCOUNT, EXCHANGENOTSHIPPEDCOUNT, LOGISTICSCONFIRMEDCOUNT, RETURNNOTREFUNDEDCOUNT, FULLEXCHANGECOUNT, EXCHANGESHIPPEDCOUNT, DELAYEDCOUNT, AVGREFUNDAMOUNT, PARTIALRETURNCOUNT, TODAYCOUNT, TOTALCOUNT]
2025-07-09 10:16:43.554 [http-nio-8080-exec-3] WARN  c.w.c.controller.ExchangeController - ⚠️ 키를 찾을 수 없음 - key: totalRefundAmount, 사용 가능한 키들: [LOGISTICSPENDINGCOUNT, PAYMENTCOMPLETEDCOUNT, COLLECTIONPENDINGCOUNT, COLLECTIONCOMPLETEDCOUNT, OVERDUETENDAYSCOUNT, RENOMACOUNT, PAYMENTPENDINGCOUNT, CORALICCOUNT, FULLRETURNCOUNT, INCOMPLETEDCOUNT, TOTALREFUNDAMOUNT, PARTIALEXCHANGECOUNT, RETURNREFUNDEDCOUNT, COMPLETEDCOUNT, EXCHANGENOTSHIPPEDCOUNT, LOGISTICSCONFIRMEDCOUNT, RETURNNOTREFUNDEDCOUNT, FULLEXCHANGECOUNT, EXCHANGESHIPPEDCOUNT, DELAYEDCOUNT, AVGREFUNDAMOUNT, PARTIALRETURNCOUNT, TODAYCOUNT, TOTALCOUNT]
2025-07-09 10:16:43.555 [http-nio-8080-exec-3] WARN  c.w.c.controller.ExchangeController - ⚠️ 키를 찾을 수 없음 - key: avgRefundAmount, 사용 가능한 키들: [LOGISTICSPENDINGCOUNT, PAYMENTCOMPLETEDCOUNT, COLLECTIONPENDINGCOUNT, COLLECTIONCOMPLETEDCOUNT, OVERDUETENDAYSCOUNT, RENOMACOUNT, PAYMENTPENDINGCOUNT, CORALICCOUNT, FULLRETURNCOUNT, INCOMPLETEDCOUNT, TOTALREFUNDAMOUNT, PARTIALEXCHANGECOUNT, RETURNREFUNDEDCOUNT, COMPLETEDCOUNT, EXCHANGENOTSHIPPEDCOUNT, LOGISTICSCONFIRMEDCOUNT, RETURNNOTREFUNDEDCOUNT, FULLEXCHANGECOUNT, EXCHANGESHIPPEDCOUNT, DELAYEDCOUNT, AVGREFUNDAMOUNT, PARTIALRETURNCOUNT, TODAYCOUNT, TOTALCOUNT]
2025-07-09 10:16:43.555 [http-nio-8080-exec-3] WARN  c.w.c.controller.ExchangeController - ⚠️ 키를 찾을 수 없음 - key: todayCount, 사용 가능한 키들: [LOGISTICSPENDINGCOUNT, PAYMENTCOMPLETEDCOUNT, COLLECTIONPENDINGCOUNT, COLLECTIONCOMPLETEDCOUNT, OVERDUETENDAYSCOUNT, RENOMACOUNT, PAYMENTPENDINGCOUNT, CORALICCOUNT, FULLRETURNCOUNT, INCOMPLETEDCOUNT, TOTALREFUNDAMOUNT, PARTIALEXCHANGECOUNT, RETURNREFUNDEDCOUNT, COMPLETEDCOUNT, EXCHANGENOTSHIPPEDCOUNT, LOGISTICSCONFIRMEDCOUNT, RETURNNOTREFUNDEDCOUNT, FULLEXCHANGECOUNT, EXCHANGESHIPPEDCOUNT, DELAYEDCOUNT, AVGREFUNDAMOUNT, PARTIALRETURNCOUNT, TODAYCOUNT, TOTALCOUNT]
2025-07-09 10:16:43.555 [http-nio-8080-exec-3] DEBUG org.mybatis.spring.SqlSessionUtils - Creating a new SqlSession
2025-07-09 10:16:43.555 [http-nio-8080-exec-3] DEBUG org.mybatis.spring.SqlSessionUtils - SqlSession [org.apache.ibatis.session.defaults.DefaultSqlSession@63946de1] was not registered for synchronization because synchronization is not active
2025-07-09 10:16:43.555 [http-nio-8080-exec-3] DEBUG o.m.s.t.SpringManagedTransaction - JDBC Connection [HikariProxyConnection@981039356 wrapping oracle.jdbc.driver.T4CConnection@6a64b0a] will not be managed by Spring
2025-07-09 10:16:43.559 [http-nio-8080-exec-3] DEBUG org.mybatis.spring.SqlSessionUtils - Closing non transactional SqlSession [org.apache.ibatis.session.defaults.DefaultSqlSession@63946de1]
2025-07-09 10:16:43.560 [http-nio-8080-exec-3] DEBUG org.mybatis.spring.SqlSessionUtils - Creating a new SqlSession
2025-07-09 10:16:43.560 [http-nio-8080-exec-3] DEBUG org.mybatis.spring.SqlSessionUtils - SqlSession [org.apache.ibatis.session.defaults.DefaultSqlSession@7f719395] was not registered for synchronization because synchronization is not active
2025-07-09 10:16:43.560 [http-nio-8080-exec-3] DEBUG o.m.s.t.SpringManagedTransaction - JDBC Connection [HikariProxyConnection@1232763215 wrapping oracle.jdbc.driver.T4CConnection@6a64b0a] will not be managed by Spring
2025-07-09 10:16:43.564 [http-nio-8080-exec-3] DEBUG org.mybatis.spring.SqlSessionUtils - Closing non transactional SqlSession [org.apache.ibatis.session.defaults.DefaultSqlSession@7f719395]
2025-07-09 10:16:44.162 [http-nio-8080-exec-8] DEBUG org.mybatis.spring.SqlSessionUtils - Creating a new SqlSession
2025-07-09 10:16:44.162 [http-nio-8080-exec-8] DEBUG org.mybatis.spring.SqlSessionUtils - SqlSession [org.apache.ibatis.session.defaults.DefaultSqlSession@507d00e9] was not registered for synchronization because synchronization is not active
2025-07-09 10:16:44.163 [http-nio-8080-exec-8] DEBUG o.m.s.t.SpringManagedTransaction - JDBC Connection [HikariProxyConnection@1338325058 wrapping oracle.jdbc.driver.T4CConnection@6a64b0a] will not be managed by Spring
2025-07-09 10:16:44.167 [http-nio-8080-exec-8] DEBUG org.mybatis.spring.SqlSessionUtils - Closing non transactional SqlSession [org.apache.ibatis.session.defaults.DefaultSqlSession@507d00e9]
2025-07-09 10:16:44.168 [http-nio-8080-exec-8] DEBUG org.mybatis.spring.SqlSessionUtils - Creating a new SqlSession
2025-07-09 10:16:44.168 [http-nio-8080-exec-8] DEBUG org.mybatis.spring.SqlSessionUtils - SqlSession [org.apache.ibatis.session.defaults.DefaultSqlSession@78458f00] was not registered for synchronization because synchronization is not active
2025-07-09 10:16:44.168 [http-nio-8080-exec-8] DEBUG o.m.s.t.SpringManagedTransaction - JDBC Connection [HikariProxyConnection@117825684 wrapping oracle.jdbc.driver.T4CConnection@6a64b0a] will not be managed by Spring
2025-07-09 10:16:44.176 [http-nio-8080-exec-8] DEBUG org.mybatis.spring.SqlSessionUtils - Closing non transactional SqlSession [org.apache.ibatis.session.defaults.DefaultSqlSession@78458f00]
2025-07-09 10:16:44.176 [http-nio-8080-exec-8] DEBUG org.mybatis.spring.SqlSessionUtils - Creating a new SqlSession
2025-07-09 10:16:44.176 [http-nio-8080-exec-8] DEBUG org.mybatis.spring.SqlSessionUtils - SqlSession [org.apache.ibatis.session.defaults.DefaultSqlSession@3fc7d2d5] was not registered for synchronization because synchronization is not active
2025-07-09 10:16:44.176 [http-nio-8080-exec-8] DEBUG o.m.s.t.SpringManagedTransaction - JDBC Connection [HikariProxyConnection@1495722567 wrapping oracle.jdbc.driver.T4CConnection@6a64b0a] will not be managed by Spring
2025-07-09 10:16:44.182 [http-nio-8080-exec-8] DEBUG org.mybatis.spring.SqlSessionUtils - Closing non transactional SqlSession [org.apache.ibatis.session.defaults.DefaultSqlSession@3fc7d2d5]
2025-07-09 10:16:44.501 [http-nio-8080-exec-2] DEBUG org.mybatis.spring.SqlSessionUtils - Creating a new SqlSession
2025-07-09 10:16:44.501 [http-nio-8080-exec-2] DEBUG org.mybatis.spring.SqlSessionUtils - Registering transaction synchronization for SqlSession [org.apache.ibatis.session.defaults.DefaultSqlSession@f359e1d]
2025-07-09 10:16:44.506 [http-nio-8080-exec-7] DEBUG org.mybatis.spring.SqlSessionUtils - Creating a new SqlSession
2025-07-09 10:16:44.506 [http-nio-8080-exec-1] INFO  c.wio.crm.service.DashboardService - getDashboardCallCount 호출됨 - username: test, custCode: P000000218
2025-07-09 10:16:44.507 [http-nio-8080-exec-7] DEBUG org.mybatis.spring.SqlSessionUtils - Registering transaction synchronization for SqlSession [org.apache.ibatis.session.defaults.DefaultSqlSession@7033e08]
2025-07-09 10:16:44.507 [http-nio-8080-exec-1] DEBUG org.mybatis.spring.SqlSessionUtils - Creating a new SqlSession
2025-07-09 10:16:44.507 [http-nio-8080-exec-1] DEBUG org.mybatis.spring.SqlSessionUtils - Registering transaction synchronization for SqlSession [org.apache.ibatis.session.defaults.DefaultSqlSession@49578d4b]
2025-07-09 10:16:44.508 [http-nio-8080-exec-3] DEBUG org.mybatis.spring.SqlSessionUtils - Creating a new SqlSession
2025-07-09 10:16:44.508 [http-nio-8080-exec-6] DEBUG org.mybatis.spring.SqlSessionUtils - Creating a new SqlSession
2025-07-09 10:16:44.508 [http-nio-8080-exec-3] DEBUG org.mybatis.spring.SqlSessionUtils - Registering transaction synchronization for SqlSession [org.apache.ibatis.session.defaults.DefaultSqlSession@34d77c99]
2025-07-09 10:16:44.508 [http-nio-8080-exec-6] DEBUG org.mybatis.spring.SqlSessionUtils - Registering transaction synchronization for SqlSession [org.apache.ibatis.session.defaults.DefaultSqlSession@3ae6b603]
2025-07-09 10:16:44.511 [http-nio-8080-exec-2] DEBUG o.m.s.t.SpringManagedTransaction - JDBC Connection [HikariProxyConnection@418448331 wrapping oracle.jdbc.driver.T4CConnection@6a64b0a] will be managed by Spring
2025-07-09 10:16:44.511 [http-nio-8080-exec-7] DEBUG o.m.s.t.SpringManagedTransaction - JDBC Connection [HikariProxyConnection@2147481850 wrapping oracle.jdbc.driver.T4CConnection@252d04b0] will be managed by Spring
2025-07-09 10:16:44.511 [http-nio-8080-exec-1] DEBUG o.m.s.t.SpringManagedTransaction - JDBC Connection [HikariProxyConnection@2001565070 wrapping oracle.jdbc.driver.T4CConnection@7b8dd640] will be managed by Spring
2025-07-09 10:16:44.511 [http-nio-8080-exec-3] DEBUG o.m.s.t.SpringManagedTransaction - JDBC Connection [HikariProxyConnection@1508952528 wrapping oracle.jdbc.driver.T4CConnection@17dab9d9] will be managed by Spring
2025-07-09 10:16:44.511 [http-nio-8080-exec-6] DEBUG o.m.s.t.SpringManagedTransaction - JDBC Connection [HikariProxyConnection@1583063636 wrapping oracle.jdbc.driver.T4CConnection@5ddb8c57] will be managed by Spring
2025-07-09 10:16:44.520 [http-nio-8080-exec-6] DEBUG org.mybatis.spring.SqlSessionUtils - Releasing transactional SqlSession [org.apache.ibatis.session.defaults.DefaultSqlSession@3ae6b603]
2025-07-09 10:16:44.520 [http-nio-8080-exec-6] DEBUG org.mybatis.spring.SqlSessionUtils - Transaction synchronization committing SqlSession [org.apache.ibatis.session.defaults.DefaultSqlSession@3ae6b603]
2025-07-09 10:16:44.520 [http-nio-8080-exec-6] DEBUG org.mybatis.spring.SqlSessionUtils - Transaction synchronization deregistering SqlSession [org.apache.ibatis.session.defaults.DefaultSqlSession@3ae6b603]
2025-07-09 10:16:44.520 [http-nio-8080-exec-6] DEBUG org.mybatis.spring.SqlSessionUtils - Transaction synchronization closing SqlSession [org.apache.ibatis.session.defaults.DefaultSqlSession@3ae6b603]
2025-07-09 10:16:44.520 [http-nio-8080-exec-2] DEBUG org.mybatis.spring.SqlSessionUtils - Releasing transactional SqlSession [org.apache.ibatis.session.defaults.DefaultSqlSession@f359e1d]
2025-07-09 10:16:44.520 [http-nio-8080-exec-2] DEBUG org.mybatis.spring.SqlSessionUtils - Transaction synchronization committing SqlSession [org.apache.ibatis.session.defaults.DefaultSqlSession@f359e1d]
2025-07-09 10:16:44.520 [http-nio-8080-exec-2] DEBUG org.mybatis.spring.SqlSessionUtils - Transaction synchronization deregistering SqlSession [org.apache.ibatis.session.defaults.DefaultSqlSession@f359e1d]
2025-07-09 10:16:44.520 [http-nio-8080-exec-2] DEBUG org.mybatis.spring.SqlSessionUtils - Transaction synchronization closing SqlSession [org.apache.ibatis.session.defaults.DefaultSqlSession@f359e1d]
2025-07-09 10:16:44.524 [http-nio-8080-exec-1] DEBUG org.mybatis.spring.SqlSessionUtils - Releasing transactional SqlSession [org.apache.ibatis.session.defaults.DefaultSqlSession@49578d4b]
2025-07-09 10:16:44.524 [http-nio-8080-exec-1] INFO  c.wio.crm.service.DashboardService - SQL 쿼리 실행 후 callCountList size: 2
2025-07-09 10:16:44.524 [http-nio-8080-exec-1] INFO  c.wio.crm.service.DashboardService - 첫 번째 항목 필드 확인: gubn=[3], prc_Date=[20250708], hour_09=[0], hour_10=[2], hour_11=[2], hour_12=[1], callSum=[16]
2025-07-09 10:16:44.524 [http-nio-8080-exec-1] INFO  c.wio.crm.service.DashboardService - 항목 #1: gubn=[3], prc_Date=[20250708], hour_09=[0], hour_10=[2], hour_11=[2], hour_12=[1], callSum=[16]
2025-07-09 10:16:44.524 [http-nio-8080-exec-1] INFO  c.wio.crm.service.DashboardService - 항목 #2: gubn=[1], prc_Date=[20250709], hour_09=[0], hour_10=[0], hour_11=[0], hour_12=[0], callSum=[0]
2025-07-09 10:16:44.524 [http-nio-8080-exec-1] INFO  c.wio.crm.service.DashboardService - data 맵에 callCountList 추가 완료. data 크기: 1
2025-07-09 10:16:44.525 [http-nio-8080-exec-1] DEBUG org.mybatis.spring.SqlSessionUtils - Transaction synchronization committing SqlSession [org.apache.ibatis.session.defaults.DefaultSqlSession@49578d4b]
2025-07-09 10:16:44.525 [http-nio-8080-exec-1] DEBUG org.mybatis.spring.SqlSessionUtils - Transaction synchronization deregistering SqlSession [org.apache.ibatis.session.defaults.DefaultSqlSession@49578d4b]
2025-07-09 10:16:44.525 [http-nio-8080-exec-1] DEBUG org.mybatis.spring.SqlSessionUtils - Transaction synchronization closing SqlSession [org.apache.ibatis.session.defaults.DefaultSqlSession@49578d4b]
2025-07-09 10:16:44.529 [http-nio-8080-exec-9] DEBUG org.mybatis.spring.SqlSessionUtils - Creating a new SqlSession
2025-07-09 10:16:44.529 [http-nio-8080-exec-9] DEBUG org.mybatis.spring.SqlSessionUtils - Registering transaction synchronization for SqlSession [org.apache.ibatis.session.defaults.DefaultSqlSession@3c42694b]
2025-07-09 10:16:44.530 [http-nio-8080-exec-9] DEBUG o.m.s.t.SpringManagedTransaction - JDBC Connection [HikariProxyConnection@1151085153 wrapping oracle.jdbc.driver.T4CConnection@6a64b0a] will be managed by Spring
2025-07-09 10:16:44.537 [http-nio-8080-exec-9] DEBUG org.mybatis.spring.SqlSessionUtils - Releasing transactional SqlSession [org.apache.ibatis.session.defaults.DefaultSqlSession@3c42694b]
2025-07-09 10:16:44.547 [http-nio-8080-exec-9] DEBUG org.mybatis.spring.SqlSessionUtils - Fetched SqlSession [org.apache.ibatis.session.defaults.DefaultSqlSession@3c42694b] from current transaction
2025-07-09 10:16:44.551 [http-nio-8080-exec-10] DEBUG org.mybatis.spring.SqlSessionUtils - Creating a new SqlSession
2025-07-09 10:16:44.551 [http-nio-8080-exec-10] DEBUG org.mybatis.spring.SqlSessionUtils - Registering transaction synchronization for SqlSession [org.apache.ibatis.session.defaults.DefaultSqlSession@7a106614]
2025-07-09 10:16:44.552 [http-nio-8080-exec-10] DEBUG o.m.s.t.SpringManagedTransaction - JDBC Connection [HikariProxyConnection@40010712 wrapping oracle.jdbc.driver.T4CConnection@5ddb8c57] will be managed by Spring
2025-07-09 10:16:44.554 [http-nio-8080-exec-3] DEBUG org.mybatis.spring.SqlSessionUtils - Releasing transactional SqlSession [org.apache.ibatis.session.defaults.DefaultSqlSession@34d77c99]
2025-07-09 10:16:44.554 [http-nio-8080-exec-3] DEBUG org.mybatis.spring.SqlSessionUtils - Transaction synchronization committing SqlSession [org.apache.ibatis.session.defaults.DefaultSqlSession@34d77c99]
2025-07-09 10:16:44.554 [http-nio-8080-exec-3] DEBUG org.mybatis.spring.SqlSessionUtils - Transaction synchronization deregistering SqlSession [org.apache.ibatis.session.defaults.DefaultSqlSession@34d77c99]
2025-07-09 10:16:44.554 [http-nio-8080-exec-3] DEBUG org.mybatis.spring.SqlSessionUtils - Transaction synchronization closing SqlSession [org.apache.ibatis.session.defaults.DefaultSqlSession@34d77c99]
2025-07-09 10:16:44.554 [http-nio-8080-exec-9] WARN  o.a.i.s.AutoMappingUnknownColumnBehavior - Unknown column is detected on 'com.wio.crm.mapper.DashboardMapper.findDataForCard2' auto-mapping. Mapping parameters are [columnName=PROCESSING_RATE,propertyName=PROCESSING_RATE,propertyType=null]
2025-07-09 10:16:44.555 [http-nio-8080-exec-9] DEBUG org.mybatis.spring.SqlSessionUtils - Releasing transactional SqlSession [org.apache.ibatis.session.defaults.DefaultSqlSession@3c42694b]
2025-07-09 10:16:44.555 [http-nio-8080-exec-9] DEBUG org.mybatis.spring.SqlSessionUtils - Fetched SqlSession [org.apache.ibatis.session.defaults.DefaultSqlSession@3c42694b] from current transaction
2025-07-09 10:16:44.556 [http-nio-8080-exec-2] DEBUG org.mybatis.spring.SqlSessionUtils - Creating a new SqlSession
2025-07-09 10:16:44.556 [http-nio-8080-exec-2] DEBUG org.mybatis.spring.SqlSessionUtils - Registering transaction synchronization for SqlSession [org.apache.ibatis.session.defaults.DefaultSqlSession@5ff6beaa]
2025-07-09 10:16:44.557 [http-nio-8080-exec-2] DEBUG o.m.s.t.SpringManagedTransaction - JDBC Connection [HikariProxyConnection@545573368 wrapping oracle.jdbc.driver.T4CConnection@7b8dd640] will be managed by Spring
2025-07-09 10:16:44.560 [http-nio-8080-exec-9] DEBUG org.mybatis.spring.SqlSessionUtils - Releasing transactional SqlSession [org.apache.ibatis.session.defaults.DefaultSqlSession@3c42694b]
2025-07-09 10:16:44.560 [http-nio-8080-exec-9] WARN  c.wio.crm.service.DashboardService - findPointList 조회 결과 없음 또는 빈 리스트
2025-07-09 10:16:44.560 [http-nio-8080-exec-9] DEBUG org.mybatis.spring.SqlSessionUtils - Fetched SqlSession [org.apache.ibatis.session.defaults.DefaultSqlSession@3c42694b] from current transaction
2025-07-09 10:16:44.570 [http-nio-8080-exec-9] DEBUG org.mybatis.spring.SqlSessionUtils - Releasing transactional SqlSession [org.apache.ibatis.session.defaults.DefaultSqlSession@3c42694b]
2025-07-09 10:16:44.571 [http-nio-8080-exec-9] INFO  c.wio.crm.service.DashboardService - [원본 데이터 확인] card1Data 원래 상태: count_Com=[0](타입:java.lang.String), todayCom=[0](타입:java.lang.String), todayMiss=[0](타입:java.lang.String), todayEme=[6](타입:java.lang.String), processing_rate=[0](타입:java.lang.String)
2025-07-09 10:16:44.571 [http-nio-8080-exec-9] INFO  c.wio.crm.service.DashboardService - [확인] count_Com이 null 또는 0, 실제 쿼리 결과값 사용
2025-07-09 10:16:44.571 [http-nio-8080-exec-9] INFO  c.wio.crm.service.DashboardService - [확인] processing_rate가 SQL에서 null 또는 0으로 반환됨
2025-07-09 10:16:44.571 [http-nio-8080-exec-9] INFO  c.wio.crm.service.DashboardService - [계산] count_sum을 0로 계산하여 설정
2025-07-09 10:16:44.571 [http-nio-8080-exec-9] DEBUG org.mybatis.spring.SqlSessionUtils - Fetched SqlSession [org.apache.ibatis.session.defaults.DefaultSqlSession@3c42694b] from current transaction
2025-07-09 10:16:44.575 [http-nio-8080-exec-2] DEBUG org.mybatis.spring.SqlSessionUtils - Releasing transactional SqlSession [org.apache.ibatis.session.defaults.DefaultSqlSession@5ff6beaa]
2025-07-09 10:16:44.576 [http-nio-8080-exec-2] DEBUG org.mybatis.spring.SqlSessionUtils - Fetched SqlSession [org.apache.ibatis.session.defaults.DefaultSqlSession@5ff6beaa] from current transaction
2025-07-09 10:16:44.576 [http-nio-8080-exec-7] DEBUG org.mybatis.spring.SqlSessionUtils - Releasing transactional SqlSession [org.apache.ibatis.session.defaults.DefaultSqlSession@7033e08]
2025-07-09 10:16:44.576 [http-nio-8080-exec-7] DEBUG org.mybatis.spring.SqlSessionUtils - Transaction synchronization committing SqlSession [org.apache.ibatis.session.defaults.DefaultSqlSession@7033e08]
2025-07-09 10:16:44.576 [http-nio-8080-exec-7] DEBUG org.mybatis.spring.SqlSessionUtils - Transaction synchronization deregistering SqlSession [org.apache.ibatis.session.defaults.DefaultSqlSession@7033e08]
2025-07-09 10:16:44.576 [http-nio-8080-exec-7] DEBUG org.mybatis.spring.SqlSessionUtils - Transaction synchronization closing SqlSession [org.apache.ibatis.session.defaults.DefaultSqlSession@7033e08]
2025-07-09 10:16:44.578 [http-nio-8080-exec-9] DEBUG org.mybatis.spring.SqlSessionUtils - Releasing transactional SqlSession [org.apache.ibatis.session.defaults.DefaultSqlSession@3c42694b]
2025-07-09 10:16:44.578 [http-nio-8080-exec-9] DEBUG org.mybatis.spring.SqlSessionUtils - Fetched SqlSession [org.apache.ibatis.session.defaults.DefaultSqlSession@3c42694b] from current transaction
2025-07-09 10:16:44.580 [http-nio-8080-exec-10] DEBUG org.mybatis.spring.SqlSessionUtils - Releasing transactional SqlSession [org.apache.ibatis.session.defaults.DefaultSqlSession@7a106614]
2025-07-09 10:16:44.580 [http-nio-8080-exec-10] DEBUG org.mybatis.spring.SqlSessionUtils - Transaction synchronization committing SqlSession [org.apache.ibatis.session.defaults.DefaultSqlSession@7a106614]
2025-07-09 10:16:44.580 [http-nio-8080-exec-10] DEBUG org.mybatis.spring.SqlSessionUtils - Transaction synchronization deregistering SqlSession [org.apache.ibatis.session.defaults.DefaultSqlSession@7a106614]
2025-07-09 10:16:44.580 [http-nio-8080-exec-10] DEBUG org.mybatis.spring.SqlSessionUtils - Transaction synchronization closing SqlSession [org.apache.ibatis.session.defaults.DefaultSqlSession@7a106614]
2025-07-09 10:16:44.586 [http-nio-8080-exec-2] DEBUG org.mybatis.spring.SqlSessionUtils - Releasing transactional SqlSession [org.apache.ibatis.session.defaults.DefaultSqlSession@5ff6beaa]
2025-07-09 10:16:44.586 [http-nio-8080-exec-2] DEBUG org.mybatis.spring.SqlSessionUtils - Transaction synchronization committing SqlSession [org.apache.ibatis.session.defaults.DefaultSqlSession@5ff6beaa]
2025-07-09 10:16:44.586 [http-nio-8080-exec-2] DEBUG org.mybatis.spring.SqlSessionUtils - Transaction synchronization deregistering SqlSession [org.apache.ibatis.session.defaults.DefaultSqlSession@5ff6beaa]
2025-07-09 10:16:44.586 [http-nio-8080-exec-2] DEBUG org.mybatis.spring.SqlSessionUtils - Transaction synchronization closing SqlSession [org.apache.ibatis.session.defaults.DefaultSqlSession@5ff6beaa]
2025-07-09 10:16:44.589 [http-nio-8080-exec-9] DEBUG org.mybatis.spring.SqlSessionUtils - Releasing transactional SqlSession [org.apache.ibatis.session.defaults.DefaultSqlSession@3c42694b]
2025-07-09 10:16:44.589 [http-nio-8080-exec-9] DEBUG org.mybatis.spring.SqlSessionUtils - Fetched SqlSession [org.apache.ibatis.session.defaults.DefaultSqlSession@3c42694b] from current transaction
2025-07-09 10:16:44.607 [http-nio-8080-exec-9] DEBUG org.mybatis.spring.SqlSessionUtils - Releasing transactional SqlSession [org.apache.ibatis.session.defaults.DefaultSqlSession@3c42694b]
2025-07-09 10:16:44.607 [http-nio-8080-exec-9] DEBUG org.mybatis.spring.SqlSessionUtils - Fetched SqlSession [org.apache.ibatis.session.defaults.DefaultSqlSession@3c42694b] from current transaction
2025-07-09 10:16:44.612 [http-nio-8080-exec-9] DEBUG org.mybatis.spring.SqlSessionUtils - Releasing transactional SqlSession [org.apache.ibatis.session.defaults.DefaultSqlSession@3c42694b]
2025-07-09 10:16:44.612 [http-nio-8080-exec-9] DEBUG org.mybatis.spring.SqlSessionUtils - Fetched SqlSession [org.apache.ibatis.session.defaults.DefaultSqlSession@3c42694b] from current transaction
2025-07-09 10:16:44.618 [http-nio-8080-exec-9] DEBUG org.mybatis.spring.SqlSessionUtils - Releasing transactional SqlSession [org.apache.ibatis.session.defaults.DefaultSqlSession@3c42694b]
2025-07-09 10:16:44.619 [http-nio-8080-exec-9] DEBUG org.mybatis.spring.SqlSessionUtils - Fetched SqlSession [org.apache.ibatis.session.defaults.DefaultSqlSession@3c42694b] from current transaction
2025-07-09 10:16:44.627 [http-nio-8080-exec-9] DEBUG org.mybatis.spring.SqlSessionUtils - Releasing transactional SqlSession [org.apache.ibatis.session.defaults.DefaultSqlSession@3c42694b]
2025-07-09 10:16:44.627 [http-nio-8080-exec-9] INFO  c.wio.crm.service.DashboardService - [최종 확인] 카드1 데이터(수정 후): {count_Com=0, todayCom=0, todayMiss=0, todayEme=6, processing_rate=0, count_sum=0}
2025-07-09 10:16:44.627 [http-nio-8080-exec-9] DEBUG org.mybatis.spring.SqlSessionUtils - Transaction synchronization committing SqlSession [org.apache.ibatis.session.defaults.DefaultSqlSession@3c42694b]
2025-07-09 10:16:44.627 [http-nio-8080-exec-9] DEBUG org.mybatis.spring.SqlSessionUtils - Transaction synchronization deregistering SqlSession [org.apache.ibatis.session.defaults.DefaultSqlSession@3c42694b]
2025-07-09 10:16:44.627 [http-nio-8080-exec-9] DEBUG org.mybatis.spring.SqlSessionUtils - Transaction synchronization closing SqlSession [org.apache.ibatis.session.defaults.DefaultSqlSession@3c42694b]
2025-07-09 10:16:47.217 [http-nio-8080-exec-5] INFO  c.w.c.controller.ExchangeController - 교환/반품 목록 조회 - 검색조건: ReturnItemSearchDTO(keyword=null, startDate=null, endDate=null, returnTypeCode=null, returnStatusCode=null, siteName=null, paymentStatus=null, brandFilter=null, page=0, size=20, sortBy=id, sortDir=DESC), 필터: null
2025-07-09 10:16:47.222 [http-nio-8080-exec-5] INFO  c.w.c.s.impl.ReturnItemServiceImpl - 📋 Oracle 11g 호환 전체 목록 조회 - page: 0, size: 20
2025-07-09 10:16:47.222 [http-nio-8080-exec-5] INFO  c.w.c.s.impl.ReturnItemServiceImpl - 🔢 페이징 파라미터 - startRow: 0, endRow: 20
2025-07-09 10:16:47.249 [http-nio-8080-exec-5] INFO  c.w.c.s.impl.ReturnItemServiceImpl - ✅ 조회 결과 - items: 20, totalCount: 4605
2025-07-09 10:16:47.252 [http-nio-8080-exec-5] INFO  c.w.c.controller.ExchangeController - 📋 전체 조회 완료 - 결과 수: 4605
2025-07-09 10:16:47.253 [http-nio-8080-exec-5] INFO  c.w.c.controller.ExchangeController - 🔍 통계 조회 - 검색 조건 존재: false, 검색DTO: ReturnItemSearchDTO(keyword=null, startDate=null, endDate=null, returnTypeCode=null, returnStatusCode=null, siteName=null, paymentStatus=null, brandFilter=null, page=0, size=20, sortBy=id, sortDir=DESC)
2025-07-09 10:16:47.253 [http-nio-8080-exec-5] INFO  c.w.c.controller.ExchangeController - 📊 전체 데이터 기반 통합 통계 조회 시작
2025-07-09 10:16:47.253 [http-nio-8080-exec-5] DEBUG org.mybatis.spring.SqlSessionUtils - Creating a new SqlSession
2025-07-09 10:16:47.253 [http-nio-8080-exec-5] DEBUG org.mybatis.spring.SqlSessionUtils - Registering transaction synchronization for SqlSession [org.apache.ibatis.session.defaults.DefaultSqlSession@17f3487c]
2025-07-09 10:16:47.253 [http-nio-8080-exec-5] DEBUG o.m.s.t.SpringManagedTransaction - JDBC Connection [HikariProxyConnection@1741140878 wrapping oracle.jdbc.driver.T4CConnection@6a64b0a] will be managed by Spring
2025-07-09 10:16:47.270 [http-nio-8080-exec-5] DEBUG org.mybatis.spring.SqlSessionUtils - Releasing transactional SqlSession [org.apache.ibatis.session.defaults.DefaultSqlSession@17f3487c]
2025-07-09 10:16:47.271 [http-nio-8080-exec-5] INFO  c.w.c.s.impl.ReturnItemServiceImpl - 🚀 통합 통계 조회 완료 - 소요시간: 18ms, 결과: {LOGISTICSPENDINGCOUNT=278, PAYMENTCOMPLETEDCOUNT=0, COLLECTIONPENDINGCOUNT=159, COLLECTIONCOMPLETEDCOUNT=349, OVERDUETENDAYSCOUNT=288, RENOMACOUNT=1104, PAYMENTPENDINGCOUNT=1, CORALICCOUNT=3501, FULLRETURNCOUNT=3659, INCOMPLETEDCOUNT=508, TOTALREFUNDAMOUNT=155343134, PARTIALEXCHANGECOUNT=0, RETURNREFUNDEDCOUNT=69, COMPLETEDCOUNT=4097, EXCHANGENOTSHIPPEDCOUNT=8, LOGISTICSCONFIRMEDCOUNT=230, RETURNNOTREFUNDEDCOUNT=412, FULLEXCHANGECOUNT=447, EXCHANGESHIPPEDCOUNT=19, DELAYEDCOUNT=429, AVGREFUNDAMOUNT=33734, PARTIALRETURNCOUNT=499, TODAYCOUNT=0, TOTALCOUNT=4605}
2025-07-09 10:16:47.271 [http-nio-8080-exec-5] DEBUG org.mybatis.spring.SqlSessionUtils - Transaction synchronization committing SqlSession [org.apache.ibatis.session.defaults.DefaultSqlSession@17f3487c]
2025-07-09 10:16:47.271 [http-nio-8080-exec-5] DEBUG org.mybatis.spring.SqlSessionUtils - Transaction synchronization deregistering SqlSession [org.apache.ibatis.session.defaults.DefaultSqlSession@17f3487c]
2025-07-09 10:16:47.271 [http-nio-8080-exec-5] DEBUG org.mybatis.spring.SqlSessionUtils - Transaction synchronization closing SqlSession [org.apache.ibatis.session.defaults.DefaultSqlSession@17f3487c]
2025-07-09 10:16:47.275 [http-nio-8080-exec-5] INFO  c.w.c.controller.ExchangeController - ✅ 전체 데이터 기반 통합 통계 조회 완료
2025-07-09 10:16:47.275 [http-nio-8080-exec-5] WARN  c.w.c.controller.ExchangeController - ⚠️ 키를 찾을 수 없음 - key: collectionCompletedCount, 사용 가능한 키들: [LOGISTICSPENDINGCOUNT, PAYMENTCOMPLETEDCOUNT, COLLECTIONPENDINGCOUNT, COLLECTIONCOMPLETEDCOUNT, OVERDUETENDAYSCOUNT, RENOMACOUNT, PAYMENTPENDINGCOUNT, CORALICCOUNT, FULLRETURNCOUNT, INCOMPLETEDCOUNT, TOTALREFUNDAMOUNT, PARTIALEXCHANGECOUNT, RETURNREFUNDEDCOUNT, COMPLETEDCOUNT, EXCHANGENOTSHIPPEDCOUNT, LOGISTICSCONFIRMEDCOUNT, RETURNNOTREFUNDEDCOUNT, FULLEXCHANGECOUNT, EXCHANGESHIPPEDCOUNT, DELAYEDCOUNT, AVGREFUNDAMOUNT, PARTIALRETURNCOUNT, TODAYCOUNT, TOTALCOUNT]
2025-07-09 10:16:47.275 [http-nio-8080-exec-5] WARN  c.w.c.controller.ExchangeController - ⚠️ 키를 찾을 수 없음 - key: collectionPendingCount, 사용 가능한 키들: [LOGISTICSPENDINGCOUNT, PAYMENTCOMPLETEDCOUNT, COLLECTIONPENDINGCOUNT, COLLECTIONCOMPLETEDCOUNT, OVERDUETENDAYSCOUNT, RENOMACOUNT, PAYMENTPENDINGCOUNT, CORALICCOUNT, FULLRETURNCOUNT, INCOMPLETEDCOUNT, TOTALREFUNDAMOUNT, PARTIALEXCHANGECOUNT, RETURNREFUNDEDCOUNT, COMPLETEDCOUNT, EXCHANGENOTSHIPPEDCOUNT, LOGISTICSCONFIRMEDCOUNT, RETURNNOTREFUNDEDCOUNT, FULLEXCHANGECOUNT, EXCHANGESHIPPEDCOUNT, DELAYEDCOUNT, AVGREFUNDAMOUNT, PARTIALRETURNCOUNT, TODAYCOUNT, TOTALCOUNT]
2025-07-09 10:16:47.275 [http-nio-8080-exec-5] WARN  c.w.c.controller.ExchangeController - ⚠️ 키를 찾을 수 없음 - key: logisticsConfirmedCount, 사용 가능한 키들: [LOGISTICSPENDINGCOUNT, PAYMENTCOMPLETEDCOUNT, COLLECTIONPENDINGCOUNT, COLLECTIONCOMPLETEDCOUNT, OVERDUETENDAYSCOUNT, RENOMACOUNT, PAYMENTPENDINGCOUNT, CORALICCOUNT, FULLRETURNCOUNT, INCOMPLETEDCOUNT, TOTALREFUNDAMOUNT, PARTIALEXCHANGECOUNT, RETURNREFUNDEDCOUNT, COMPLETEDCOUNT, EXCHANGENOTSHIPPEDCOUNT, LOGISTICSCONFIRMEDCOUNT, RETURNNOTREFUNDEDCOUNT, FULLEXCHANGECOUNT, EXCHANGESHIPPEDCOUNT, DELAYEDCOUNT, AVGREFUNDAMOUNT, PARTIALRETURNCOUNT, TODAYCOUNT, TOTALCOUNT]
2025-07-09 10:16:47.275 [http-nio-8080-exec-5] WARN  c.w.c.controller.ExchangeController - ⚠️ 키를 찾을 수 없음 - key: logisticsPendingCount, 사용 가능한 키들: [LOGISTICSPENDINGCOUNT, PAYMENTCOMPLETEDCOUNT, COLLECTIONPENDINGCOUNT, COLLECTIONCOMPLETEDCOUNT, OVERDUETENDAYSCOUNT, RENOMACOUNT, PAYMENTPENDINGCOUNT, CORALICCOUNT, FULLRETURNCOUNT, INCOMPLETEDCOUNT, TOTALREFUNDAMOUNT, PARTIALEXCHANGECOUNT, RETURNREFUNDEDCOUNT, COMPLETEDCOUNT, EXCHANGENOTSHIPPEDCOUNT, LOGISTICSCONFIRMEDCOUNT, RETURNNOTREFUNDEDCOUNT, FULLEXCHANGECOUNT, EXCHANGESHIPPEDCOUNT, DELAYEDCOUNT, AVGREFUNDAMOUNT, PARTIALRETURNCOUNT, TODAYCOUNT, TOTALCOUNT]
2025-07-09 10:16:47.275 [http-nio-8080-exec-5] WARN  c.w.c.controller.ExchangeController - ⚠️ 키를 찾을 수 없음 - key: exchangeShippedCount, 사용 가능한 키들: [LOGISTICSPENDINGCOUNT, PAYMENTCOMPLETEDCOUNT, COLLECTIONPENDINGCOUNT, COLLECTIONCOMPLETEDCOUNT, OVERDUETENDAYSCOUNT, RENOMACOUNT, PAYMENTPENDINGCOUNT, CORALICCOUNT, FULLRETURNCOUNT, INCOMPLETEDCOUNT, TOTALREFUNDAMOUNT, PARTIALEXCHANGECOUNT, RETURNREFUNDEDCOUNT, COMPLETEDCOUNT, EXCHANGENOTSHIPPEDCOUNT, LOGISTICSCONFIRMEDCOUNT, RETURNNOTREFUNDEDCOUNT, FULLEXCHANGECOUNT, EXCHANGESHIPPEDCOUNT, DELAYEDCOUNT, AVGREFUNDAMOUNT, PARTIALRETURNCOUNT, TODAYCOUNT, TOTALCOUNT]
2025-07-09 10:16:47.275 [http-nio-8080-exec-5] WARN  c.w.c.controller.ExchangeController - ⚠️ 키를 찾을 수 없음 - key: exchangeNotShippedCount, 사용 가능한 키들: [LOGISTICSPENDINGCOUNT, PAYMENTCOMPLETEDCOUNT, COLLECTIONPENDINGCOUNT, COLLECTIONCOMPLETEDCOUNT, OVERDUETENDAYSCOUNT, RENOMACOUNT, PAYMENTPENDINGCOUNT, CORALICCOUNT, FULLRETURNCOUNT, INCOMPLETEDCOUNT, TOTALREFUNDAMOUNT, PARTIALEXCHANGECOUNT, RETURNREFUNDEDCOUNT, COMPLETEDCOUNT, EXCHANGENOTSHIPPEDCOUNT, LOGISTICSCONFIRMEDCOUNT, RETURNNOTREFUNDEDCOUNT, FULLEXCHANGECOUNT, EXCHANGESHIPPEDCOUNT, DELAYEDCOUNT, AVGREFUNDAMOUNT, PARTIALRETURNCOUNT, TODAYCOUNT, TOTALCOUNT]
2025-07-09 10:16:47.275 [http-nio-8080-exec-5] WARN  c.w.c.controller.ExchangeController - ⚠️ 키를 찾을 수 없음 - key: returnRefundedCount, 사용 가능한 키들: [LOGISTICSPENDINGCOUNT, PAYMENTCOMPLETEDCOUNT, COLLECTIONPENDINGCOUNT, COLLECTIONCOMPLETEDCOUNT, OVERDUETENDAYSCOUNT, RENOMACOUNT, PAYMENTPENDINGCOUNT, CORALICCOUNT, FULLRETURNCOUNT, INCOMPLETEDCOUNT, TOTALREFUNDAMOUNT, PARTIALEXCHANGECOUNT, RETURNREFUNDEDCOUNT, COMPLETEDCOUNT, EXCHANGENOTSHIPPEDCOUNT, LOGISTICSCONFIRMEDCOUNT, RETURNNOTREFUNDEDCOUNT, FULLEXCHANGECOUNT, EXCHANGESHIPPEDCOUNT, DELAYEDCOUNT, AVGREFUNDAMOUNT, PARTIALRETURNCOUNT, TODAYCOUNT, TOTALCOUNT]
2025-07-09 10:16:47.275 [http-nio-8080-exec-5] WARN  c.w.c.controller.ExchangeController - ⚠️ 키를 찾을 수 없음 - key: returnNotRefundedCount, 사용 가능한 키들: [LOGISTICSPENDINGCOUNT, PAYMENTCOMPLETEDCOUNT, COLLECTIONPENDINGCOUNT, COLLECTIONCOMPLETEDCOUNT, OVERDUETENDAYSCOUNT, RENOMACOUNT, PAYMENTPENDINGCOUNT, CORALICCOUNT, FULLRETURNCOUNT, INCOMPLETEDCOUNT, TOTALREFUNDAMOUNT, PARTIALEXCHANGECOUNT, RETURNREFUNDEDCOUNT, COMPLETEDCOUNT, EXCHANGENOTSHIPPEDCOUNT, LOGISTICSCONFIRMEDCOUNT, RETURNNOTREFUNDEDCOUNT, FULLEXCHANGECOUNT, EXCHANGESHIPPEDCOUNT, DELAYEDCOUNT, AVGREFUNDAMOUNT, PARTIALRETURNCOUNT, TODAYCOUNT, TOTALCOUNT]
2025-07-09 10:16:47.275 [http-nio-8080-exec-5] WARN  c.w.c.controller.ExchangeController - ⚠️ 키를 찾을 수 없음 - key: paymentCompletedCount, 사용 가능한 키들: [LOGISTICSPENDINGCOUNT, PAYMENTCOMPLETEDCOUNT, COLLECTIONPENDINGCOUNT, COLLECTIONCOMPLETEDCOUNT, OVERDUETENDAYSCOUNT, RENOMACOUNT, PAYMENTPENDINGCOUNT, CORALICCOUNT, FULLRETURNCOUNT, INCOMPLETEDCOUNT, TOTALREFUNDAMOUNT, PARTIALEXCHANGECOUNT, RETURNREFUNDEDCOUNT, COMPLETEDCOUNT, EXCHANGENOTSHIPPEDCOUNT, LOGISTICSCONFIRMEDCOUNT, RETURNNOTREFUNDEDCOUNT, FULLEXCHANGECOUNT, EXCHANGESHIPPEDCOUNT, DELAYEDCOUNT, AVGREFUNDAMOUNT, PARTIALRETURNCOUNT, TODAYCOUNT, TOTALCOUNT]
2025-07-09 10:16:47.275 [http-nio-8080-exec-5] WARN  c.w.c.controller.ExchangeController - ⚠️ 키를 찾을 수 없음 - key: paymentPendingCount, 사용 가능한 키들: [LOGISTICSPENDINGCOUNT, PAYMENTCOMPLETEDCOUNT, COLLECTIONPENDINGCOUNT, COLLECTIONCOMPLETEDCOUNT, OVERDUETENDAYSCOUNT, RENOMACOUNT, PAYMENTPENDINGCOUNT, CORALICCOUNT, FULLRETURNCOUNT, INCOMPLETEDCOUNT, TOTALREFUNDAMOUNT, PARTIALEXCHANGECOUNT, RETURNREFUNDEDCOUNT, COMPLETEDCOUNT, EXCHANGENOTSHIPPEDCOUNT, LOGISTICSCONFIRMEDCOUNT, RETURNNOTREFUNDEDCOUNT, FULLEXCHANGECOUNT, EXCHANGESHIPPEDCOUNT, DELAYEDCOUNT, AVGREFUNDAMOUNT, PARTIALRETURNCOUNT, TODAYCOUNT, TOTALCOUNT]
2025-07-09 10:16:47.275 [http-nio-8080-exec-5] WARN  c.w.c.controller.ExchangeController - ⚠️ 키를 찾을 수 없음 - key: completedCount, 사용 가능한 키들: [LOGISTICSPENDINGCOUNT, PAYMENTCOMPLETEDCOUNT, COLLECTIONPENDINGCOUNT, COLLECTIONCOMPLETEDCOUNT, OVERDUETENDAYSCOUNT, RENOMACOUNT, PAYMENTPENDINGCOUNT, CORALICCOUNT, FULLRETURNCOUNT, INCOMPLETEDCOUNT, TOTALREFUNDAMOUNT, PARTIALEXCHANGECOUNT, RETURNREFUNDEDCOUNT, COMPLETEDCOUNT, EXCHANGENOTSHIPPEDCOUNT, LOGISTICSCONFIRMEDCOUNT, RETURNNOTREFUNDEDCOUNT, FULLEXCHANGECOUNT, EXCHANGESHIPPEDCOUNT, DELAYEDCOUNT, AVGREFUNDAMOUNT, PARTIALRETURNCOUNT, TODAYCOUNT, TOTALCOUNT]
2025-07-09 10:16:47.275 [http-nio-8080-exec-5] WARN  c.w.c.controller.ExchangeController - ⚠️ 키를 찾을 수 없음 - key: incompletedCount, 사용 가능한 키들: [LOGISTICSPENDINGCOUNT, PAYMENTCOMPLETEDCOUNT, COLLECTIONPENDINGCOUNT, COLLECTIONCOMPLETEDCOUNT, OVERDUETENDAYSCOUNT, RENOMACOUNT, PAYMENTPENDINGCOUNT, CORALICCOUNT, FULLRETURNCOUNT, INCOMPLETEDCOUNT, TOTALREFUNDAMOUNT, PARTIALEXCHANGECOUNT, RETURNREFUNDEDCOUNT, COMPLETEDCOUNT, EXCHANGENOTSHIPPEDCOUNT, LOGISTICSCONFIRMEDCOUNT, RETURNNOTREFUNDEDCOUNT, FULLEXCHANGECOUNT, EXCHANGESHIPPEDCOUNT, DELAYEDCOUNT, AVGREFUNDAMOUNT, PARTIALRETURNCOUNT, TODAYCOUNT, TOTALCOUNT]
2025-07-09 10:16:47.280 [http-nio-8080-exec-5] INFO  c.w.c.s.impl.ReturnItemServiceImpl - 🚨 10일 경과 미완료 건수: 288
2025-07-09 10:16:47.283 [http-nio-8080-exec-5] INFO  c.w.c.controller.ExchangeController - 🚨 처리기간 임박 건수 조회 완료: 288 건
2025-07-09 10:16:47.284 [http-nio-8080-exec-5] WARN  c.w.c.controller.ExchangeController - ⚠️ 키를 찾을 수 없음 - key: fullExchangeCount, 사용 가능한 키들: [LOGISTICSPENDINGCOUNT, PAYMENTCOMPLETEDCOUNT, COLLECTIONPENDINGCOUNT, COLLECTIONCOMPLETEDCOUNT, OVERDUETENDAYSCOUNT, RENOMACOUNT, PAYMENTPENDINGCOUNT, CORALICCOUNT, FULLRETURNCOUNT, INCOMPLETEDCOUNT, TOTALREFUNDAMOUNT, PARTIALEXCHANGECOUNT, RETURNREFUNDEDCOUNT, COMPLETEDCOUNT, EXCHANGENOTSHIPPEDCOUNT, LOGISTICSCONFIRMEDCOUNT, RETURNNOTREFUNDEDCOUNT, FULLEXCHANGECOUNT, EXCHANGESHIPPEDCOUNT, DELAYEDCOUNT, AVGREFUNDAMOUNT, PARTIALRETURNCOUNT, TODAYCOUNT, TOTALCOUNT]
2025-07-09 10:16:47.284 [http-nio-8080-exec-5] WARN  c.w.c.controller.ExchangeController - ⚠️ 키를 찾을 수 없음 - key: partialExchangeCount, 사용 가능한 키들: [LOGISTICSPENDINGCOUNT, PAYMENTCOMPLETEDCOUNT, COLLECTIONPENDINGCOUNT, COLLECTIONCOMPLETEDCOUNT, OVERDUETENDAYSCOUNT, RENOMACOUNT, PAYMENTPENDINGCOUNT, CORALICCOUNT, FULLRETURNCOUNT, INCOMPLETEDCOUNT, TOTALREFUNDAMOUNT, PARTIALEXCHANGECOUNT, RETURNREFUNDEDCOUNT, COMPLETEDCOUNT, EXCHANGENOTSHIPPEDCOUNT, LOGISTICSCONFIRMEDCOUNT, RETURNNOTREFUNDEDCOUNT, FULLEXCHANGECOUNT, EXCHANGESHIPPEDCOUNT, DELAYEDCOUNT, AVGREFUNDAMOUNT, PARTIALRETURNCOUNT, TODAYCOUNT, TOTALCOUNT]
2025-07-09 10:16:47.284 [http-nio-8080-exec-5] WARN  c.w.c.controller.ExchangeController - ⚠️ 키를 찾을 수 없음 - key: fullReturnCount, 사용 가능한 키들: [LOGISTICSPENDINGCOUNT, PAYMENTCOMPLETEDCOUNT, COLLECTIONPENDINGCOUNT, COLLECTIONCOMPLETEDCOUNT, OVERDUETENDAYSCOUNT, RENOMACOUNT, PAYMENTPENDINGCOUNT, CORALICCOUNT, FULLRETURNCOUNT, INCOMPLETEDCOUNT, TOTALREFUNDAMOUNT, PARTIALEXCHANGECOUNT, RETURNREFUNDEDCOUNT, COMPLETEDCOUNT, EXCHANGENOTSHIPPEDCOUNT, LOGISTICSCONFIRMEDCOUNT, RETURNNOTREFUNDEDCOUNT, FULLEXCHANGECOUNT, EXCHANGESHIPPEDCOUNT, DELAYEDCOUNT, AVGREFUNDAMOUNT, PARTIALRETURNCOUNT, TODAYCOUNT, TOTALCOUNT]
2025-07-09 10:16:47.284 [http-nio-8080-exec-5] WARN  c.w.c.controller.ExchangeController - ⚠️ 키를 찾을 수 없음 - key: partialReturnCount, 사용 가능한 키들: [LOGISTICSPENDINGCOUNT, PAYMENTCOMPLETEDCOUNT, COLLECTIONPENDINGCOUNT, COLLECTIONCOMPLETEDCOUNT, OVERDUETENDAYSCOUNT, RENOMACOUNT, PAYMENTPENDINGCOUNT, CORALICCOUNT, FULLRETURNCOUNT, INCOMPLETEDCOUNT, TOTALREFUNDAMOUNT, PARTIALEXCHANGECOUNT, RETURNREFUNDEDCOUNT, COMPLETEDCOUNT, EXCHANGENOTSHIPPEDCOUNT, LOGISTICSCONFIRMEDCOUNT, RETURNNOTREFUNDEDCOUNT, FULLEXCHANGECOUNT, EXCHANGESHIPPEDCOUNT, DELAYEDCOUNT, AVGREFUNDAMOUNT, PARTIALRETURNCOUNT, TODAYCOUNT, TOTALCOUNT]
2025-07-09 10:16:47.284 [http-nio-8080-exec-5] WARN  c.w.c.controller.ExchangeController - ⚠️ 키를 찾을 수 없음 - key: renomaCount, 사용 가능한 키들: [LOGISTICSPENDINGCOUNT, PAYMENTCOMPLETEDCOUNT, COLLECTIONPENDINGCOUNT, COLLECTIONCOMPLETEDCOUNT, OVERDUETENDAYSCOUNT, RENOMACOUNT, PAYMENTPENDINGCOUNT, CORALICCOUNT, FULLRETURNCOUNT, INCOMPLETEDCOUNT, TOTALREFUNDAMOUNT, PARTIALEXCHANGECOUNT, RETURNREFUNDEDCOUNT, COMPLETEDCOUNT, EXCHANGENOTSHIPPEDCOUNT, LOGISTICSCONFIRMEDCOUNT, RETURNNOTREFUNDEDCOUNT, FULLEXCHANGECOUNT, EXCHANGESHIPPEDCOUNT, DELAYEDCOUNT, AVGREFUNDAMOUNT, PARTIALRETURNCOUNT, TODAYCOUNT, TOTALCOUNT]
2025-07-09 10:16:47.284 [http-nio-8080-exec-5] WARN  c.w.c.controller.ExchangeController - ⚠️ 키를 찾을 수 없음 - key: coralicCount, 사용 가능한 키들: [LOGISTICSPENDINGCOUNT, PAYMENTCOMPLETEDCOUNT, COLLECTIONPENDINGCOUNT, COLLECTIONCOMPLETEDCOUNT, OVERDUETENDAYSCOUNT, RENOMACOUNT, PAYMENTPENDINGCOUNT, CORALICCOUNT, FULLRETURNCOUNT, INCOMPLETEDCOUNT, TOTALREFUNDAMOUNT, PARTIALEXCHANGECOUNT, RETURNREFUNDEDCOUNT, COMPLETEDCOUNT, EXCHANGENOTSHIPPEDCOUNT, LOGISTICSCONFIRMEDCOUNT, RETURNNOTREFUNDEDCOUNT, FULLEXCHANGECOUNT, EXCHANGESHIPPEDCOUNT, DELAYEDCOUNT, AVGREFUNDAMOUNT, PARTIALRETURNCOUNT, TODAYCOUNT, TOTALCOUNT]
2025-07-09 10:16:47.284 [http-nio-8080-exec-5] WARN  c.w.c.controller.ExchangeController - ⚠️ 키를 찾을 수 없음 - key: totalRefundAmount, 사용 가능한 키들: [LOGISTICSPENDINGCOUNT, PAYMENTCOMPLETEDCOUNT, COLLECTIONPENDINGCOUNT, COLLECTIONCOMPLETEDCOUNT, OVERDUETENDAYSCOUNT, RENOMACOUNT, PAYMENTPENDINGCOUNT, CORALICCOUNT, FULLRETURNCOUNT, INCOMPLETEDCOUNT, TOTALREFUNDAMOUNT, PARTIALEXCHANGECOUNT, RETURNREFUNDEDCOUNT, COMPLETEDCOUNT, EXCHANGENOTSHIPPEDCOUNT, LOGISTICSCONFIRMEDCOUNT, RETURNNOTREFUNDEDCOUNT, FULLEXCHANGECOUNT, EXCHANGESHIPPEDCOUNT, DELAYEDCOUNT, AVGREFUNDAMOUNT, PARTIALRETURNCOUNT, TODAYCOUNT, TOTALCOUNT]
2025-07-09 10:16:47.284 [http-nio-8080-exec-5] WARN  c.w.c.controller.ExchangeController - ⚠️ 키를 찾을 수 없음 - key: avgRefundAmount, 사용 가능한 키들: [LOGISTICSPENDINGCOUNT, PAYMENTCOMPLETEDCOUNT, COLLECTIONPENDINGCOUNT, COLLECTIONCOMPLETEDCOUNT, OVERDUETENDAYSCOUNT, RENOMACOUNT, PAYMENTPENDINGCOUNT, CORALICCOUNT, FULLRETURNCOUNT, INCOMPLETEDCOUNT, TOTALREFUNDAMOUNT, PARTIALEXCHANGECOUNT, RETURNREFUNDEDCOUNT, COMPLETEDCOUNT, EXCHANGENOTSHIPPEDCOUNT, LOGISTICSCONFIRMEDCOUNT, RETURNNOTREFUNDEDCOUNT, FULLEXCHANGECOUNT, EXCHANGESHIPPEDCOUNT, DELAYEDCOUNT, AVGREFUNDAMOUNT, PARTIALRETURNCOUNT, TODAYCOUNT, TOTALCOUNT]
2025-07-09 10:16:47.284 [http-nio-8080-exec-5] WARN  c.w.c.controller.ExchangeController - ⚠️ 키를 찾을 수 없음 - key: todayCount, 사용 가능한 키들: [LOGISTICSPENDINGCOUNT, PAYMENTCOMPLETEDCOUNT, COLLECTIONPENDINGCOUNT, COLLECTIONCOMPLETEDCOUNT, OVERDUETENDAYSCOUNT, RENOMACOUNT, PAYMENTPENDINGCOUNT, CORALICCOUNT, FULLRETURNCOUNT, INCOMPLETEDCOUNT, TOTALREFUNDAMOUNT, PARTIALEXCHANGECOUNT, RETURNREFUNDEDCOUNT, COMPLETEDCOUNT, EXCHANGENOTSHIPPEDCOUNT, LOGISTICSCONFIRMEDCOUNT, RETURNNOTREFUNDEDCOUNT, FULLEXCHANGECOUNT, EXCHANGESHIPPEDCOUNT, DELAYEDCOUNT, AVGREFUNDAMOUNT, PARTIALRETURNCOUNT, TODAYCOUNT, TOTALCOUNT]
2025-07-09 10:16:47.284 [http-nio-8080-exec-5] DEBUG org.mybatis.spring.SqlSessionUtils - Creating a new SqlSession
2025-07-09 10:16:47.284 [http-nio-8080-exec-5] DEBUG org.mybatis.spring.SqlSessionUtils - SqlSession [org.apache.ibatis.session.defaults.DefaultSqlSession@4281cc89] was not registered for synchronization because synchronization is not active
2025-07-09 10:16:47.284 [http-nio-8080-exec-5] DEBUG o.m.s.t.SpringManagedTransaction - JDBC Connection [HikariProxyConnection@2015683982 wrapping oracle.jdbc.driver.T4CConnection@6a64b0a] will not be managed by Spring
2025-07-09 10:16:47.288 [http-nio-8080-exec-5] DEBUG org.mybatis.spring.SqlSessionUtils - Closing non transactional SqlSession [org.apache.ibatis.session.defaults.DefaultSqlSession@4281cc89]
2025-07-09 10:16:47.288 [http-nio-8080-exec-5] DEBUG org.mybatis.spring.SqlSessionUtils - Creating a new SqlSession
2025-07-09 10:16:47.288 [http-nio-8080-exec-5] DEBUG org.mybatis.spring.SqlSessionUtils - SqlSession [org.apache.ibatis.session.defaults.DefaultSqlSession@5d757a7f] was not registered for synchronization because synchronization is not active
2025-07-09 10:16:47.288 [http-nio-8080-exec-5] DEBUG o.m.s.t.SpringManagedTransaction - JDBC Connection [HikariProxyConnection@1554573289 wrapping oracle.jdbc.driver.T4CConnection@6a64b0a] will not be managed by Spring
2025-07-09 10:16:47.292 [http-nio-8080-exec-5] DEBUG org.mybatis.spring.SqlSessionUtils - Closing non transactional SqlSession [org.apache.ibatis.session.defaults.DefaultSqlSession@5d757a7f]
2025-07-09 10:16:48.539 [http-nio-8080-exec-3] INFO  c.w.c.controller.ExchangeController - 🚀 카드 통계 조회 시작 - 검색 조건: keyword=, startDate=, endDate=
2025-07-09 10:16:48.539 [http-nio-8080-exec-3] INFO  c.w.c.controller.ExchangeController - 📊 검색 조건 여부: false | 조건 개수: 0
2025-07-09 10:16:48.539 [http-nio-8080-exec-3] INFO  c.w.c.controller.ExchangeController - 📊 전체 데이터 통계 조회
2025-07-09 10:16:48.546 [http-nio-8080-exec-3] DEBUG org.mybatis.spring.SqlSessionUtils - Creating a new SqlSession
2025-07-09 10:16:48.546 [http-nio-8080-exec-3] DEBUG org.mybatis.spring.SqlSessionUtils - Registering transaction synchronization for SqlSession [org.apache.ibatis.session.defaults.DefaultSqlSession@4ff42299]
2025-07-09 10:16:48.546 [http-nio-8080-exec-3] DEBUG o.m.s.t.SpringManagedTransaction - JDBC Connection [HikariProxyConnection@290364911 wrapping oracle.jdbc.driver.T4CConnection@17dab9d9] will be managed by Spring
2025-07-09 10:16:48.590 [http-nio-8080-exec-3] DEBUG org.mybatis.spring.SqlSessionUtils - Releasing transactional SqlSession [org.apache.ibatis.session.defaults.DefaultSqlSession@4ff42299]
2025-07-09 10:16:48.590 [http-nio-8080-exec-3] INFO  c.w.c.s.impl.ReturnItemServiceImpl - 🚀 통합 통계 조회 완료 - 소요시간: 44ms, 결과: {LOGISTICSPENDINGCOUNT=278, PAYMENTCOMPLETEDCOUNT=0, COLLECTIONPENDINGCOUNT=159, COLLECTIONCOMPLETEDCOUNT=349, OVERDUETENDAYSCOUNT=288, RENOMACOUNT=1104, PAYMENTPENDINGCOUNT=1, CORALICCOUNT=3501, FULLRETURNCOUNT=3659, INCOMPLETEDCOUNT=508, TOTALREFUNDAMOUNT=155343134, PARTIALEXCHANGECOUNT=0, RETURNREFUNDEDCOUNT=69, COMPLETEDCOUNT=4097, EXCHANGENOTSHIPPEDCOUNT=8, LOGISTICSCONFIRMEDCOUNT=230, RETURNNOTREFUNDEDCOUNT=412, FULLEXCHANGECOUNT=447, EXCHANGESHIPPEDCOUNT=19, DELAYEDCOUNT=429, AVGREFUNDAMOUNT=33734, PARTIALRETURNCOUNT=499, TODAYCOUNT=0, TOTALCOUNT=4605}
2025-07-09 10:16:48.590 [http-nio-8080-exec-3] DEBUG org.mybatis.spring.SqlSessionUtils - Transaction synchronization committing SqlSession [org.apache.ibatis.session.defaults.DefaultSqlSession@4ff42299]
2025-07-09 10:16:48.590 [http-nio-8080-exec-3] DEBUG org.mybatis.spring.SqlSessionUtils - Transaction synchronization deregistering SqlSession [org.apache.ibatis.session.defaults.DefaultSqlSession@4ff42299]
2025-07-09 10:16:48.590 [http-nio-8080-exec-3] DEBUG org.mybatis.spring.SqlSessionUtils - Transaction synchronization closing SqlSession [org.apache.ibatis.session.defaults.DefaultSqlSession@4ff42299]
2025-07-09 10:16:48.605 [http-nio-8080-exec-3] INFO  c.w.c.s.impl.ReturnItemServiceImpl - 🚨 10일 경과 미완료 건수: 288
2025-07-09 10:16:48.610 [http-nio-8080-exec-3] INFO  c.w.c.controller.ExchangeController - 🚨 카드 통계 (전체) - 처리기간 임박 결과: 288 건
2025-07-09 10:16:48.610 [http-nio-8080-exec-3] INFO  c.w.c.controller.ExchangeController - ✅ 카드 통계 조회 완료 - 소요시간: 71ms
2025-07-09 10:16:51.355 [http-nio-8080-exec-4] INFO  c.w.c.controller.ExchangeController - 🚀 카드 통계 조회 시작 - 검색 조건: keyword=, startDate=, endDate=
2025-07-09 10:16:51.356 [http-nio-8080-exec-4] INFO  c.w.c.controller.ExchangeController - 📊 검색 조건 여부: false | 조건 개수: 0
2025-07-09 10:16:51.356 [http-nio-8080-exec-4] INFO  c.w.c.controller.ExchangeController - 📊 전체 데이터 통계 조회
2025-07-09 10:16:51.363 [http-nio-8080-exec-4] DEBUG org.mybatis.spring.SqlSessionUtils - Creating a new SqlSession
2025-07-09 10:16:51.363 [http-nio-8080-exec-4] DEBUG org.mybatis.spring.SqlSessionUtils - Registering transaction synchronization for SqlSession [org.apache.ibatis.session.defaults.DefaultSqlSession@5a4e2890]
2025-07-09 10:16:51.363 [http-nio-8080-exec-4] DEBUG o.m.s.t.SpringManagedTransaction - JDBC Connection [HikariProxyConnection@1809156563 wrapping oracle.jdbc.driver.T4CConnection@6a64b0a] will be managed by Spring
2025-07-09 10:16:51.380 [http-nio-8080-exec-4] DEBUG org.mybatis.spring.SqlSessionUtils - Releasing transactional SqlSession [org.apache.ibatis.session.defaults.DefaultSqlSession@5a4e2890]
2025-07-09 10:16:51.381 [http-nio-8080-exec-4] INFO  c.w.c.s.impl.ReturnItemServiceImpl - 🚀 통합 통계 조회 완료 - 소요시간: 18ms, 결과: {LOGISTICSPENDINGCOUNT=278, PAYMENTCOMPLETEDCOUNT=0, COLLECTIONPENDINGCOUNT=159, COLLECTIONCOMPLETEDCOUNT=349, OVERDUETENDAYSCOUNT=288, RENOMACOUNT=1104, PAYMENTPENDINGCOUNT=1, CORALICCOUNT=3501, FULLRETURNCOUNT=3659, INCOMPLETEDCOUNT=508, TOTALREFUNDAMOUNT=155343134, PARTIALEXCHANGECOUNT=0, RETURNREFUNDEDCOUNT=69, COMPLETEDCOUNT=4097, EXCHANGENOTSHIPPEDCOUNT=8, LOGISTICSCONFIRMEDCOUNT=230, RETURNNOTREFUNDEDCOUNT=412, FULLEXCHANGECOUNT=447, EXCHANGESHIPPEDCOUNT=19, DELAYEDCOUNT=429, AVGREFUNDAMOUNT=33734, PARTIALRETURNCOUNT=499, TODAYCOUNT=0, TOTALCOUNT=4605}
2025-07-09 10:16:51.381 [http-nio-8080-exec-4] DEBUG org.mybatis.spring.SqlSessionUtils - Transaction synchronization committing SqlSession [org.apache.ibatis.session.defaults.DefaultSqlSession@5a4e2890]
2025-07-09 10:16:51.381 [http-nio-8080-exec-4] DEBUG org.mybatis.spring.SqlSessionUtils - Transaction synchronization deregistering SqlSession [org.apache.ibatis.session.defaults.DefaultSqlSession@5a4e2890]
2025-07-09 10:16:51.381 [http-nio-8080-exec-4] DEBUG org.mybatis.spring.SqlSessionUtils - Transaction synchronization closing SqlSession [org.apache.ibatis.session.defaults.DefaultSqlSession@5a4e2890]
2025-07-09 10:16:51.389 [http-nio-8080-exec-4] INFO  c.w.c.s.impl.ReturnItemServiceImpl - 🚨 10일 경과 미완료 건수: 288
2025-07-09 10:16:51.393 [http-nio-8080-exec-4] INFO  c.w.c.controller.ExchangeController - 🚨 카드 통계 (전체) - 처리기간 임박 결과: 288 건
2025-07-09 10:16:51.393 [http-nio-8080-exec-4] INFO  c.w.c.controller.ExchangeController - ✅ 카드 통계 조회 완료 - 소요시간: 37ms
2025-07-09 10:16:52.198 [http-nio-8080-exec-9] INFO  c.w.c.controller.ExchangeController - 🚀 카드 통계 조회 시작 - 검색 조건: keyword=, startDate=, endDate=
2025-07-09 10:16:52.199 [http-nio-8080-exec-9] INFO  c.w.c.controller.ExchangeController - 📊 검색 조건 여부: false | 조건 개수: 0
2025-07-09 10:16:52.199 [http-nio-8080-exec-9] INFO  c.w.c.controller.ExchangeController - 📊 전체 데이터 통계 조회
2025-07-09 10:16:52.204 [http-nio-8080-exec-9] DEBUG org.mybatis.spring.SqlSessionUtils - Creating a new SqlSession
2025-07-09 10:16:52.204 [http-nio-8080-exec-9] DEBUG org.mybatis.spring.SqlSessionUtils - Registering transaction synchronization for SqlSession [org.apache.ibatis.session.defaults.DefaultSqlSession@409343f9]
2025-07-09 10:16:52.204 [http-nio-8080-exec-9] DEBUG o.m.s.t.SpringManagedTransaction - JDBC Connection [HikariProxyConnection@294809754 wrapping oracle.jdbc.driver.T4CConnection@6a64b0a] will be managed by Spring
2025-07-09 10:16:52.221 [http-nio-8080-exec-9] DEBUG org.mybatis.spring.SqlSessionUtils - Releasing transactional SqlSession [org.apache.ibatis.session.defaults.DefaultSqlSession@409343f9]
2025-07-09 10:16:52.221 [http-nio-8080-exec-9] INFO  c.w.c.s.impl.ReturnItemServiceImpl - 🚀 통합 통계 조회 완료 - 소요시간: 17ms, 결과: {LOGISTICSPENDINGCOUNT=278, PAYMENTCOMPLETEDCOUNT=0, COLLECTIONPENDINGCOUNT=159, COLLECTIONCOMPLETEDCOUNT=349, OVERDUETENDAYSCOUNT=288, RENOMACOUNT=1104, PAYMENTPENDINGCOUNT=1, CORALICCOUNT=3501, FULLRETURNCOUNT=3659, INCOMPLETEDCOUNT=508, TOTALREFUNDAMOUNT=155343134, PARTIALEXCHANGECOUNT=0, RETURNREFUNDEDCOUNT=69, COMPLETEDCOUNT=4097, EXCHANGENOTSHIPPEDCOUNT=8, LOGISTICSCONFIRMEDCOUNT=230, RETURNNOTREFUNDEDCOUNT=412, FULLEXCHANGECOUNT=447, EXCHANGESHIPPEDCOUNT=19, DELAYEDCOUNT=429, AVGREFUNDAMOUNT=33734, PARTIALRETURNCOUNT=499, TODAYCOUNT=0, TOTALCOUNT=4605}
2025-07-09 10:16:52.221 [http-nio-8080-exec-9] DEBUG org.mybatis.spring.SqlSessionUtils - Transaction synchronization committing SqlSession [org.apache.ibatis.session.defaults.DefaultSqlSession@409343f9]
2025-07-09 10:16:52.221 [http-nio-8080-exec-9] DEBUG org.mybatis.spring.SqlSessionUtils - Transaction synchronization deregistering SqlSession [org.apache.ibatis.session.defaults.DefaultSqlSession@409343f9]
2025-07-09 10:16:52.221 [http-nio-8080-exec-9] DEBUG org.mybatis.spring.SqlSessionUtils - Transaction synchronization closing SqlSession [org.apache.ibatis.session.defaults.DefaultSqlSession@409343f9]
2025-07-09 10:16:52.229 [http-nio-8080-exec-9] INFO  c.w.c.s.impl.ReturnItemServiceImpl - 🚨 10일 경과 미완료 건수: 288
2025-07-09 10:16:52.233 [http-nio-8080-exec-9] INFO  c.w.c.controller.ExchangeController - 🚨 카드 통계 (전체) - 처리기간 임박 결과: 288 건
2025-07-09 10:16:52.233 [http-nio-8080-exec-9] INFO  c.w.c.controller.ExchangeController - ✅ 카드 통계 조회 완료 - 소요시간: 34ms
2025-07-09 10:16:52.899 [http-nio-8080-exec-7] INFO  c.w.c.controller.ExchangeController - 📅 일괄 날짜 업데이트 요청 - 대상 건수: 2
2025-07-09 10:16:52.900 [http-nio-8080-exec-7] INFO  c.w.c.controller.ExchangeController - 📝 날짜 수정자: test
2025-07-09 10:16:52.909 [http-nio-8080-exec-7] INFO  c.w.c.s.impl.ReturnItemServiceImpl - 📅 일괄 날짜 업데이트 시작 - 대상 건수: 2
2025-07-09 10:16:52.934 [http-nio-8080-exec-7] INFO  c.w.c.s.impl.ReturnItemServiceImpl - ✅ 날짜 업데이트 성공: ID=4607
2025-07-09 10:16:52.942 [http-nio-8080-exec-7] INFO  c.w.c.s.impl.ReturnItemServiceImpl - ✅ 날짜 업데이트 성공: ID=4606
2025-07-09 10:16:52.942 [http-nio-8080-exec-7] INFO  c.w.c.s.impl.ReturnItemServiceImpl - 📅 일괄 날짜 업데이트 완료: 성공 2/2건
2025-07-09 10:16:52.975 [http-nio-8080-exec-7] INFO  c.w.c.controller.ExchangeController - ✅ 일괄 날짜 업데이트 성공 - 업데이트된 건수: 2/2, 수정자: test
2025-07-09 10:16:54.612 [http-nio-8080-exec-10] INFO  c.w.c.controller.ExchangeController - 🚀 카드 통계 조회 시작 - 검색 조건: keyword=, startDate=, endDate=
2025-07-09 10:16:54.612 [http-nio-8080-exec-10] INFO  c.w.c.controller.ExchangeController - 📊 검색 조건 여부: false | 조건 개수: 0
2025-07-09 10:16:54.613 [http-nio-8080-exec-10] INFO  c.w.c.controller.ExchangeController - 📊 전체 데이터 통계 조회
2025-07-09 10:16:54.621 [http-nio-8080-exec-10] DEBUG org.mybatis.spring.SqlSessionUtils - Creating a new SqlSession
2025-07-09 10:16:54.621 [http-nio-8080-exec-10] DEBUG org.mybatis.spring.SqlSessionUtils - Registering transaction synchronization for SqlSession [org.apache.ibatis.session.defaults.DefaultSqlSession@6a2a8544]
2025-07-09 10:16:54.621 [http-nio-8080-exec-10] DEBUG o.m.s.t.SpringManagedTransaction - JDBC Connection [HikariProxyConnection@957858760 wrapping oracle.jdbc.driver.T4CConnection@5ddb8c57] will be managed by Spring
2025-07-09 10:16:54.666 [http-nio-8080-exec-10] DEBUG org.mybatis.spring.SqlSessionUtils - Releasing transactional SqlSession [org.apache.ibatis.session.defaults.DefaultSqlSession@6a2a8544]
2025-07-09 10:16:54.666 [http-nio-8080-exec-10] INFO  c.w.c.s.impl.ReturnItemServiceImpl - 🚀 통합 통계 조회 완료 - 소요시간: 45ms, 결과: {LOGISTICSPENDINGCOUNT=280, PAYMENTCOMPLETEDCOUNT=0, COLLECTIONPENDINGCOUNT=159, COLLECTIONCOMPLETEDCOUNT=349, OVERDUETENDAYSCOUNT=288, RENOMACOUNT=1104, PAYMENTPENDINGCOUNT=1, CORALICCOUNT=3501, FULLRETURNCOUNT=3659, INCOMPLETEDCOUNT=508, TOTALREFUNDAMOUNT=155343134, PARTIALEXCHANGECOUNT=0, RETURNREFUNDEDCOUNT=69, COMPLETEDCOUNT=4097, EXCHANGENOTSHIPPEDCOUNT=8, LOGISTICSCONFIRMEDCOUNT=228, RETURNNOTREFUNDEDCOUNT=412, FULLEXCHANGECOUNT=447, EXCHANGESHIPPEDCOUNT=19, DELAYEDCOUNT=429, AVGREFUNDAMOUNT=33734, PARTIALRETURNCOUNT=499, TODAYCOUNT=0, TOTALCOUNT=4605}
2025-07-09 10:16:54.666 [http-nio-8080-exec-10] DEBUG org.mybatis.spring.SqlSessionUtils - Transaction synchronization committing SqlSession [org.apache.ibatis.session.defaults.DefaultSqlSession@6a2a8544]
2025-07-09 10:16:54.666 [http-nio-8080-exec-10] DEBUG org.mybatis.spring.SqlSessionUtils - Transaction synchronization deregistering SqlSession [org.apache.ibatis.session.defaults.DefaultSqlSession@6a2a8544]
2025-07-09 10:16:54.666 [http-nio-8080-exec-10] DEBUG org.mybatis.spring.SqlSessionUtils - Transaction synchronization closing SqlSession [org.apache.ibatis.session.defaults.DefaultSqlSession@6a2a8544]
2025-07-09 10:16:54.680 [http-nio-8080-exec-10] INFO  c.w.c.s.impl.ReturnItemServiceImpl - 🚨 10일 경과 미완료 건수: 288
2025-07-09 10:16:54.686 [http-nio-8080-exec-10] INFO  c.w.c.controller.ExchangeController - 🚨 카드 통계 (전체) - 처리기간 임박 결과: 288 건
2025-07-09 10:16:54.686 [http-nio-8080-exec-10] INFO  c.w.c.controller.ExchangeController - ✅ 카드 통계 조회 완료 - 소요시간: 74ms
2025-07-09 10:16:58.652 [http-nio-8080-exec-1] INFO  c.w.c.controller.ExchangeController - 교환/반품 목록 조회 - 검색조건: ReturnItemSearchDTO(keyword=null, startDate=null, endDate=null, returnTypeCode=null, returnStatusCode=null, siteName=null, paymentStatus=null, brandFilter=null, page=0, size=20, sortBy=id, sortDir=DESC), 필터: null
2025-07-09 10:16:58.657 [http-nio-8080-exec-1] INFO  c.w.c.s.impl.ReturnItemServiceImpl - 📋 Oracle 11g 호환 전체 목록 조회 - page: 0, size: 20
2025-07-09 10:16:58.658 [http-nio-8080-exec-1] INFO  c.w.c.s.impl.ReturnItemServiceImpl - 🔢 페이징 파라미터 - startRow: 0, endRow: 20
2025-07-09 10:16:58.692 [http-nio-8080-exec-1] INFO  c.w.c.s.impl.ReturnItemServiceImpl - ✅ 조회 결과 - items: 20, totalCount: 4605
2025-07-09 10:16:58.697 [http-nio-8080-exec-1] INFO  c.w.c.controller.ExchangeController - 📋 전체 조회 완료 - 결과 수: 4605
2025-07-09 10:16:58.697 [http-nio-8080-exec-1] INFO  c.w.c.controller.ExchangeController - 🔍 통계 조회 - 검색 조건 존재: false, 검색DTO: ReturnItemSearchDTO(keyword=null, startDate=null, endDate=null, returnTypeCode=null, returnStatusCode=null, siteName=null, paymentStatus=null, brandFilter=null, page=0, size=20, sortBy=id, sortDir=DESC)
2025-07-09 10:16:58.697 [http-nio-8080-exec-1] INFO  c.w.c.controller.ExchangeController - 📊 전체 데이터 기반 통합 통계 조회 시작
2025-07-09 10:16:58.697 [http-nio-8080-exec-1] DEBUG org.mybatis.spring.SqlSessionUtils - Creating a new SqlSession
2025-07-09 10:16:58.697 [http-nio-8080-exec-1] DEBUG org.mybatis.spring.SqlSessionUtils - Registering transaction synchronization for SqlSession [org.apache.ibatis.session.defaults.DefaultSqlSession@1f574df5]
2025-07-09 10:16:58.697 [http-nio-8080-exec-1] DEBUG o.m.s.t.SpringManagedTransaction - JDBC Connection [HikariProxyConnection@1472711544 wrapping oracle.jdbc.driver.T4CConnection@7b8dd640] will be managed by Spring
2025-07-09 10:16:58.714 [http-nio-8080-exec-1] DEBUG org.mybatis.spring.SqlSessionUtils - Releasing transactional SqlSession [org.apache.ibatis.session.defaults.DefaultSqlSession@1f574df5]
2025-07-09 10:16:58.714 [http-nio-8080-exec-1] INFO  c.w.c.s.impl.ReturnItemServiceImpl - 🚀 통합 통계 조회 완료 - 소요시간: 17ms, 결과: {LOGISTICSPENDINGCOUNT=280, PAYMENTCOMPLETEDCOUNT=0, COLLECTIONPENDINGCOUNT=159, COLLECTIONCOMPLETEDCOUNT=349, OVERDUETENDAYSCOUNT=288, RENOMACOUNT=1104, PAYMENTPENDINGCOUNT=1, CORALICCOUNT=3501, FULLRETURNCOUNT=3659, INCOMPLETEDCOUNT=508, TOTALREFUNDAMOUNT=155343134, PARTIALEXCHANGECOUNT=0, RETURNREFUNDEDCOUNT=69, COMPLETEDCOUNT=4097, EXCHANGENOTSHIPPEDCOUNT=8, LOGISTICSCONFIRMEDCOUNT=228, RETURNNOTREFUNDEDCOUNT=412, FULLEXCHANGECOUNT=447, EXCHANGESHIPPEDCOUNT=19, DELAYEDCOUNT=429, AVGREFUNDAMOUNT=33734, PARTIALRETURNCOUNT=499, TODAYCOUNT=0, TOTALCOUNT=4605}
2025-07-09 10:16:58.714 [http-nio-8080-exec-1] DEBUG org.mybatis.spring.SqlSessionUtils - Transaction synchronization committing SqlSession [org.apache.ibatis.session.defaults.DefaultSqlSession@1f574df5]
2025-07-09 10:16:58.714 [http-nio-8080-exec-1] DEBUG org.mybatis.spring.SqlSessionUtils - Transaction synchronization deregistering SqlSession [org.apache.ibatis.session.defaults.DefaultSqlSession@1f574df5]
2025-07-09 10:16:58.714 [http-nio-8080-exec-1] DEBUG org.mybatis.spring.SqlSessionUtils - Transaction synchronization closing SqlSession [org.apache.ibatis.session.defaults.DefaultSqlSession@1f574df5]
2025-07-09 10:16:58.720 [http-nio-8080-exec-1] INFO  c.w.c.controller.ExchangeController - ✅ 전체 데이터 기반 통합 통계 조회 완료
2025-07-09 10:16:58.720 [http-nio-8080-exec-1] WARN  c.w.c.controller.ExchangeController - ⚠️ 키를 찾을 수 없음 - key: collectionCompletedCount, 사용 가능한 키들: [LOGISTICSPENDINGCOUNT, PAYMENTCOMPLETEDCOUNT, COLLECTIONPENDINGCOUNT, COLLECTIONCOMPLETEDCOUNT, OVERDUETENDAYSCOUNT, RENOMACOUNT, PAYMENTPENDINGCOUNT, CORALICCOUNT, FULLRETURNCOUNT, INCOMPLETEDCOUNT, TOTALREFUNDAMOUNT, PARTIALEXCHANGECOUNT, RETURNREFUNDEDCOUNT, COMPLETEDCOUNT, EXCHANGENOTSHIPPEDCOUNT, LOGISTICSCONFIRMEDCOUNT, RETURNNOTREFUNDEDCOUNT, FULLEXCHANGECOUNT, EXCHANGESHIPPEDCOUNT, DELAYEDCOUNT, AVGREFUNDAMOUNT, PARTIALRETURNCOUNT, TODAYCOUNT, TOTALCOUNT]
2025-07-09 10:16:58.720 [http-nio-8080-exec-1] WARN  c.w.c.controller.ExchangeController - ⚠️ 키를 찾을 수 없음 - key: collectionPendingCount, 사용 가능한 키들: [LOGISTICSPENDINGCOUNT, PAYMENTCOMPLETEDCOUNT, COLLECTIONPENDINGCOUNT, COLLECTIONCOMPLETEDCOUNT, OVERDUETENDAYSCOUNT, RENOMACOUNT, PAYMENTPENDINGCOUNT, CORALICCOUNT, FULLRETURNCOUNT, INCOMPLETEDCOUNT, TOTALREFUNDAMOUNT, PARTIALEXCHANGECOUNT, RETURNREFUNDEDCOUNT, COMPLETEDCOUNT, EXCHANGENOTSHIPPEDCOUNT, LOGISTICSCONFIRMEDCOUNT, RETURNNOTREFUNDEDCOUNT, FULLEXCHANGECOUNT, EXCHANGESHIPPEDCOUNT, DELAYEDCOUNT, AVGREFUNDAMOUNT, PARTIALRETURNCOUNT, TODAYCOUNT, TOTALCOUNT]
2025-07-09 10:16:58.720 [http-nio-8080-exec-1] WARN  c.w.c.controller.ExchangeController - ⚠️ 키를 찾을 수 없음 - key: logisticsConfirmedCount, 사용 가능한 키들: [LOGISTICSPENDINGCOUNT, PAYMENTCOMPLETEDCOUNT, COLLECTIONPENDINGCOUNT, COLLECTIONCOMPLETEDCOUNT, OVERDUETENDAYSCOUNT, RENOMACOUNT, PAYMENTPENDINGCOUNT, CORALICCOUNT, FULLRETURNCOUNT, INCOMPLETEDCOUNT, TOTALREFUNDAMOUNT, PARTIALEXCHANGECOUNT, RETURNREFUNDEDCOUNT, COMPLETEDCOUNT, EXCHANGENOTSHIPPEDCOUNT, LOGISTICSCONFIRMEDCOUNT, RETURNNOTREFUNDEDCOUNT, FULLEXCHANGECOUNT, EXCHANGESHIPPEDCOUNT, DELAYEDCOUNT, AVGREFUNDAMOUNT, PARTIALRETURNCOUNT, TODAYCOUNT, TOTALCOUNT]
2025-07-09 10:16:58.720 [http-nio-8080-exec-1] WARN  c.w.c.controller.ExchangeController - ⚠️ 키를 찾을 수 없음 - key: logisticsPendingCount, 사용 가능한 키들: [LOGISTICSPENDINGCOUNT, PAYMENTCOMPLETEDCOUNT, COLLECTIONPENDINGCOUNT, COLLECTIONCOMPLETEDCOUNT, OVERDUETENDAYSCOUNT, RENOMACOUNT, PAYMENTPENDINGCOUNT, CORALICCOUNT, FULLRETURNCOUNT, INCOMPLETEDCOUNT, TOTALREFUNDAMOUNT, PARTIALEXCHANGECOUNT, RETURNREFUNDEDCOUNT, COMPLETEDCOUNT, EXCHANGENOTSHIPPEDCOUNT, LOGISTICSCONFIRMEDCOUNT, RETURNNOTREFUNDEDCOUNT, FULLEXCHANGECOUNT, EXCHANGESHIPPEDCOUNT, DELAYEDCOUNT, AVGREFUNDAMOUNT, PARTIALRETURNCOUNT, TODAYCOUNT, TOTALCOUNT]
2025-07-09 10:16:58.720 [http-nio-8080-exec-1] WARN  c.w.c.controller.ExchangeController - ⚠️ 키를 찾을 수 없음 - key: exchangeShippedCount, 사용 가능한 키들: [LOGISTICSPENDINGCOUNT, PAYMENTCOMPLETEDCOUNT, COLLECTIONPENDINGCOUNT, COLLECTIONCOMPLETEDCOUNT, OVERDUETENDAYSCOUNT, RENOMACOUNT, PAYMENTPENDINGCOUNT, CORALICCOUNT, FULLRETURNCOUNT, INCOMPLETEDCOUNT, TOTALREFUNDAMOUNT, PARTIALEXCHANGECOUNT, RETURNREFUNDEDCOUNT, COMPLETEDCOUNT, EXCHANGENOTSHIPPEDCOUNT, LOGISTICSCONFIRMEDCOUNT, RETURNNOTREFUNDEDCOUNT, FULLEXCHANGECOUNT, EXCHANGESHIPPEDCOUNT, DELAYEDCOUNT, AVGREFUNDAMOUNT, PARTIALRETURNCOUNT, TODAYCOUNT, TOTALCOUNT]
2025-07-09 10:16:58.720 [http-nio-8080-exec-1] WARN  c.w.c.controller.ExchangeController - ⚠️ 키를 찾을 수 없음 - key: exchangeNotShippedCount, 사용 가능한 키들: [LOGISTICSPENDINGCOUNT, PAYMENTCOMPLETEDCOUNT, COLLECTIONPENDINGCOUNT, COLLECTIONCOMPLETEDCOUNT, OVERDUETENDAYSCOUNT, RENOMACOUNT, PAYMENTPENDINGCOUNT, CORALICCOUNT, FULLRETURNCOUNT, INCOMPLETEDCOUNT, TOTALREFUNDAMOUNT, PARTIALEXCHANGECOUNT, RETURNREFUNDEDCOUNT, COMPLETEDCOUNT, EXCHANGENOTSHIPPEDCOUNT, LOGISTICSCONFIRMEDCOUNT, RETURNNOTREFUNDEDCOUNT, FULLEXCHANGECOUNT, EXCHANGESHIPPEDCOUNT, DELAYEDCOUNT, AVGREFUNDAMOUNT, PARTIALRETURNCOUNT, TODAYCOUNT, TOTALCOUNT]
2025-07-09 10:16:58.720 [http-nio-8080-exec-1] WARN  c.w.c.controller.ExchangeController - ⚠️ 키를 찾을 수 없음 - key: returnRefundedCount, 사용 가능한 키들: [LOGISTICSPENDINGCOUNT, PAYMENTCOMPLETEDCOUNT, COLLECTIONPENDINGCOUNT, COLLECTIONCOMPLETEDCOUNT, OVERDUETENDAYSCOUNT, RENOMACOUNT, PAYMENTPENDINGCOUNT, CORALICCOUNT, FULLRETURNCOUNT, INCOMPLETEDCOUNT, TOTALREFUNDAMOUNT, PARTIALEXCHANGECOUNT, RETURNREFUNDEDCOUNT, COMPLETEDCOUNT, EXCHANGENOTSHIPPEDCOUNT, LOGISTICSCONFIRMEDCOUNT, RETURNNOTREFUNDEDCOUNT, FULLEXCHANGECOUNT, EXCHANGESHIPPEDCOUNT, DELAYEDCOUNT, AVGREFUNDAMOUNT, PARTIALRETURNCOUNT, TODAYCOUNT, TOTALCOUNT]
2025-07-09 10:16:58.720 [http-nio-8080-exec-1] WARN  c.w.c.controller.ExchangeController - ⚠️ 키를 찾을 수 없음 - key: returnNotRefundedCount, 사용 가능한 키들: [LOGISTICSPENDINGCOUNT, PAYMENTCOMPLETEDCOUNT, COLLECTIONPENDINGCOUNT, COLLECTIONCOMPLETEDCOUNT, OVERDUETENDAYSCOUNT, RENOMACOUNT, PAYMENTPENDINGCOUNT, CORALICCOUNT, FULLRETURNCOUNT, INCOMPLETEDCOUNT, TOTALREFUNDAMOUNT, PARTIALEXCHANGECOUNT, RETURNREFUNDEDCOUNT, COMPLETEDCOUNT, EXCHANGENOTSHIPPEDCOUNT, LOGISTICSCONFIRMEDCOUNT, RETURNNOTREFUNDEDCOUNT, FULLEXCHANGECOUNT, EXCHANGESHIPPEDCOUNT, DELAYEDCOUNT, AVGREFUNDAMOUNT, PARTIALRETURNCOUNT, TODAYCOUNT, TOTALCOUNT]
2025-07-09 10:16:58.720 [http-nio-8080-exec-1] WARN  c.w.c.controller.ExchangeController - ⚠️ 키를 찾을 수 없음 - key: paymentCompletedCount, 사용 가능한 키들: [LOGISTICSPENDINGCOUNT, PAYMENTCOMPLETEDCOUNT, COLLECTIONPENDINGCOUNT, COLLECTIONCOMPLETEDCOUNT, OVERDUETENDAYSCOUNT, RENOMACOUNT, PAYMENTPENDINGCOUNT, CORALICCOUNT, FULLRETURNCOUNT, INCOMPLETEDCOUNT, TOTALREFUNDAMOUNT, PARTIALEXCHANGECOUNT, RETURNREFUNDEDCOUNT, COMPLETEDCOUNT, EXCHANGENOTSHIPPEDCOUNT, LOGISTICSCONFIRMEDCOUNT, RETURNNOTREFUNDEDCOUNT, FULLEXCHANGECOUNT, EXCHANGESHIPPEDCOUNT, DELAYEDCOUNT, AVGREFUNDAMOUNT, PARTIALRETURNCOUNT, TODAYCOUNT, TOTALCOUNT]
2025-07-09 10:16:58.720 [http-nio-8080-exec-1] WARN  c.w.c.controller.ExchangeController - ⚠️ 키를 찾을 수 없음 - key: paymentPendingCount, 사용 가능한 키들: [LOGISTICSPENDINGCOUNT, PAYMENTCOMPLETEDCOUNT, COLLECTIONPENDINGCOUNT, COLLECTIONCOMPLETEDCOUNT, OVERDUETENDAYSCOUNT, RENOMACOUNT, PAYMENTPENDINGCOUNT, CORALICCOUNT, FULLRETURNCOUNT, INCOMPLETEDCOUNT, TOTALREFUNDAMOUNT, PARTIALEXCHANGECOUNT, RETURNREFUNDEDCOUNT, COMPLETEDCOUNT, EXCHANGENOTSHIPPEDCOUNT, LOGISTICSCONFIRMEDCOUNT, RETURNNOTREFUNDEDCOUNT, FULLEXCHANGECOUNT, EXCHANGESHIPPEDCOUNT, DELAYEDCOUNT, AVGREFUNDAMOUNT, PARTIALRETURNCOUNT, TODAYCOUNT, TOTALCOUNT]
2025-07-09 10:16:58.720 [http-nio-8080-exec-1] WARN  c.w.c.controller.ExchangeController - ⚠️ 키를 찾을 수 없음 - key: completedCount, 사용 가능한 키들: [LOGISTICSPENDINGCOUNT, PAYMENTCOMPLETEDCOUNT, COLLECTIONPENDINGCOUNT, COLLECTIONCOMPLETEDCOUNT, OVERDUETENDAYSCOUNT, RENOMACOUNT, PAYMENTPENDINGCOUNT, CORALICCOUNT, FULLRETURNCOUNT, INCOMPLETEDCOUNT, TOTALREFUNDAMOUNT, PARTIALEXCHANGECOUNT, RETURNREFUNDEDCOUNT, COMPLETEDCOUNT, EXCHANGENOTSHIPPEDCOUNT, LOGISTICSCONFIRMEDCOUNT, RETURNNOTREFUNDEDCOUNT, FULLEXCHANGECOUNT, EXCHANGESHIPPEDCOUNT, DELAYEDCOUNT, AVGREFUNDAMOUNT, PARTIALRETURNCOUNT, TODAYCOUNT, TOTALCOUNT]
2025-07-09 10:16:58.720 [http-nio-8080-exec-1] WARN  c.w.c.controller.ExchangeController - ⚠️ 키를 찾을 수 없음 - key: incompletedCount, 사용 가능한 키들: [LOGISTICSPENDINGCOUNT, PAYMENTCOMPLETEDCOUNT, COLLECTIONPENDINGCOUNT, COLLECTIONCOMPLETEDCOUNT, OVERDUETENDAYSCOUNT, RENOMACOUNT, PAYMENTPENDINGCOUNT, CORALICCOUNT, FULLRETURNCOUNT, INCOMPLETEDCOUNT, TOTALREFUNDAMOUNT, PARTIALEXCHANGECOUNT, RETURNREFUNDEDCOUNT, COMPLETEDCOUNT, EXCHANGENOTSHIPPEDCOUNT, LOGISTICSCONFIRMEDCOUNT, RETURNNOTREFUNDEDCOUNT, FULLEXCHANGECOUNT, EXCHANGESHIPPEDCOUNT, DELAYEDCOUNT, AVGREFUNDAMOUNT, PARTIALRETURNCOUNT, TODAYCOUNT, TOTALCOUNT]
2025-07-09 10:16:58.728 [http-nio-8080-exec-1] INFO  c.w.c.s.impl.ReturnItemServiceImpl - 🚨 10일 경과 미완료 건수: 288
2025-07-09 10:16:58.749 [http-nio-8080-exec-1] INFO  c.w.c.controller.ExchangeController - 🚨 처리기간 임박 건수 조회 완료: 288 건
2025-07-09 10:16:58.749 [http-nio-8080-exec-1] WARN  c.w.c.controller.ExchangeController - ⚠️ 키를 찾을 수 없음 - key: fullExchangeCount, 사용 가능한 키들: [LOGISTICSPENDINGCOUNT, PAYMENTCOMPLETEDCOUNT, COLLECTIONPENDINGCOUNT, COLLECTIONCOMPLETEDCOUNT, OVERDUETENDAYSCOUNT, RENOMACOUNT, PAYMENTPENDINGCOUNT, CORALICCOUNT, FULLRETURNCOUNT, INCOMPLETEDCOUNT, TOTALREFUNDAMOUNT, PARTIALEXCHANGECOUNT, RETURNREFUNDEDCOUNT, COMPLETEDCOUNT, EXCHANGENOTSHIPPEDCOUNT, LOGISTICSCONFIRMEDCOUNT, RETURNNOTREFUNDEDCOUNT, FULLEXCHANGECOUNT, EXCHANGESHIPPEDCOUNT, DELAYEDCOUNT, AVGREFUNDAMOUNT, PARTIALRETURNCOUNT, TODAYCOUNT, TOTALCOUNT]
2025-07-09 10:16:58.749 [http-nio-8080-exec-1] WARN  c.w.c.controller.ExchangeController - ⚠️ 키를 찾을 수 없음 - key: partialExchangeCount, 사용 가능한 키들: [LOGISTICSPENDINGCOUNT, PAYMENTCOMPLETEDCOUNT, COLLECTIONPENDINGCOUNT, COLLECTIONCOMPLETEDCOUNT, OVERDUETENDAYSCOUNT, RENOMACOUNT, PAYMENTPENDINGCOUNT, CORALICCOUNT, FULLRETURNCOUNT, INCOMPLETEDCOUNT, TOTALREFUNDAMOUNT, PARTIALEXCHANGECOUNT, RETURNREFUNDEDCOUNT, COMPLETEDCOUNT, EXCHANGENOTSHIPPEDCOUNT, LOGISTICSCONFIRMEDCOUNT, RETURNNOTREFUNDEDCOUNT, FULLEXCHANGECOUNT, EXCHANGESHIPPEDCOUNT, DELAYEDCOUNT, AVGREFUNDAMOUNT, PARTIALRETURNCOUNT, TODAYCOUNT, TOTALCOUNT]
2025-07-09 10:16:58.749 [http-nio-8080-exec-1] WARN  c.w.c.controller.ExchangeController - ⚠️ 키를 찾을 수 없음 - key: fullReturnCount, 사용 가능한 키들: [LOGISTICSPENDINGCOUNT, PAYMENTCOMPLETEDCOUNT, COLLECTIONPENDINGCOUNT, COLLECTIONCOMPLETEDCOUNT, OVERDUETENDAYSCOUNT, RENOMACOUNT, PAYMENTPENDINGCOUNT, CORALICCOUNT, FULLRETURNCOUNT, INCOMPLETEDCOUNT, TOTALREFUNDAMOUNT, PARTIALEXCHANGECOUNT, RETURNREFUNDEDCOUNT, COMPLETEDCOUNT, EXCHANGENOTSHIPPEDCOUNT, LOGISTICSCONFIRMEDCOUNT, RETURNNOTREFUNDEDCOUNT, FULLEXCHANGECOUNT, EXCHANGESHIPPEDCOUNT, DELAYEDCOUNT, AVGREFUNDAMOUNT, PARTIALRETURNCOUNT, TODAYCOUNT, TOTALCOUNT]
2025-07-09 10:16:58.749 [http-nio-8080-exec-1] WARN  c.w.c.controller.ExchangeController - ⚠️ 키를 찾을 수 없음 - key: partialReturnCount, 사용 가능한 키들: [LOGISTICSPENDINGCOUNT, PAYMENTCOMPLETEDCOUNT, COLLECTIONPENDINGCOUNT, COLLECTIONCOMPLETEDCOUNT, OVERDUETENDAYSCOUNT, RENOMACOUNT, PAYMENTPENDINGCOUNT, CORALICCOUNT, FULLRETURNCOUNT, INCOMPLETEDCOUNT, TOTALREFUNDAMOUNT, PARTIALEXCHANGECOUNT, RETURNREFUNDEDCOUNT, COMPLETEDCOUNT, EXCHANGENOTSHIPPEDCOUNT, LOGISTICSCONFIRMEDCOUNT, RETURNNOTREFUNDEDCOUNT, FULLEXCHANGECOUNT, EXCHANGESHIPPEDCOUNT, DELAYEDCOUNT, AVGREFUNDAMOUNT, PARTIALRETURNCOUNT, TODAYCOUNT, TOTALCOUNT]
2025-07-09 10:16:58.749 [http-nio-8080-exec-1] WARN  c.w.c.controller.ExchangeController - ⚠️ 키를 찾을 수 없음 - key: renomaCount, 사용 가능한 키들: [LOGISTICSPENDINGCOUNT, PAYMENTCOMPLETEDCOUNT, COLLECTIONPENDINGCOUNT, COLLECTIONCOMPLETEDCOUNT, OVERDUETENDAYSCOUNT, RENOMACOUNT, PAYMENTPENDINGCOUNT, CORALICCOUNT, FULLRETURNCOUNT, INCOMPLETEDCOUNT, TOTALREFUNDAMOUNT, PARTIALEXCHANGECOUNT, RETURNREFUNDEDCOUNT, COMPLETEDCOUNT, EXCHANGENOTSHIPPEDCOUNT, LOGISTICSCONFIRMEDCOUNT, RETURNNOTREFUNDEDCOUNT, FULLEXCHANGECOUNT, EXCHANGESHIPPEDCOUNT, DELAYEDCOUNT, AVGREFUNDAMOUNT, PARTIALRETURNCOUNT, TODAYCOUNT, TOTALCOUNT]
2025-07-09 10:16:58.749 [http-nio-8080-exec-1] WARN  c.w.c.controller.ExchangeController - ⚠️ 키를 찾을 수 없음 - key: coralicCount, 사용 가능한 키들: [LOGISTICSPENDINGCOUNT, PAYMENTCOMPLETEDCOUNT, COLLECTIONPENDINGCOUNT, COLLECTIONCOMPLETEDCOUNT, OVERDUETENDAYSCOUNT, RENOMACOUNT, PAYMENTPENDINGCOUNT, CORALICCOUNT, FULLRETURNCOUNT, INCOMPLETEDCOUNT, TOTALREFUNDAMOUNT, PARTIALEXCHANGECOUNT, RETURNREFUNDEDCOUNT, COMPLETEDCOUNT, EXCHANGENOTSHIPPEDCOUNT, LOGISTICSCONFIRMEDCOUNT, RETURNNOTREFUNDEDCOUNT, FULLEXCHANGECOUNT, EXCHANGESHIPPEDCOUNT, DELAYEDCOUNT, AVGREFUNDAMOUNT, PARTIALRETURNCOUNT, TODAYCOUNT, TOTALCOUNT]
2025-07-09 10:16:58.749 [http-nio-8080-exec-1] WARN  c.w.c.controller.ExchangeController - ⚠️ 키를 찾을 수 없음 - key: totalRefundAmount, 사용 가능한 키들: [LOGISTICSPENDINGCOUNT, PAYMENTCOMPLETEDCOUNT, COLLECTIONPENDINGCOUNT, COLLECTIONCOMPLETEDCOUNT, OVERDUETENDAYSCOUNT, RENOMACOUNT, PAYMENTPENDINGCOUNT, CORALICCOUNT, FULLRETURNCOUNT, INCOMPLETEDCOUNT, TOTALREFUNDAMOUNT, PARTIALEXCHANGECOUNT, RETURNREFUNDEDCOUNT, COMPLETEDCOUNT, EXCHANGENOTSHIPPEDCOUNT, LOGISTICSCONFIRMEDCOUNT, RETURNNOTREFUNDEDCOUNT, FULLEXCHANGECOUNT, EXCHANGESHIPPEDCOUNT, DELAYEDCOUNT, AVGREFUNDAMOUNT, PARTIALRETURNCOUNT, TODAYCOUNT, TOTALCOUNT]
2025-07-09 10:16:58.749 [http-nio-8080-exec-1] WARN  c.w.c.controller.ExchangeController - ⚠️ 키를 찾을 수 없음 - key: avgRefundAmount, 사용 가능한 키들: [LOGISTICSPENDINGCOUNT, PAYMENTCOMPLETEDCOUNT, COLLECTIONPENDINGCOUNT, COLLECTIONCOMPLETEDCOUNT, OVERDUETENDAYSCOUNT, RENOMACOUNT, PAYMENTPENDINGCOUNT, CORALICCOUNT, FULLRETURNCOUNT, INCOMPLETEDCOUNT, TOTALREFUNDAMOUNT, PARTIALEXCHANGECOUNT, RETURNREFUNDEDCOUNT, COMPLETEDCOUNT, EXCHANGENOTSHIPPEDCOUNT, LOGISTICSCONFIRMEDCOUNT, RETURNNOTREFUNDEDCOUNT, FULLEXCHANGECOUNT, EXCHANGESHIPPEDCOUNT, DELAYEDCOUNT, AVGREFUNDAMOUNT, PARTIALRETURNCOUNT, TODAYCOUNT, TOTALCOUNT]
2025-07-09 10:16:58.749 [http-nio-8080-exec-1] WARN  c.w.c.controller.ExchangeController - ⚠️ 키를 찾을 수 없음 - key: todayCount, 사용 가능한 키들: [LOGISTICSPENDINGCOUNT, PAYMENTCOMPLETEDCOUNT, COLLECTIONPENDINGCOUNT, COLLECTIONCOMPLETEDCOUNT, OVERDUETENDAYSCOUNT, RENOMACOUNT, PAYMENTPENDINGCOUNT, CORALICCOUNT, FULLRETURNCOUNT, INCOMPLETEDCOUNT, TOTALREFUNDAMOUNT, PARTIALEXCHANGECOUNT, RETURNREFUNDEDCOUNT, COMPLETEDCOUNT, EXCHANGENOTSHIPPEDCOUNT, LOGISTICSCONFIRMEDCOUNT, RETURNNOTREFUNDEDCOUNT, FULLEXCHANGECOUNT, EXCHANGESHIPPEDCOUNT, DELAYEDCOUNT, AVGREFUNDAMOUNT, PARTIALRETURNCOUNT, TODAYCOUNT, TOTALCOUNT]
2025-07-09 10:16:58.749 [http-nio-8080-exec-1] DEBUG org.mybatis.spring.SqlSessionUtils - Creating a new SqlSession
2025-07-09 10:16:58.749 [http-nio-8080-exec-1] DEBUG org.mybatis.spring.SqlSessionUtils - SqlSession [org.apache.ibatis.session.defaults.DefaultSqlSession@2da92d7f] was not registered for synchronization because synchronization is not active
2025-07-09 10:16:58.750 [http-nio-8080-exec-1] DEBUG o.m.s.t.SpringManagedTransaction - JDBC Connection [HikariProxyConnection@749094061 wrapping oracle.jdbc.driver.T4CConnection@7b8dd640] will not be managed by Spring
2025-07-09 10:16:58.757 [http-nio-8080-exec-1] DEBUG org.mybatis.spring.SqlSessionUtils - Closing non transactional SqlSession [org.apache.ibatis.session.defaults.DefaultSqlSession@2da92d7f]
2025-07-09 10:16:58.757 [http-nio-8080-exec-1] DEBUG org.mybatis.spring.SqlSessionUtils - Creating a new SqlSession
2025-07-09 10:16:58.757 [http-nio-8080-exec-1] DEBUG org.mybatis.spring.SqlSessionUtils - SqlSession [org.apache.ibatis.session.defaults.DefaultSqlSession@70ded076] was not registered for synchronization because synchronization is not active
2025-07-09 10:16:58.757 [http-nio-8080-exec-1] DEBUG o.m.s.t.SpringManagedTransaction - JDBC Connection [HikariProxyConnection@2030899122 wrapping oracle.jdbc.driver.T4CConnection@7b8dd640] will not be managed by Spring
2025-07-09 10:16:58.780 [http-nio-8080-exec-1] DEBUG org.mybatis.spring.SqlSessionUtils - Closing non transactional SqlSession [org.apache.ibatis.session.defaults.DefaultSqlSession@70ded076]
2025-07-09 10:17:00.021 [http-nio-8080-exec-2] INFO  c.w.c.controller.ExchangeController - 🚀 카드 통계 조회 시작 - 검색 조건: keyword=, startDate=, endDate=
2025-07-09 10:17:00.021 [http-nio-8080-exec-2] INFO  c.w.c.controller.ExchangeController - 📊 검색 조건 여부: false | 조건 개수: 0
2025-07-09 10:17:00.021 [http-nio-8080-exec-2] INFO  c.w.c.controller.ExchangeController - 📊 전체 데이터 통계 조회
2025-07-09 10:17:00.041 [http-nio-8080-exec-2] DEBUG org.mybatis.spring.SqlSessionUtils - Creating a new SqlSession
2025-07-09 10:17:00.041 [http-nio-8080-exec-2] DEBUG org.mybatis.spring.SqlSessionUtils - Registering transaction synchronization for SqlSession [org.apache.ibatis.session.defaults.DefaultSqlSession@649037ab]
2025-07-09 10:17:00.041 [http-nio-8080-exec-2] DEBUG o.m.s.t.SpringManagedTransaction - JDBC Connection [HikariProxyConnection@739039087 wrapping oracle.jdbc.driver.T4CConnection@7b8dd640] will be managed by Spring
2025-07-09 10:17:00.076 [http-nio-8080-exec-2] DEBUG org.mybatis.spring.SqlSessionUtils - Releasing transactional SqlSession [org.apache.ibatis.session.defaults.DefaultSqlSession@649037ab]
2025-07-09 10:17:00.076 [http-nio-8080-exec-2] INFO  c.w.c.s.impl.ReturnItemServiceImpl - 🚀 통합 통계 조회 완료 - 소요시간: 35ms, 결과: {LOGISTICSPENDINGCOUNT=280, PAYMENTCOMPLETEDCOUNT=0, COLLECTIONPENDINGCOUNT=159, COLLECTIONCOMPLETEDCOUNT=349, OVERDUETENDAYSCOUNT=288, RENOMACOUNT=1104, PAYMENTPENDINGCOUNT=1, CORALICCOUNT=3501, FULLRETURNCOUNT=3659, INCOMPLETEDCOUNT=508, TOTALREFUNDAMOUNT=155343134, PARTIALEXCHANGECOUNT=0, RETURNREFUNDEDCOUNT=69, COMPLETEDCOUNT=4097, EXCHANGENOTSHIPPEDCOUNT=8, LOGISTICSCONFIRMEDCOUNT=228, RETURNNOTREFUNDEDCOUNT=412, FULLEXCHANGECOUNT=447, EXCHANGESHIPPEDCOUNT=19, DELAYEDCOUNT=429, AVGREFUNDAMOUNT=33734, PARTIALRETURNCOUNT=499, TODAYCOUNT=0, TOTALCOUNT=4605}
2025-07-09 10:17:00.076 [http-nio-8080-exec-2] DEBUG org.mybatis.spring.SqlSessionUtils - Transaction synchronization committing SqlSession [org.apache.ibatis.session.defaults.DefaultSqlSession@649037ab]
2025-07-09 10:17:00.076 [http-nio-8080-exec-2] DEBUG org.mybatis.spring.SqlSessionUtils - Transaction synchronization deregistering SqlSession [org.apache.ibatis.session.defaults.DefaultSqlSession@649037ab]
2025-07-09 10:17:00.076 [http-nio-8080-exec-2] DEBUG org.mybatis.spring.SqlSessionUtils - Transaction synchronization closing SqlSession [org.apache.ibatis.session.defaults.DefaultSqlSession@649037ab]
2025-07-09 10:17:00.088 [http-nio-8080-exec-2] INFO  c.w.c.s.impl.ReturnItemServiceImpl - 🚨 10일 경과 미완료 건수: 288
2025-07-09 10:17:00.093 [http-nio-8080-exec-2] INFO  c.w.c.controller.ExchangeController - 🚨 카드 통계 (전체) - 처리기간 임박 결과: 288 건
2025-07-09 10:17:00.093 [http-nio-8080-exec-2] INFO  c.w.c.controller.ExchangeController - ✅ 카드 통계 조회 완료 - 소요시간: 72ms
2025-07-09 10:17:12.133 [http-nio-8080-exec-8] INFO  c.w.c.controller.ExchangeController - 교환/반품 목록 조회 - 검색조건: ReturnItemSearchDTO(keyword=, startDate=null, endDate=null, returnTypeCode=null, returnStatusCode=null, siteName=null, paymentStatus=null, brandFilter=null, page=1, size=20, sortBy=id, sortDir=DESC), 필터: 
2025-07-09 10:17:12.138 [http-nio-8080-exec-8] INFO  c.w.c.s.impl.ReturnItemServiceImpl - 📋 Oracle 11g 호환 전체 목록 조회 - page: 1, size: 20
2025-07-09 10:17:12.138 [http-nio-8080-exec-8] INFO  c.w.c.s.impl.ReturnItemServiceImpl - 🔢 페이징 파라미터 - startRow: 20, endRow: 40
2025-07-09 10:17:12.165 [http-nio-8080-exec-8] INFO  c.w.c.s.impl.ReturnItemServiceImpl - ✅ 조회 결과 - items: 20, totalCount: 4605
2025-07-09 10:17:12.169 [http-nio-8080-exec-8] INFO  c.w.c.controller.ExchangeController - 📋 전체 조회 완료 - 결과 수: 4605
2025-07-09 10:17:12.169 [http-nio-8080-exec-8] INFO  c.w.c.controller.ExchangeController - 🔍 통계 조회 - 검색 조건 존재: false, 검색DTO: ReturnItemSearchDTO(keyword=, startDate=null, endDate=null, returnTypeCode=null, returnStatusCode=null, siteName=null, paymentStatus=null, brandFilter=null, page=1, size=20, sortBy=id, sortDir=DESC)
2025-07-09 10:17:12.169 [http-nio-8080-exec-8] INFO  c.w.c.controller.ExchangeController - 📊 전체 데이터 기반 통합 통계 조회 시작
2025-07-09 10:17:12.169 [http-nio-8080-exec-8] DEBUG org.mybatis.spring.SqlSessionUtils - Creating a new SqlSession
2025-07-09 10:17:12.169 [http-nio-8080-exec-8] DEBUG org.mybatis.spring.SqlSessionUtils - Registering transaction synchronization for SqlSession [org.apache.ibatis.session.defaults.DefaultSqlSession@514ddcb]
2025-07-09 10:17:12.169 [http-nio-8080-exec-8] DEBUG o.m.s.t.SpringManagedTransaction - JDBC Connection [HikariProxyConnection@236683151 wrapping oracle.jdbc.driver.T4CConnection@6a64b0a] will be managed by Spring
2025-07-09 10:17:12.184 [http-nio-8080-exec-8] DEBUG org.mybatis.spring.SqlSessionUtils - Releasing transactional SqlSession [org.apache.ibatis.session.defaults.DefaultSqlSession@514ddcb]
2025-07-09 10:17:12.185 [http-nio-8080-exec-8] INFO  c.w.c.s.impl.ReturnItemServiceImpl - 🚀 통합 통계 조회 완료 - 소요시간: 16ms, 결과: {LOGISTICSPENDINGCOUNT=280, PAYMENTCOMPLETEDCOUNT=0, COLLECTIONPENDINGCOUNT=159, COLLECTIONCOMPLETEDCOUNT=349, OVERDUETENDAYSCOUNT=288, RENOMACOUNT=1104, PAYMENTPENDINGCOUNT=1, CORALICCOUNT=3501, FULLRETURNCOUNT=3659, INCOMPLETEDCOUNT=508, TOTALREFUNDAMOUNT=155343134, PARTIALEXCHANGECOUNT=0, RETURNREFUNDEDCOUNT=69, COMPLETEDCOUNT=4097, EXCHANGENOTSHIPPEDCOUNT=8, LOGISTICSCONFIRMEDCOUNT=228, RETURNNOTREFUNDEDCOUNT=412, FULLEXCHANGECOUNT=447, EXCHANGESHIPPEDCOUNT=19, DELAYEDCOUNT=429, AVGREFUNDAMOUNT=33734, PARTIALRETURNCOUNT=499, TODAYCOUNT=0, TOTALCOUNT=4605}
2025-07-09 10:17:12.185 [http-nio-8080-exec-8] DEBUG org.mybatis.spring.SqlSessionUtils - Transaction synchronization committing SqlSession [org.apache.ibatis.session.defaults.DefaultSqlSession@514ddcb]
2025-07-09 10:17:12.185 [http-nio-8080-exec-8] DEBUG org.mybatis.spring.SqlSessionUtils - Transaction synchronization deregistering SqlSession [org.apache.ibatis.session.defaults.DefaultSqlSession@514ddcb]
2025-07-09 10:17:12.185 [http-nio-8080-exec-8] DEBUG org.mybatis.spring.SqlSessionUtils - Transaction synchronization closing SqlSession [org.apache.ibatis.session.defaults.DefaultSqlSession@514ddcb]
2025-07-09 10:17:12.189 [http-nio-8080-exec-8] INFO  c.w.c.controller.ExchangeController - ✅ 전체 데이터 기반 통합 통계 조회 완료
2025-07-09 10:17:12.189 [http-nio-8080-exec-8] WARN  c.w.c.controller.ExchangeController - ⚠️ 키를 찾을 수 없음 - key: collectionCompletedCount, 사용 가능한 키들: [LOGISTICSPENDINGCOUNT, PAYMENTCOMPLETEDCOUNT, COLLECTIONPENDINGCOUNT, COLLECTIONCOMPLETEDCOUNT, OVERDUETENDAYSCOUNT, RENOMACOUNT, PAYMENTPENDINGCOUNT, CORALICCOUNT, FULLRETURNCOUNT, INCOMPLETEDCOUNT, TOTALREFUNDAMOUNT, PARTIALEXCHANGECOUNT, RETURNREFUNDEDCOUNT, COMPLETEDCOUNT, EXCHANGENOTSHIPPEDCOUNT, LOGISTICSCONFIRMEDCOUNT, RETURNNOTREFUNDEDCOUNT, FULLEXCHANGECOUNT, EXCHANGESHIPPEDCOUNT, DELAYEDCOUNT, AVGREFUNDAMOUNT, PARTIALRETURNCOUNT, TODAYCOUNT, TOTALCOUNT]
2025-07-09 10:17:12.189 [http-nio-8080-exec-8] WARN  c.w.c.controller.ExchangeController - ⚠️ 키를 찾을 수 없음 - key: collectionPendingCount, 사용 가능한 키들: [LOGISTICSPENDINGCOUNT, PAYMENTCOMPLETEDCOUNT, COLLECTIONPENDINGCOUNT, COLLECTIONCOMPLETEDCOUNT, OVERDUETENDAYSCOUNT, RENOMACOUNT, PAYMENTPENDINGCOUNT, CORALICCOUNT, FULLRETURNCOUNT, INCOMPLETEDCOUNT, TOTALREFUNDAMOUNT, PARTIALEXCHANGECOUNT, RETURNREFUNDEDCOUNT, COMPLETEDCOUNT, EXCHANGENOTSHIPPEDCOUNT, LOGISTICSCONFIRMEDCOUNT, RETURNNOTREFUNDEDCOUNT, FULLEXCHANGECOUNT, EXCHANGESHIPPEDCOUNT, DELAYEDCOUNT, AVGREFUNDAMOUNT, PARTIALRETURNCOUNT, TODAYCOUNT, TOTALCOUNT]
2025-07-09 10:17:12.189 [http-nio-8080-exec-8] WARN  c.w.c.controller.ExchangeController - ⚠️ 키를 찾을 수 없음 - key: logisticsConfirmedCount, 사용 가능한 키들: [LOGISTICSPENDINGCOUNT, PAYMENTCOMPLETEDCOUNT, COLLECTIONPENDINGCOUNT, COLLECTIONCOMPLETEDCOUNT, OVERDUETENDAYSCOUNT, RENOMACOUNT, PAYMENTPENDINGCOUNT, CORALICCOUNT, FULLRETURNCOUNT, INCOMPLETEDCOUNT, TOTALREFUNDAMOUNT, PARTIALEXCHANGECOUNT, RETURNREFUNDEDCOUNT, COMPLETEDCOUNT, EXCHANGENOTSHIPPEDCOUNT, LOGISTICSCONFIRMEDCOUNT, RETURNNOTREFUNDEDCOUNT, FULLEXCHANGECOUNT, EXCHANGESHIPPEDCOUNT, DELAYEDCOUNT, AVGREFUNDAMOUNT, PARTIALRETURNCOUNT, TODAYCOUNT, TOTALCOUNT]
2025-07-09 10:17:12.189 [http-nio-8080-exec-8] WARN  c.w.c.controller.ExchangeController - ⚠️ 키를 찾을 수 없음 - key: logisticsPendingCount, 사용 가능한 키들: [LOGISTICSPENDINGCOUNT, PAYMENTCOMPLETEDCOUNT, COLLECTIONPENDINGCOUNT, COLLECTIONCOMPLETEDCOUNT, OVERDUETENDAYSCOUNT, RENOMACOUNT, PAYMENTPENDINGCOUNT, CORALICCOUNT, FULLRETURNCOUNT, INCOMPLETEDCOUNT, TOTALREFUNDAMOUNT, PARTIALEXCHANGECOUNT, RETURNREFUNDEDCOUNT, COMPLETEDCOUNT, EXCHANGENOTSHIPPEDCOUNT, LOGISTICSCONFIRMEDCOUNT, RETURNNOTREFUNDEDCOUNT, FULLEXCHANGECOUNT, EXCHANGESHIPPEDCOUNT, DELAYEDCOUNT, AVGREFUNDAMOUNT, PARTIALRETURNCOUNT, TODAYCOUNT, TOTALCOUNT]
2025-07-09 10:17:12.189 [http-nio-8080-exec-8] WARN  c.w.c.controller.ExchangeController - ⚠️ 키를 찾을 수 없음 - key: exchangeShippedCount, 사용 가능한 키들: [LOGISTICSPENDINGCOUNT, PAYMENTCOMPLETEDCOUNT, COLLECTIONPENDINGCOUNT, COLLECTIONCOMPLETEDCOUNT, OVERDUETENDAYSCOUNT, RENOMACOUNT, PAYMENTPENDINGCOUNT, CORALICCOUNT, FULLRETURNCOUNT, INCOMPLETEDCOUNT, TOTALREFUNDAMOUNT, PARTIALEXCHANGECOUNT, RETURNREFUNDEDCOUNT, COMPLETEDCOUNT, EXCHANGENOTSHIPPEDCOUNT, LOGISTICSCONFIRMEDCOUNT, RETURNNOTREFUNDEDCOUNT, FULLEXCHANGECOUNT, EXCHANGESHIPPEDCOUNT, DELAYEDCOUNT, AVGREFUNDAMOUNT, PARTIALRETURNCOUNT, TODAYCOUNT, TOTALCOUNT]
2025-07-09 10:17:12.189 [http-nio-8080-exec-8] WARN  c.w.c.controller.ExchangeController - ⚠️ 키를 찾을 수 없음 - key: exchangeNotShippedCount, 사용 가능한 키들: [LOGISTICSPENDINGCOUNT, PAYMENTCOMPLETEDCOUNT, COLLECTIONPENDINGCOUNT, COLLECTIONCOMPLETEDCOUNT, OVERDUETENDAYSCOUNT, RENOMACOUNT, PAYMENTPENDINGCOUNT, CORALICCOUNT, FULLRETURNCOUNT, INCOMPLETEDCOUNT, TOTALREFUNDAMOUNT, PARTIALEXCHANGECOUNT, RETURNREFUNDEDCOUNT, COMPLETEDCOUNT, EXCHANGENOTSHIPPEDCOUNT, LOGISTICSCONFIRMEDCOUNT, RETURNNOTREFUNDEDCOUNT, FULLEXCHANGECOUNT, EXCHANGESHIPPEDCOUNT, DELAYEDCOUNT, AVGREFUNDAMOUNT, PARTIALRETURNCOUNT, TODAYCOUNT, TOTALCOUNT]
2025-07-09 10:17:12.189 [http-nio-8080-exec-8] WARN  c.w.c.controller.ExchangeController - ⚠️ 키를 찾을 수 없음 - key: returnRefundedCount, 사용 가능한 키들: [LOGISTICSPENDINGCOUNT, PAYMENTCOMPLETEDCOUNT, COLLECTIONPENDINGCOUNT, COLLECTIONCOMPLETEDCOUNT, OVERDUETENDAYSCOUNT, RENOMACOUNT, PAYMENTPENDINGCOUNT, CORALICCOUNT, FULLRETURNCOUNT, INCOMPLETEDCOUNT, TOTALREFUNDAMOUNT, PARTIALEXCHANGECOUNT, RETURNREFUNDEDCOUNT, COMPLETEDCOUNT, EXCHANGENOTSHIPPEDCOUNT, LOGISTICSCONFIRMEDCOUNT, RETURNNOTREFUNDEDCOUNT, FULLEXCHANGECOUNT, EXCHANGESHIPPEDCOUNT, DELAYEDCOUNT, AVGREFUNDAMOUNT, PARTIALRETURNCOUNT, TODAYCOUNT, TOTALCOUNT]
2025-07-09 10:17:12.189 [http-nio-8080-exec-8] WARN  c.w.c.controller.ExchangeController - ⚠️ 키를 찾을 수 없음 - key: returnNotRefundedCount, 사용 가능한 키들: [LOGISTICSPENDINGCOUNT, PAYMENTCOMPLETEDCOUNT, COLLECTIONPENDINGCOUNT, COLLECTIONCOMPLETEDCOUNT, OVERDUETENDAYSCOUNT, RENOMACOUNT, PAYMENTPENDINGCOUNT, CORALICCOUNT, FULLRETURNCOUNT, INCOMPLETEDCOUNT, TOTALREFUNDAMOUNT, PARTIALEXCHANGECOUNT, RETURNREFUNDEDCOUNT, COMPLETEDCOUNT, EXCHANGENOTSHIPPEDCOUNT, LOGISTICSCONFIRMEDCOUNT, RETURNNOTREFUNDEDCOUNT, FULLEXCHANGECOUNT, EXCHANGESHIPPEDCOUNT, DELAYEDCOUNT, AVGREFUNDAMOUNT, PARTIALRETURNCOUNT, TODAYCOUNT, TOTALCOUNT]
2025-07-09 10:17:12.189 [http-nio-8080-exec-8] WARN  c.w.c.controller.ExchangeController - ⚠️ 키를 찾을 수 없음 - key: paymentCompletedCount, 사용 가능한 키들: [LOGISTICSPENDINGCOUNT, PAYMENTCOMPLETEDCOUNT, COLLECTIONPENDINGCOUNT, COLLECTIONCOMPLETEDCOUNT, OVERDUETENDAYSCOUNT, RENOMACOUNT, PAYMENTPENDINGCOUNT, CORALICCOUNT, FULLRETURNCOUNT, INCOMPLETEDCOUNT, TOTALREFUNDAMOUNT, PARTIALEXCHANGECOUNT, RETURNREFUNDEDCOUNT, COMPLETEDCOUNT, EXCHANGENOTSHIPPEDCOUNT, LOGISTICSCONFIRMEDCOUNT, RETURNNOTREFUNDEDCOUNT, FULLEXCHANGECOUNT, EXCHANGESHIPPEDCOUNT, DELAYEDCOUNT, AVGREFUNDAMOUNT, PARTIALRETURNCOUNT, TODAYCOUNT, TOTALCOUNT]
2025-07-09 10:17:12.189 [http-nio-8080-exec-8] WARN  c.w.c.controller.ExchangeController - ⚠️ 키를 찾을 수 없음 - key: paymentPendingCount, 사용 가능한 키들: [LOGISTICSPENDINGCOUNT, PAYMENTCOMPLETEDCOUNT, COLLECTIONPENDINGCOUNT, COLLECTIONCOMPLETEDCOUNT, OVERDUETENDAYSCOUNT, RENOMACOUNT, PAYMENTPENDINGCOUNT, CORALICCOUNT, FULLRETURNCOUNT, INCOMPLETEDCOUNT, TOTALREFUNDAMOUNT, PARTIALEXCHANGECOUNT, RETURNREFUNDEDCOUNT, COMPLETEDCOUNT, EXCHANGENOTSHIPPEDCOUNT, LOGISTICSCONFIRMEDCOUNT, RETURNNOTREFUNDEDCOUNT, FULLEXCHANGECOUNT, EXCHANGESHIPPEDCOUNT, DELAYEDCOUNT, AVGREFUNDAMOUNT, PARTIALRETURNCOUNT, TODAYCOUNT, TOTALCOUNT]
2025-07-09 10:17:12.189 [http-nio-8080-exec-8] WARN  c.w.c.controller.ExchangeController - ⚠️ 키를 찾을 수 없음 - key: completedCount, 사용 가능한 키들: [LOGISTICSPENDINGCOUNT, PAYMENTCOMPLETEDCOUNT, COLLECTIONPENDINGCOUNT, COLLECTIONCOMPLETEDCOUNT, OVERDUETENDAYSCOUNT, RENOMACOUNT, PAYMENTPENDINGCOUNT, CORALICCOUNT, FULLRETURNCOUNT, INCOMPLETEDCOUNT, TOTALREFUNDAMOUNT, PARTIALEXCHANGECOUNT, RETURNREFUNDEDCOUNT, COMPLETEDCOUNT, EXCHANGENOTSHIPPEDCOUNT, LOGISTICSCONFIRMEDCOUNT, RETURNNOTREFUNDEDCOUNT, FULLEXCHANGECOUNT, EXCHANGESHIPPEDCOUNT, DELAYEDCOUNT, AVGREFUNDAMOUNT, PARTIALRETURNCOUNT, TODAYCOUNT, TOTALCOUNT]
2025-07-09 10:17:12.189 [http-nio-8080-exec-8] WARN  c.w.c.controller.ExchangeController - ⚠️ 키를 찾을 수 없음 - key: incompletedCount, 사용 가능한 키들: [LOGISTICSPENDINGCOUNT, PAYMENTCOMPLETEDCOUNT, COLLECTIONPENDINGCOUNT, COLLECTIONCOMPLETEDCOUNT, OVERDUETENDAYSCOUNT, RENOMACOUNT, PAYMENTPENDINGCOUNT, CORALICCOUNT, FULLRETURNCOUNT, INCOMPLETEDCOUNT, TOTALREFUNDAMOUNT, PARTIALEXCHANGECOUNT, RETURNREFUNDEDCOUNT, COMPLETEDCOUNT, EXCHANGENOTSHIPPEDCOUNT, LOGISTICSCONFIRMEDCOUNT, RETURNNOTREFUNDEDCOUNT, FULLEXCHANGECOUNT, EXCHANGESHIPPEDCOUNT, DELAYEDCOUNT, AVGREFUNDAMOUNT, PARTIALRETURNCOUNT, TODAYCOUNT, TOTALCOUNT]
2025-07-09 10:17:12.193 [http-nio-8080-exec-8] INFO  c.w.c.s.impl.ReturnItemServiceImpl - 🚨 10일 경과 미완료 건수: 288
2025-07-09 10:17:12.197 [http-nio-8080-exec-8] INFO  c.w.c.controller.ExchangeController - 🚨 처리기간 임박 건수 조회 완료: 288 건
2025-07-09 10:17:12.197 [http-nio-8080-exec-8] WARN  c.w.c.controller.ExchangeController - ⚠️ 키를 찾을 수 없음 - key: fullExchangeCount, 사용 가능한 키들: [LOGISTICSPENDINGCOUNT, PAYMENTCOMPLETEDCOUNT, COLLECTIONPENDINGCOUNT, COLLECTIONCOMPLETEDCOUNT, OVERDUETENDAYSCOUNT, RENOMACOUNT, PAYMENTPENDINGCOUNT, CORALICCOUNT, FULLRETURNCOUNT, INCOMPLETEDCOUNT, TOTALREFUNDAMOUNT, PARTIALEXCHANGECOUNT, RETURNREFUNDEDCOUNT, COMPLETEDCOUNT, EXCHANGENOTSHIPPEDCOUNT, LOGISTICSCONFIRMEDCOUNT, RETURNNOTREFUNDEDCOUNT, FULLEXCHANGECOUNT, EXCHANGESHIPPEDCOUNT, DELAYEDCOUNT, AVGREFUNDAMOUNT, PARTIALRETURNCOUNT, TODAYCOUNT, TOTALCOUNT]
2025-07-09 10:17:12.197 [http-nio-8080-exec-8] WARN  c.w.c.controller.ExchangeController - ⚠️ 키를 찾을 수 없음 - key: partialExchangeCount, 사용 가능한 키들: [LOGISTICSPENDINGCOUNT, PAYMENTCOMPLETEDCOUNT, COLLECTIONPENDINGCOUNT, COLLECTIONCOMPLETEDCOUNT, OVERDUETENDAYSCOUNT, RENOMACOUNT, PAYMENTPENDINGCOUNT, CORALICCOUNT, FULLRETURNCOUNT, INCOMPLETEDCOUNT, TOTALREFUNDAMOUNT, PARTIALEXCHANGECOUNT, RETURNREFUNDEDCOUNT, COMPLETEDCOUNT, EXCHANGENOTSHIPPEDCOUNT, LOGISTICSCONFIRMEDCOUNT, RETURNNOTREFUNDEDCOUNT, FULLEXCHANGECOUNT, EXCHANGESHIPPEDCOUNT, DELAYEDCOUNT, AVGREFUNDAMOUNT, PARTIALRETURNCOUNT, TODAYCOUNT, TOTALCOUNT]
2025-07-09 10:17:12.197 [http-nio-8080-exec-8] WARN  c.w.c.controller.ExchangeController - ⚠️ 키를 찾을 수 없음 - key: fullReturnCount, 사용 가능한 키들: [LOGISTICSPENDINGCOUNT, PAYMENTCOMPLETEDCOUNT, COLLECTIONPENDINGCOUNT, COLLECTIONCOMPLETEDCOUNT, OVERDUETENDAYSCOUNT, RENOMACOUNT, PAYMENTPENDINGCOUNT, CORALICCOUNT, FULLRETURNCOUNT, INCOMPLETEDCOUNT, TOTALREFUNDAMOUNT, PARTIALEXCHANGECOUNT, RETURNREFUNDEDCOUNT, COMPLETEDCOUNT, EXCHANGENOTSHIPPEDCOUNT, LOGISTICSCONFIRMEDCOUNT, RETURNNOTREFUNDEDCOUNT, FULLEXCHANGECOUNT, EXCHANGESHIPPEDCOUNT, DELAYEDCOUNT, AVGREFUNDAMOUNT, PARTIALRETURNCOUNT, TODAYCOUNT, TOTALCOUNT]
2025-07-09 10:17:12.197 [http-nio-8080-exec-8] WARN  c.w.c.controller.ExchangeController - ⚠️ 키를 찾을 수 없음 - key: partialReturnCount, 사용 가능한 키들: [LOGISTICSPENDINGCOUNT, PAYMENTCOMPLETEDCOUNT, COLLECTIONPENDINGCOUNT, COLLECTIONCOMPLETEDCOUNT, OVERDUETENDAYSCOUNT, RENOMACOUNT, PAYMENTPENDINGCOUNT, CORALICCOUNT, FULLRETURNCOUNT, INCOMPLETEDCOUNT, TOTALREFUNDAMOUNT, PARTIALEXCHANGECOUNT, RETURNREFUNDEDCOUNT, COMPLETEDCOUNT, EXCHANGENOTSHIPPEDCOUNT, LOGISTICSCONFIRMEDCOUNT, RETURNNOTREFUNDEDCOUNT, FULLEXCHANGECOUNT, EXCHANGESHIPPEDCOUNT, DELAYEDCOUNT, AVGREFUNDAMOUNT, PARTIALRETURNCOUNT, TODAYCOUNT, TOTALCOUNT]
2025-07-09 10:17:12.197 [http-nio-8080-exec-8] WARN  c.w.c.controller.ExchangeController - ⚠️ 키를 찾을 수 없음 - key: renomaCount, 사용 가능한 키들: [LOGISTICSPENDINGCOUNT, PAYMENTCOMPLETEDCOUNT, COLLECTIONPENDINGCOUNT, COLLECTIONCOMPLETEDCOUNT, OVERDUETENDAYSCOUNT, RENOMACOUNT, PAYMENTPENDINGCOUNT, CORALICCOUNT, FULLRETURNCOUNT, INCOMPLETEDCOUNT, TOTALREFUNDAMOUNT, PARTIALEXCHANGECOUNT, RETURNREFUNDEDCOUNT, COMPLETEDCOUNT, EXCHANGENOTSHIPPEDCOUNT, LOGISTICSCONFIRMEDCOUNT, RETURNNOTREFUNDEDCOUNT, FULLEXCHANGECOUNT, EXCHANGESHIPPEDCOUNT, DELAYEDCOUNT, AVGREFUNDAMOUNT, PARTIALRETURNCOUNT, TODAYCOUNT, TOTALCOUNT]
2025-07-09 10:17:12.197 [http-nio-8080-exec-8] WARN  c.w.c.controller.ExchangeController - ⚠️ 키를 찾을 수 없음 - key: coralicCount, 사용 가능한 키들: [LOGISTICSPENDINGCOUNT, PAYMENTCOMPLETEDCOUNT, COLLECTIONPENDINGCOUNT, COLLECTIONCOMPLETEDCOUNT, OVERDUETENDAYSCOUNT, RENOMACOUNT, PAYMENTPENDINGCOUNT, CORALICCOUNT, FULLRETURNCOUNT, INCOMPLETEDCOUNT, TOTALREFUNDAMOUNT, PARTIALEXCHANGECOUNT, RETURNREFUNDEDCOUNT, COMPLETEDCOUNT, EXCHANGENOTSHIPPEDCOUNT, LOGISTICSCONFIRMEDCOUNT, RETURNNOTREFUNDEDCOUNT, FULLEXCHANGECOUNT, EXCHANGESHIPPEDCOUNT, DELAYEDCOUNT, AVGREFUNDAMOUNT, PARTIALRETURNCOUNT, TODAYCOUNT, TOTALCOUNT]
2025-07-09 10:17:12.197 [http-nio-8080-exec-8] WARN  c.w.c.controller.ExchangeController - ⚠️ 키를 찾을 수 없음 - key: totalRefundAmount, 사용 가능한 키들: [LOGISTICSPENDINGCOUNT, PAYMENTCOMPLETEDCOUNT, COLLECTIONPENDINGCOUNT, COLLECTIONCOMPLETEDCOUNT, OVERDUETENDAYSCOUNT, RENOMACOUNT, PAYMENTPENDINGCOUNT, CORALICCOUNT, FULLRETURNCOUNT, INCOMPLETEDCOUNT, TOTALREFUNDAMOUNT, PARTIALEXCHANGECOUNT, RETURNREFUNDEDCOUNT, COMPLETEDCOUNT, EXCHANGENOTSHIPPEDCOUNT, LOGISTICSCONFIRMEDCOUNT, RETURNNOTREFUNDEDCOUNT, FULLEXCHANGECOUNT, EXCHANGESHIPPEDCOUNT, DELAYEDCOUNT, AVGREFUNDAMOUNT, PARTIALRETURNCOUNT, TODAYCOUNT, TOTALCOUNT]
2025-07-09 10:17:12.197 [http-nio-8080-exec-8] WARN  c.w.c.controller.ExchangeController - ⚠️ 키를 찾을 수 없음 - key: avgRefundAmount, 사용 가능한 키들: [LOGISTICSPENDINGCOUNT, PAYMENTCOMPLETEDCOUNT, COLLECTIONPENDINGCOUNT, COLLECTIONCOMPLETEDCOUNT, OVERDUETENDAYSCOUNT, RENOMACOUNT, PAYMENTPENDINGCOUNT, CORALICCOUNT, FULLRETURNCOUNT, INCOMPLETEDCOUNT, TOTALREFUNDAMOUNT, PARTIALEXCHANGECOUNT, RETURNREFUNDEDCOUNT, COMPLETEDCOUNT, EXCHANGENOTSHIPPEDCOUNT, LOGISTICSCONFIRMEDCOUNT, RETURNNOTREFUNDEDCOUNT, FULLEXCHANGECOUNT, EXCHANGESHIPPEDCOUNT, DELAYEDCOUNT, AVGREFUNDAMOUNT, PARTIALRETURNCOUNT, TODAYCOUNT, TOTALCOUNT]
2025-07-09 10:17:12.197 [http-nio-8080-exec-8] WARN  c.w.c.controller.ExchangeController - ⚠️ 키를 찾을 수 없음 - key: todayCount, 사용 가능한 키들: [LOGISTICSPENDINGCOUNT, PAYMENTCOMPLETEDCOUNT, COLLECTIONPENDINGCOUNT, COLLECTIONCOMPLETEDCOUNT, OVERDUETENDAYSCOUNT, RENOMACOUNT, PAYMENTPENDINGCOUNT, CORALICCOUNT, FULLRETURNCOUNT, INCOMPLETEDCOUNT, TOTALREFUNDAMOUNT, PARTIALEXCHANGECOUNT, RETURNREFUNDEDCOUNT, COMPLETEDCOUNT, EXCHANGENOTSHIPPEDCOUNT, LOGISTICSCONFIRMEDCOUNT, RETURNNOTREFUNDEDCOUNT, FULLEXCHANGECOUNT, EXCHANGESHIPPEDCOUNT, DELAYEDCOUNT, AVGREFUNDAMOUNT, PARTIALRETURNCOUNT, TODAYCOUNT, TOTALCOUNT]
2025-07-09 10:17:12.198 [http-nio-8080-exec-8] DEBUG org.mybatis.spring.SqlSessionUtils - Creating a new SqlSession
2025-07-09 10:17:12.198 [http-nio-8080-exec-8] DEBUG org.mybatis.spring.SqlSessionUtils - SqlSession [org.apache.ibatis.session.defaults.DefaultSqlSession@589e03af] was not registered for synchronization because synchronization is not active
2025-07-09 10:17:12.198 [http-nio-8080-exec-8] DEBUG o.m.s.t.SpringManagedTransaction - JDBC Connection [HikariProxyConnection@1414818854 wrapping oracle.jdbc.driver.T4CConnection@6a64b0a] will not be managed by Spring
2025-07-09 10:17:12.202 [http-nio-8080-exec-8] DEBUG org.mybatis.spring.SqlSessionUtils - Closing non transactional SqlSession [org.apache.ibatis.session.defaults.DefaultSqlSession@589e03af]
2025-07-09 10:17:12.202 [http-nio-8080-exec-8] DEBUG org.mybatis.spring.SqlSessionUtils - Creating a new SqlSession
2025-07-09 10:17:12.202 [http-nio-8080-exec-8] DEBUG org.mybatis.spring.SqlSessionUtils - SqlSession [org.apache.ibatis.session.defaults.DefaultSqlSession@5b85d969] was not registered for synchronization because synchronization is not active
2025-07-09 10:17:12.202 [http-nio-8080-exec-8] DEBUG o.m.s.t.SpringManagedTransaction - JDBC Connection [HikariProxyConnection@1824001545 wrapping oracle.jdbc.driver.T4CConnection@6a64b0a] will not be managed by Spring
2025-07-09 10:17:12.206 [http-nio-8080-exec-8] DEBUG org.mybatis.spring.SqlSessionUtils - Closing non transactional SqlSession [org.apache.ibatis.session.defaults.DefaultSqlSession@5b85d969]
2025-07-09 10:17:13.442 [http-nio-8080-exec-9] INFO  c.w.c.controller.ExchangeController - 🚀 카드 통계 조회 시작 - 검색 조건: keyword=, startDate=, endDate=
2025-07-09 10:17:13.442 [http-nio-8080-exec-9] INFO  c.w.c.controller.ExchangeController - 📊 검색 조건 여부: false | 조건 개수: 0
2025-07-09 10:17:13.442 [http-nio-8080-exec-9] INFO  c.w.c.controller.ExchangeController - 📊 전체 데이터 통계 조회
2025-07-09 10:17:13.448 [http-nio-8080-exec-9] DEBUG org.mybatis.spring.SqlSessionUtils - Creating a new SqlSession
2025-07-09 10:17:13.448 [http-nio-8080-exec-9] DEBUG org.mybatis.spring.SqlSessionUtils - Registering transaction synchronization for SqlSession [org.apache.ibatis.session.defaults.DefaultSqlSession@30a49b52]
2025-07-09 10:17:13.448 [http-nio-8080-exec-9] DEBUG o.m.s.t.SpringManagedTransaction - JDBC Connection [HikariProxyConnection@1662793217 wrapping oracle.jdbc.driver.T4CConnection@6a64b0a] will be managed by Spring
2025-07-09 10:17:13.464 [http-nio-8080-exec-9] DEBUG org.mybatis.spring.SqlSessionUtils - Releasing transactional SqlSession [org.apache.ibatis.session.defaults.DefaultSqlSession@30a49b52]
2025-07-09 10:17:13.464 [http-nio-8080-exec-9] INFO  c.w.c.s.impl.ReturnItemServiceImpl - 🚀 통합 통계 조회 완료 - 소요시간: 16ms, 결과: {LOGISTICSPENDINGCOUNT=280, PAYMENTCOMPLETEDCOUNT=0, COLLECTIONPENDINGCOUNT=159, COLLECTIONCOMPLETEDCOUNT=349, OVERDUETENDAYSCOUNT=288, RENOMACOUNT=1104, PAYMENTPENDINGCOUNT=1, CORALICCOUNT=3501, FULLRETURNCOUNT=3659, INCOMPLETEDCOUNT=508, TOTALREFUNDAMOUNT=155343134, PARTIALEXCHANGECOUNT=0, RETURNREFUNDEDCOUNT=69, COMPLETEDCOUNT=4097, EXCHANGENOTSHIPPEDCOUNT=8, LOGISTICSCONFIRMEDCOUNT=228, RETURNNOTREFUNDEDCOUNT=412, FULLEXCHANGECOUNT=447, EXCHANGESHIPPEDCOUNT=19, DELAYEDCOUNT=429, AVGREFUNDAMOUNT=33734, PARTIALRETURNCOUNT=499, TODAYCOUNT=0, TOTALCOUNT=4605}
2025-07-09 10:17:13.464 [http-nio-8080-exec-9] DEBUG org.mybatis.spring.SqlSessionUtils - Transaction synchronization committing SqlSession [org.apache.ibatis.session.defaults.DefaultSqlSession@30a49b52]
2025-07-09 10:17:13.464 [http-nio-8080-exec-9] DEBUG org.mybatis.spring.SqlSessionUtils - Transaction synchronization deregistering SqlSession [org.apache.ibatis.session.defaults.DefaultSqlSession@30a49b52]
2025-07-09 10:17:13.464 [http-nio-8080-exec-9] DEBUG org.mybatis.spring.SqlSessionUtils - Transaction synchronization closing SqlSession [org.apache.ibatis.session.defaults.DefaultSqlSession@30a49b52]
2025-07-09 10:17:13.474 [http-nio-8080-exec-9] INFO  c.w.c.s.impl.ReturnItemServiceImpl - 🚨 10일 경과 미완료 건수: 288
2025-07-09 10:17:13.477 [http-nio-8080-exec-9] INFO  c.w.c.controller.ExchangeController - 🚨 카드 통계 (전체) - 처리기간 임박 결과: 288 건
2025-07-09 10:17:13.477 [http-nio-8080-exec-9] INFO  c.w.c.controller.ExchangeController - ✅ 카드 통계 조회 완료 - 소요시간: 35ms
2025-07-09 10:17:16.587 [http-nio-8080-exec-1] INFO  c.w.c.controller.ExchangeController - 🚀 카드 통계 조회 시작 - 검색 조건: keyword=, startDate=, endDate=
2025-07-09 10:17:16.587 [http-nio-8080-exec-1] INFO  c.w.c.controller.ExchangeController - 📊 검색 조건 여부: false | 조건 개수: 0
2025-07-09 10:17:16.587 [http-nio-8080-exec-1] INFO  c.w.c.controller.ExchangeController - 📊 전체 데이터 통계 조회
2025-07-09 10:17:16.593 [http-nio-8080-exec-1] DEBUG org.mybatis.spring.SqlSessionUtils - Creating a new SqlSession
2025-07-09 10:17:16.593 [http-nio-8080-exec-1] DEBUG org.mybatis.spring.SqlSessionUtils - Registering transaction synchronization for SqlSession [org.apache.ibatis.session.defaults.DefaultSqlSession@15862fa8]
2025-07-09 10:17:16.593 [http-nio-8080-exec-1] DEBUG o.m.s.t.SpringManagedTransaction - JDBC Connection [HikariProxyConnection@113698147 wrapping oracle.jdbc.driver.T4CConnection@7b8dd640] will be managed by Spring
2025-07-09 10:17:16.610 [http-nio-8080-exec-1] DEBUG org.mybatis.spring.SqlSessionUtils - Releasing transactional SqlSession [org.apache.ibatis.session.defaults.DefaultSqlSession@15862fa8]
2025-07-09 10:17:16.610 [http-nio-8080-exec-1] INFO  c.w.c.s.impl.ReturnItemServiceImpl - 🚀 통합 통계 조회 완료 - 소요시간: 17ms, 결과: {LOGISTICSPENDINGCOUNT=280, PAYMENTCOMPLETEDCOUNT=0, COLLECTIONPENDINGCOUNT=159, COLLECTIONCOMPLETEDCOUNT=349, OVERDUETENDAYSCOUNT=288, RENOMACOUNT=1104, PAYMENTPENDINGCOUNT=1, CORALICCOUNT=3501, FULLRETURNCOUNT=3659, INCOMPLETEDCOUNT=508, TOTALREFUNDAMOUNT=155343134, PARTIALEXCHANGECOUNT=0, RETURNREFUNDEDCOUNT=69, COMPLETEDCOUNT=4097, EXCHANGENOTSHIPPEDCOUNT=8, LOGISTICSCONFIRMEDCOUNT=228, RETURNNOTREFUNDEDCOUNT=412, FULLEXCHANGECOUNT=447, EXCHANGESHIPPEDCOUNT=19, DELAYEDCOUNT=429, AVGREFUNDAMOUNT=33734, PARTIALRETURNCOUNT=499, TODAYCOUNT=0, TOTALCOUNT=4605}
2025-07-09 10:17:16.611 [http-nio-8080-exec-1] DEBUG org.mybatis.spring.SqlSessionUtils - Transaction synchronization committing SqlSession [org.apache.ibatis.session.defaults.DefaultSqlSession@15862fa8]
2025-07-09 10:17:16.611 [http-nio-8080-exec-1] DEBUG org.mybatis.spring.SqlSessionUtils - Transaction synchronization deregistering SqlSession [org.apache.ibatis.session.defaults.DefaultSqlSession@15862fa8]
2025-07-09 10:17:16.611 [http-nio-8080-exec-1] DEBUG org.mybatis.spring.SqlSessionUtils - Transaction synchronization closing SqlSession [org.apache.ibatis.session.defaults.DefaultSqlSession@15862fa8]
2025-07-09 10:17:16.621 [http-nio-8080-exec-1] INFO  c.w.c.s.impl.ReturnItemServiceImpl - 🚨 10일 경과 미완료 건수: 288
2025-07-09 10:17:16.627 [http-nio-8080-exec-1] INFO  c.w.c.controller.ExchangeController - 🚨 카드 통계 (전체) - 처리기간 임박 결과: 288 건
2025-07-09 10:17:16.627 [http-nio-8080-exec-1] INFO  c.w.c.controller.ExchangeController - ✅ 카드 통계 조회 완료 - 소요시간: 40ms
2025-07-09 10:17:17.287 [http-nio-8080-exec-5] INFO  c.w.c.controller.ExchangeController - 📅 일괄 날짜 업데이트 요청 - 대상 건수: 1
2025-07-09 10:17:17.287 [http-nio-8080-exec-5] INFO  c.w.c.controller.ExchangeController - 📝 날짜 수정자: test
2025-07-09 10:17:17.291 [http-nio-8080-exec-5] INFO  c.w.c.s.impl.ReturnItemServiceImpl - 📅 일괄 날짜 업데이트 시작 - 대상 건수: 1
2025-07-09 10:17:17.298 [http-nio-8080-exec-5] INFO  c.w.c.s.impl.ReturnItemServiceImpl - ✅ 날짜 업데이트 성공: ID=4586
2025-07-09 10:17:17.298 [http-nio-8080-exec-5] INFO  c.w.c.s.impl.ReturnItemServiceImpl - 📅 일괄 날짜 업데이트 완료: 성공 1/1건
2025-07-09 10:17:17.315 [http-nio-8080-exec-5] INFO  c.w.c.controller.ExchangeController - ✅ 일괄 날짜 업데이트 성공 - 업데이트된 건수: 1/1, 수정자: test
2025-07-09 10:17:18.737 [http-nio-8080-exec-2] INFO  c.w.c.controller.ExchangeController - 🚀 카드 통계 조회 시작 - 검색 조건: keyword=, startDate=, endDate=
2025-07-09 10:17:18.737 [http-nio-8080-exec-2] INFO  c.w.c.controller.ExchangeController - 📊 검색 조건 여부: false | 조건 개수: 0
2025-07-09 10:17:18.737 [http-nio-8080-exec-2] INFO  c.w.c.controller.ExchangeController - 📊 전체 데이터 통계 조회
2025-07-09 10:17:18.756 [http-nio-8080-exec-2] DEBUG org.mybatis.spring.SqlSessionUtils - Creating a new SqlSession
2025-07-09 10:17:18.756 [http-nio-8080-exec-2] DEBUG org.mybatis.spring.SqlSessionUtils - Registering transaction synchronization for SqlSession [org.apache.ibatis.session.defaults.DefaultSqlSession@4bd6d78a]
2025-07-09 10:17:18.756 [http-nio-8080-exec-2] DEBUG o.m.s.t.SpringManagedTransaction - JDBC Connection [HikariProxyConnection@2026070044 wrapping oracle.jdbc.driver.T4CConnection@7b8dd640] will be managed by Spring
2025-07-09 10:17:18.773 [http-nio-8080-exec-2] DEBUG org.mybatis.spring.SqlSessionUtils - Releasing transactional SqlSession [org.apache.ibatis.session.defaults.DefaultSqlSession@4bd6d78a]
2025-07-09 10:17:18.773 [http-nio-8080-exec-2] INFO  c.w.c.s.impl.ReturnItemServiceImpl - 🚀 통합 통계 조회 완료 - 소요시간: 17ms, 결과: {LOGISTICSPENDINGCOUNT=281, PAYMENTCOMPLETEDCOUNT=0, COLLECTIONPENDINGCOUNT=159, COLLECTIONCOMPLETEDCOUNT=349, OVERDUETENDAYSCOUNT=288, RENOMACOUNT=1104, PAYMENTPENDINGCOUNT=1, CORALICCOUNT=3501, FULLRETURNCOUNT=3659, INCOMPLETEDCOUNT=508, TOTALREFUNDAMOUNT=155343134, PARTIALEXCHANGECOUNT=0, RETURNREFUNDEDCOUNT=69, COMPLETEDCOUNT=4097, EXCHANGENOTSHIPPEDCOUNT=8, LOGISTICSCONFIRMEDCOUNT=227, RETURNNOTREFUNDEDCOUNT=412, FULLEXCHANGECOUNT=447, EXCHANGESHIPPEDCOUNT=19, DELAYEDCOUNT=429, AVGREFUNDAMOUNT=33734, PARTIALRETURNCOUNT=499, TODAYCOUNT=0, TOTALCOUNT=4605}
2025-07-09 10:17:18.773 [http-nio-8080-exec-2] DEBUG org.mybatis.spring.SqlSessionUtils - Transaction synchronization committing SqlSession [org.apache.ibatis.session.defaults.DefaultSqlSession@4bd6d78a]
2025-07-09 10:17:18.773 [http-nio-8080-exec-2] DEBUG org.mybatis.spring.SqlSessionUtils - Transaction synchronization deregistering SqlSession [org.apache.ibatis.session.defaults.DefaultSqlSession@4bd6d78a]
2025-07-09 10:17:18.774 [http-nio-8080-exec-2] DEBUG org.mybatis.spring.SqlSessionUtils - Transaction synchronization closing SqlSession [org.apache.ibatis.session.defaults.DefaultSqlSession@4bd6d78a]
2025-07-09 10:17:18.785 [http-nio-8080-exec-2] INFO  c.w.c.s.impl.ReturnItemServiceImpl - 🚨 10일 경과 미완료 건수: 288
2025-07-09 10:17:18.790 [http-nio-8080-exec-2] INFO  c.w.c.controller.ExchangeController - 🚨 카드 통계 (전체) - 처리기간 임박 결과: 288 건
2025-07-09 10:17:18.790 [http-nio-8080-exec-2] INFO  c.w.c.controller.ExchangeController - ✅ 카드 통계 조회 완료 - 소요시간: 53ms
2025-09-02 17:23:53.835 [Test worker] INFO  com.wio.crm.CrmApplicationTests - Starting CrmApplicationTests using Java 17.0.16 with PID 47396 (started by minwo in C:\Users\minwo\IdeaProjects\wicrm)
2025-09-02 17:23:53.836 [Test worker] INFO  com.wio.crm.CrmApplicationTests - No active profile set, falling back to 1 default profile: "default"
2025-09-02 17:23:54.852 [Test worker] INFO  o.s.d.r.c.RepositoryConfigurationDelegate - Bootstrapping Spring Data JPA repositories in DEFAULT mode.
2025-09-02 17:23:54.998 [Test worker] INFO  o.s.d.r.c.RepositoryConfigurationDelegate - Finished Spring Data repository scanning in 139 ms. Found 3 JPA repository interfaces.
2025-09-02 17:23:55.094 [Test worker] DEBUG o.apache.ibatis.logging.LogFactory - Logging initialized using 'class org.apache.ibatis.logging.slf4j.Slf4jImpl' adapter.
2025-09-02 17:23:55.097 [Test worker] DEBUG o.m.s.mapper.ClassPathMapperScanner - Identified candidate component class: file [C:\Users\minwo\IdeaProjects\wicrm\build\classes\java\main\com\wio\crm\mapper\AccountMapper.class]
2025-09-02 17:23:55.097 [Test worker] DEBUG o.m.s.mapper.ClassPathMapperScanner - Identified candidate component class: file [C:\Users\minwo\IdeaProjects\wicrm\build\classes\java\main\com\wio\crm\mapper\AdminCodeMapper.class]
2025-09-02 17:23:55.097 [Test worker] DEBUG o.m.s.mapper.ClassPathMapperScanner - Identified candidate component class: file [C:\Users\minwo\IdeaProjects\wicrm\build\classes\java\main\com\wio\crm\mapper\BannerMapper.class]
2025-09-02 17:23:55.097 [Test worker] DEBUG o.m.s.mapper.ClassPathMapperScanner - Identified candidate component class: file [C:\Users\minwo\IdeaProjects\wicrm\build\classes\java\main\com\wio\crm\mapper\BoardMapper.class]
2025-09-02 17:23:55.097 [Test worker] DEBUG o.m.s.mapper.ClassPathMapperScanner - Identified candidate component class: file [C:\Users\minwo\IdeaProjects\wicrm\build\classes\java\main\com\wio\crm\mapper\ConsMapper.class]
2025-09-02 17:23:55.097 [Test worker] DEBUG o.m.s.mapper.ClassPathMapperScanner - Identified candidate component class: file [C:\Users\minwo\IdeaProjects\wicrm\build\classes\java\main\com\wio\crm\mapper\ConsultingMapper.class]
2025-09-02 17:23:55.097 [Test worker] DEBUG o.m.s.mapper.ClassPathMapperScanner - Identified candidate component class: file [C:\Users\minwo\IdeaProjects\wicrm\build\classes\java\main\com\wio\crm\mapper\DashboardMapper.class]
2025-09-02 17:23:55.097 [Test worker] DEBUG o.m.s.mapper.ClassPathMapperScanner - Identified candidate component class: file [C:\Users\minwo\IdeaProjects\wicrm\build\classes\java\main\com\wio\crm\mapper\ExchangeStatsMapper.class]
2025-09-02 17:23:55.097 [Test worker] DEBUG o.m.s.mapper.ClassPathMapperScanner - Identified candidate component class: file [C:\Users\minwo\IdeaProjects\wicrm\build\classes\java\main\com\wio\crm\mapper\InvoiceMapper.class]
2025-09-02 17:23:55.097 [Test worker] DEBUG o.m.s.mapper.ClassPathMapperScanner - Identified candidate component class: file [C:\Users\minwo\IdeaProjects\wicrm\build\classes\java\main\com\wio\crm\mapper\LmsTrackingMapper.class]
2025-09-02 17:23:55.097 [Test worker] DEBUG o.m.s.mapper.ClassPathMapperScanner - Identified candidate component class: file [C:\Users\minwo\IdeaProjects\wicrm\build\classes\java\main\com\wio\crm\mapper\LoginHistoryMapper.class]
2025-09-02 17:23:55.097 [Test worker] DEBUG o.m.s.mapper.ClassPathMapperScanner - Identified candidate component class: file [C:\Users\minwo\IdeaProjects\wicrm\build\classes\java\main\com\wio\crm\mapper\LogisticsDirectReturnMapper.class]
2025-09-02 17:23:55.097 [Test worker] DEBUG o.m.s.mapper.ClassPathMapperScanner - Identified candidate component class: file [C:\Users\minwo\IdeaProjects\wicrm\build\classes\java\main\com\wio\crm\mapper\MenuMapper.class]
2025-09-02 17:23:55.097 [Test worker] DEBUG o.m.s.mapper.ClassPathMapperScanner - Identified candidate component class: file [C:\Users\minwo\IdeaProjects\wicrm\build\classes\java\main\com\wio\crm\mapper\MileageMapper.class]
2025-09-02 17:23:55.097 [Test worker] DEBUG o.m.s.mapper.ClassPathMapperScanner - Identified candidate component class: file [C:\Users\minwo\IdeaProjects\wicrm\build\classes\java\main\com\wio\crm\mapper\OrderMapper.class]
2025-09-02 17:23:55.097 [Test worker] DEBUG o.m.s.mapper.ClassPathMapperScanner - Identified candidate component class: file [C:\Users\minwo\IdeaProjects\wicrm\build\classes\java\main\com\wio\crm\mapper\ReturnItemMapper.class]
2025-09-02 17:23:55.098 [Test worker] DEBUG o.m.s.mapper.ClassPathMapperScanner - Identified candidate component class: file [C:\Users\minwo\IdeaProjects\wicrm\build\classes\java\main\com\wio\crm\mapper\ShippingPaymentMapper.class]
2025-09-02 17:23:55.098 [Test worker] DEBUG o.m.s.mapper.ClassPathMapperScanner - Identified candidate component class: file [C:\Users\minwo\IdeaProjects\wicrm\build\classes\java\main\com\wio\crm\mapper\StaticsMapper.class]
2025-09-02 17:23:55.098 [Test worker] DEBUG o.m.s.mapper.ClassPathMapperScanner - Identified candidate component class: file [C:\Users\minwo\IdeaProjects\wicrm\build\classes\java\main\com\wio\crm\mapper\Tcnt01EmpMapper.class]
2025-09-02 17:23:55.098 [Test worker] DEBUG o.m.s.mapper.ClassPathMapperScanner - Identified candidate component class: file [C:\Users\minwo\IdeaProjects\wicrm\build\classes\java\main\com\wio\crm\mapper\Temp01Mapper.class]
2025-09-02 17:23:55.098 [Test worker] DEBUG o.m.s.mapper.ClassPathMapperScanner - Identified candidate component class: file [C:\Users\minwo\IdeaProjects\wicrm\build\classes\java\main\com\wio\crm\mapper\TipdwMapper.class]
2025-09-02 17:23:55.098 [Test worker] DEBUG o.m.s.mapper.ClassPathMapperScanner - Identified candidate component class: file [C:\Users\minwo\IdeaProjects\wicrm\build\classes\java\main\com\wio\crm\mapper\UserApprovalMapper.class]
2025-09-02 17:23:55.098 [Test worker] DEBUG o.m.s.mapper.ClassPathMapperScanner - Identified candidate component class: file [C:\Users\minwo\IdeaProjects\wicrm\build\classes\java\main\com\wio\crm\mapper\UserMapper.class]
2025-09-02 17:23:55.101 [Test worker] DEBUG o.m.s.mapper.ClassPathMapperScanner - Creating MapperFactoryBean with name 'accountMapper' and 'com.wio.crm.mapper.AccountMapper' mapperInterface
2025-09-02 17:23:55.102 [Test worker] DEBUG o.m.s.mapper.ClassPathMapperScanner - Enabling autowire by type for MapperFactoryBean with name 'accountMapper'.
2025-09-02 17:23:55.103 [Test worker] DEBUG o.m.s.mapper.ClassPathMapperScanner - Creating MapperFactoryBean with name 'adminCodeMapper' and 'com.wio.crm.mapper.AdminCodeMapper' mapperInterface
2025-09-02 17:23:55.103 [Test worker] DEBUG o.m.s.mapper.ClassPathMapperScanner - Enabling autowire by type for MapperFactoryBean with name 'adminCodeMapper'.
2025-09-02 17:23:55.103 [Test worker] DEBUG o.m.s.mapper.ClassPathMapperScanner - Creating MapperFactoryBean with name 'bannerMapper' and 'com.wio.crm.mapper.BannerMapper' mapperInterface
2025-09-02 17:23:55.103 [Test worker] DEBUG o.m.s.mapper.ClassPathMapperScanner - Enabling autowire by type for MapperFactoryBean with name 'bannerMapper'.
2025-09-02 17:23:55.103 [Test worker] DEBUG o.m.s.mapper.ClassPathMapperScanner - Creating MapperFactoryBean with name 'boardMapper' and 'com.wio.crm.mapper.BoardMapper' mapperInterface
2025-09-02 17:23:55.104 [Test worker] DEBUG o.m.s.mapper.ClassPathMapperScanner - Enabling autowire by type for MapperFactoryBean with name 'boardMapper'.
2025-09-02 17:23:55.104 [Test worker] DEBUG o.m.s.mapper.ClassPathMapperScanner - Creating MapperFactoryBean with name 'consMapper' and 'com.wio.crm.mapper.ConsMapper' mapperInterface
2025-09-02 17:23:55.104 [Test worker] DEBUG o.m.s.mapper.ClassPathMapperScanner - Enabling autowire by type for MapperFactoryBean with name 'consMapper'.
2025-09-02 17:23:55.104 [Test worker] DEBUG o.m.s.mapper.ClassPathMapperScanner - Creating MapperFactoryBean with name 'consultingMapper' and 'com.wio.crm.mapper.ConsultingMapper' mapperInterface
2025-09-02 17:23:55.105 [Test worker] DEBUG o.m.s.mapper.ClassPathMapperScanner - Enabling autowire by type for MapperFactoryBean with name 'consultingMapper'.
2025-09-02 17:23:55.105 [Test worker] DEBUG o.m.s.mapper.ClassPathMapperScanner - Creating MapperFactoryBean with name 'dashboardMapper' and 'com.wio.crm.mapper.DashboardMapper' mapperInterface
2025-09-02 17:23:55.105 [Test worker] DEBUG o.m.s.mapper.ClassPathMapperScanner - Enabling autowire by type for MapperFactoryBean with name 'dashboardMapper'.
2025-09-02 17:23:55.105 [Test worker] DEBUG o.m.s.mapper.ClassPathMapperScanner - Creating MapperFactoryBean with name 'exchangeStatsMapper' and 'com.wio.crm.mapper.ExchangeStatsMapper' mapperInterface
2025-09-02 17:23:55.105 [Test worker] DEBUG o.m.s.mapper.ClassPathMapperScanner - Enabling autowire by type for MapperFactoryBean with name 'exchangeStatsMapper'.
2025-09-02 17:23:55.106 [Test worker] DEBUG o.m.s.mapper.ClassPathMapperScanner - Creating MapperFactoryBean with name 'invoiceMapper' and 'com.wio.crm.mapper.InvoiceMapper' mapperInterface
2025-09-02 17:23:55.106 [Test worker] DEBUG o.m.s.mapper.ClassPathMapperScanner - Enabling autowire by type for MapperFactoryBean with name 'invoiceMapper'.
2025-09-02 17:23:55.106 [Test worker] DEBUG o.m.s.mapper.ClassPathMapperScanner - Creating MapperFactoryBean with name 'lmsTrackingMapper' and 'com.wio.crm.mapper.LmsTrackingMapper' mapperInterface
2025-09-02 17:23:55.106 [Test worker] DEBUG o.m.s.mapper.ClassPathMapperScanner - Enabling autowire by type for MapperFactoryBean with name 'lmsTrackingMapper'.
2025-09-02 17:23:55.106 [Test worker] DEBUG o.m.s.mapper.ClassPathMapperScanner - Creating MapperFactoryBean with name 'loginHistoryMapper' and 'com.wio.crm.mapper.LoginHistoryMapper' mapperInterface
2025-09-02 17:23:55.107 [Test worker] DEBUG o.m.s.mapper.ClassPathMapperScanner - Enabling autowire by type for MapperFactoryBean with name 'loginHistoryMapper'.
2025-09-02 17:23:55.107 [Test worker] DEBUG o.m.s.mapper.ClassPathMapperScanner - Creating MapperFactoryBean with name 'logisticsDirectReturnMapper' and 'com.wio.crm.mapper.LogisticsDirectReturnMapper' mapperInterface
2025-09-02 17:23:55.107 [Test worker] DEBUG o.m.s.mapper.ClassPathMapperScanner - Enabling autowire by type for MapperFactoryBean with name 'logisticsDirectReturnMapper'.
2025-09-02 17:23:55.107 [Test worker] DEBUG o.m.s.mapper.ClassPathMapperScanner - Creating MapperFactoryBean with name 'menuMapper' and 'com.wio.crm.mapper.MenuMapper' mapperInterface
2025-09-02 17:23:55.107 [Test worker] DEBUG o.m.s.mapper.ClassPathMapperScanner - Enabling autowire by type for MapperFactoryBean with name 'menuMapper'.
2025-09-02 17:23:55.108 [Test worker] DEBUG o.m.s.mapper.ClassPathMapperScanner - Creating MapperFactoryBean with name 'mileageMapper' and 'com.wio.crm.mapper.MileageMapper' mapperInterface
2025-09-02 17:23:55.109 [Test worker] DEBUG o.m.s.mapper.ClassPathMapperScanner - Enabling autowire by type for MapperFactoryBean with name 'mileageMapper'.
2025-09-02 17:23:55.109 [Test worker] DEBUG o.m.s.mapper.ClassPathMapperScanner - Creating MapperFactoryBean with name 'orderMapper' and 'com.wio.crm.mapper.OrderMapper' mapperInterface
2025-09-02 17:23:55.109 [Test worker] DEBUG o.m.s.mapper.ClassPathMapperScanner - Enabling autowire by type for MapperFactoryBean with name 'orderMapper'.
2025-09-02 17:23:55.109 [Test worker] DEBUG o.m.s.mapper.ClassPathMapperScanner - Creating MapperFactoryBean with name 'returnItemMapper' and 'com.wio.crm.mapper.ReturnItemMapper' mapperInterface
2025-09-02 17:23:55.110 [Test worker] DEBUG o.m.s.mapper.ClassPathMapperScanner - Enabling autowire by type for MapperFactoryBean with name 'returnItemMapper'.
2025-09-02 17:23:55.110 [Test worker] DEBUG o.m.s.mapper.ClassPathMapperScanner - Creating MapperFactoryBean with name 'shippingPaymentMapper' and 'com.wio.crm.mapper.ShippingPaymentMapper' mapperInterface
2025-09-02 17:23:55.111 [Test worker] DEBUG o.m.s.mapper.ClassPathMapperScanner - Enabling autowire by type for MapperFactoryBean with name 'shippingPaymentMapper'.
2025-09-02 17:23:55.111 [Test worker] DEBUG o.m.s.mapper.ClassPathMapperScanner - Creating MapperFactoryBean with name 'staticsMapper' and 'com.wio.crm.mapper.StaticsMapper' mapperInterface
2025-09-02 17:23:55.111 [Test worker] DEBUG o.m.s.mapper.ClassPathMapperScanner - Enabling autowire by type for MapperFactoryBean with name 'staticsMapper'.
2025-09-02 17:23:55.112 [Test worker] DEBUG o.m.s.mapper.ClassPathMapperScanner - Creating MapperFactoryBean with name 'tcnt01EmpMapper' and 'com.wio.crm.mapper.Tcnt01EmpMapper' mapperInterface
2025-09-02 17:23:55.112 [Test worker] DEBUG o.m.s.mapper.ClassPathMapperScanner - Enabling autowire by type for MapperFactoryBean with name 'tcnt01EmpMapper'.
2025-09-02 17:23:55.112 [Test worker] DEBUG o.m.s.mapper.ClassPathMapperScanner - Creating MapperFactoryBean with name 'temp01Mapper' and 'com.wio.crm.mapper.Temp01Mapper' mapperInterface
2025-09-02 17:23:55.112 [Test worker] DEBUG o.m.s.mapper.ClassPathMapperScanner - Enabling autowire by type for MapperFactoryBean with name 'temp01Mapper'.
2025-09-02 17:23:55.112 [Test worker] DEBUG o.m.s.mapper.ClassPathMapperScanner - Creating MapperFactoryBean with name 'tipdwMapper' and 'com.wio.crm.mapper.TipdwMapper' mapperInterface
2025-09-02 17:23:55.113 [Test worker] DEBUG o.m.s.mapper.ClassPathMapperScanner - Enabling autowire by type for MapperFactoryBean with name 'tipdwMapper'.
2025-09-02 17:23:55.113 [Test worker] DEBUG o.m.s.mapper.ClassPathMapperScanner - Creating MapperFactoryBean with name 'userApprovalMapper' and 'com.wio.crm.mapper.UserApprovalMapper' mapperInterface
2025-09-02 17:23:55.113 [Test worker] DEBUG o.m.s.mapper.ClassPathMapperScanner - Enabling autowire by type for MapperFactoryBean with name 'userApprovalMapper'.
2025-09-02 17:23:55.114 [Test worker] DEBUG o.m.s.mapper.ClassPathMapperScanner - Creating MapperFactoryBean with name 'userMapper' and 'com.wio.crm.mapper.UserMapper' mapperInterface
2025-09-02 17:23:55.114 [Test worker] DEBUG o.m.s.mapper.ClassPathMapperScanner - Enabling autowire by type for MapperFactoryBean with name 'userMapper'.
2025-09-02 17:23:55.722 [Test worker] INFO  com.zaxxer.hikari.HikariDataSource - HikariPool-1 - Starting...
2025-09-02 17:23:56.060 [Test worker] INFO  com.zaxxer.hikari.pool.HikariPool - HikariPool-1 - Added connection oracle.jdbc.driver.T4CConnection@4895e8f6
2025-09-02 17:23:56.061 [Test worker] INFO  com.zaxxer.hikari.HikariDataSource - HikariPool-1 - Start completed.
2025-09-02 17:23:56.096 [Test worker] INFO  o.h.jpa.internal.util.LogHelper - HHH000204: Processing PersistenceUnitInfo [name: default]
2025-09-02 17:23:56.170 [Test worker] INFO  org.hibernate.Version - HHH000412: Hibernate ORM core version 6.4.1.Final
2025-09-02 17:23:56.207 [Test worker] INFO  o.h.c.i.RegionFactoryInitiator - HHH000026: Second-level cache disabled
2025-09-02 17:23:56.450 [Test worker] INFO  o.s.o.j.p.SpringPersistenceUnitInfo - No LoadTimeWeaver setup: ignoring JPA class transformer
2025-09-02 17:23:56.520 [Test worker] WARN  org.hibernate.dialect.Dialect - HHH000511: The 11.2.0 version for [org.hibernate.dialect.OracleDialect] is no longer supported, hence certain features may not work properly. The minimum supported version is 19.0.0. Check the community dialects project for available legacy versions.
2025-09-02 17:23:57.318 [Test worker] INFO  o.h.e.t.j.p.i.JtaPlatformInitiator - HHH000489: No JTA platform available (set 'hibernate.transaction.jta.platform' to enable JTA platform integration)
2025-09-02 17:23:57.321 [Test worker] INFO  o.s.o.j.LocalContainerEntityManagerFactoryBean - Initialized JPA EntityManagerFactory for persistence unit 'default'
2025-09-02 17:23:57.426 [Test worker] DEBUG o.apache.ibatis.logging.LogFactory - Logging initialized using 'class org.apache.ibatis.logging.slf4j.Slf4jImpl' adapter.
2025-09-02 17:23:57.542 [Test worker] DEBUG o.m.spring.SqlSessionFactoryBean - Parsed mapper file: 'file [C:\Users\minwo\IdeaProjects\wicrm\build\resources\main\mapper\AccountMapper.xml]'
2025-09-02 17:23:57.557 [Test worker] DEBUG o.m.spring.SqlSessionFactoryBean - Parsed mapper file: 'file [C:\Users\minwo\IdeaProjects\wicrm\build\resources\main\mapper\BoardMapper.xml]'
2025-09-02 17:23:57.573 [Test worker] DEBUG o.m.spring.SqlSessionFactoryBean - Parsed mapper file: 'file [C:\Users\minwo\IdeaProjects\wicrm\build\resources\main\mapper\ConsMapper.xml]'
2025-09-02 17:23:57.586 [Test worker] DEBUG o.m.spring.SqlSessionFactoryBean - Parsed mapper file: 'file [C:\Users\minwo\IdeaProjects\wicrm\build\resources\main\mapper\ConsultingMapper.xml]'
2025-09-02 17:23:57.608 [Test worker] DEBUG o.m.spring.SqlSessionFactoryBean - Parsed mapper file: 'file [C:\Users\minwo\IdeaProjects\wicrm\build\resources\main\mapper\DashboardMapper.xml]'
2025-09-02 17:23:57.624 [Test worker] DEBUG o.m.spring.SqlSessionFactoryBean - Parsed mapper file: 'file [C:\Users\minwo\IdeaProjects\wicrm\build\resources\main\mapper\ExchangeStatsMapper.xml]'
2025-09-02 17:23:57.631 [Test worker] DEBUG o.m.spring.SqlSessionFactoryBean - Parsed mapper file: 'file [C:\Users\minwo\IdeaProjects\wicrm\build\resources\main\mapper\InvoiceMapper.xml]'
2025-09-02 17:23:57.655 [Test worker] DEBUG o.m.spring.SqlSessionFactoryBean - Parsed mapper file: 'file [C:\Users\minwo\IdeaProjects\wicrm\build\resources\main\mapper\LmsTrackingMapper.xml]'
2025-09-02 17:23:57.672 [Test worker] DEBUG o.m.spring.SqlSessionFactoryBean - Parsed mapper file: 'file [C:\Users\minwo\IdeaProjects\wicrm\build\resources\main\mapper\LogisticsDirectReturnMapper.xml]'
2025-09-02 17:23:57.678 [Test worker] DEBUG o.m.spring.SqlSessionFactoryBean - Parsed mapper file: 'file [C:\Users\minwo\IdeaProjects\wicrm\build\resources\main\mapper\menuMapper.xml]'
2025-09-02 17:23:57.688 [Test worker] DEBUG o.m.spring.SqlSessionFactoryBean - Parsed mapper file: 'file [C:\Users\minwo\IdeaProjects\wicrm\build\resources\main\mapper\MileageMapper.xml]'
2025-09-02 17:23:57.696 [Test worker] DEBUG o.m.spring.SqlSessionFactoryBean - Parsed mapper file: 'file [C:\Users\minwo\IdeaProjects\wicrm\build\resources\main\mapper\OrderMapper.xml]'
2025-09-02 17:23:57.726 [Test worker] DEBUG o.m.spring.SqlSessionFactoryBean - Parsed mapper file: 'file [C:\Users\minwo\IdeaProjects\wicrm\build\resources\main\mapper\ReturnItemMapper.xml]'
2025-09-02 17:23:57.738 [Test worker] DEBUG o.m.spring.SqlSessionFactoryBean - Parsed mapper file: 'file [C:\Users\minwo\IdeaProjects\wicrm\build\resources\main\mapper\ShippingPaymentMapper.xml]'
2025-09-02 17:23:57.767 [Test worker] DEBUG o.m.spring.SqlSessionFactoryBean - Parsed mapper file: 'file [C:\Users\minwo\IdeaProjects\wicrm\build\resources\main\mapper\StaticsMapper.xml]'
2025-09-02 17:23:57.772 [Test worker] DEBUG o.m.spring.SqlSessionFactoryBean - Parsed mapper file: 'file [C:\Users\minwo\IdeaProjects\wicrm\build\resources\main\mapper\Tcnt01EmpMapper.xml]'
2025-09-02 17:23:57.788 [Test worker] DEBUG o.m.spring.SqlSessionFactoryBean - Parsed mapper file: 'file [C:\Users\minwo\IdeaProjects\wicrm\build\resources\main\mapper\UserApprovalMapper.xml]'
2025-09-02 17:23:58.496 [Test worker] INFO  o.s.d.j.r.query.QueryEnhancerFactory - Hibernate is in classpath; If applicable, HQL parser will be used.
2025-09-02 17:24:00.079 [Test worker] INFO  o.s.b.a.e.web.EndpointLinksResolver - Exposing 1 endpoint(s) beneath base path '/actuator'
2025-09-02 17:24:00.167 [Test worker] INFO  o.s.s.web.DefaultSecurityFilterChain - Will secure any request with [org.springframework.security.web.session.DisableEncodeUrlFilter@6eb61a31, org.springframework.security.web.context.request.async.WebAsyncManagerIntegrationFilter@4fbea847, org.springframework.security.web.context.SecurityContextHolderFilter@48322f0, org.springframework.security.web.header.HeaderWriterFilter@e6522bd, org.springframework.web.filter.CorsFilter@3cab74d2, org.springframework.security.web.csrf.CsrfFilter@dcaa310, org.springframework.security.web.authentication.logout.LogoutFilter@7ef7f6d5, org.springframework.security.web.authentication.UsernamePasswordAuthenticationFilter@687d4471, org.springframework.security.web.savedrequest.RequestCacheAwareFilter@1e9bc8, org.springframework.security.web.servletapi.SecurityContextHolderAwareRequestFilter@162796e1, org.springframework.security.web.authentication.AnonymousAuthenticationFilter@6e65fc8b, org.springframework.security.web.access.ExceptionTranslationFilter@6ce9a671, org.springframework.security.web.access.intercept.AuthorizationFilter@3596a9d5]
2025-09-02 17:24:00.200 [Test worker] WARN  o.s.s.c.a.web.builders.WebSecurity - You are asking Spring Security to ignore Ant [pattern='/assets/**']. This is not recommended -- please use permitAll via HttpSecurity#authorizeHttpRequests instead.
2025-09-02 17:24:00.200 [Test worker] INFO  o.s.s.web.DefaultSecurityFilterChain - Will not secure Ant [pattern='/assets/**']
2025-09-02 17:24:00.877 [Test worker] INFO  com.wio.crm.CrmApplicationTests - Started CrmApplicationTests in 7.333 seconds (process running for 8.191)
2025-09-02 17:24:01.306 [SpringApplicationShutdownHook] INFO  o.s.o.j.LocalContainerEntityManagerFactoryBean - Closing JPA EntityManagerFactory for persistence unit 'default'
2025-09-02 17:24:01.308 [SpringApplicationShutdownHook] INFO  com.zaxxer.hikari.HikariDataSource - HikariPool-1 - Shutdown initiated...
2025-09-02 17:24:01.349 [SpringApplicationShutdownHook] INFO  com.zaxxer.hikari.HikariDataSource - HikariPool-1 - Shutdown completed.
2025-09-02 17:25:32.118 [Test worker] INFO  com.wio.crm.CrmApplicationTests - Starting CrmApplicationTests using Java 17.0.16 with PID 3048 (started by minwo in C:\Users\minwo\IdeaProjects\wicrm)
2025-09-02 17:25:32.119 [Test worker] INFO  com.wio.crm.CrmApplicationTests - No active profile set, falling back to 1 default profile: "default"
2025-09-02 17:25:33.208 [Test worker] INFO  o.s.d.r.c.RepositoryConfigurationDelegate - Bootstrapping Spring Data JPA repositories in DEFAULT mode.
2025-09-02 17:25:33.353 [Test worker] INFO  o.s.d.r.c.RepositoryConfigurationDelegate - Finished Spring Data repository scanning in 137 ms. Found 3 JPA repository interfaces.
2025-09-02 17:25:33.448 [Test worker] DEBUG o.apache.ibatis.logging.LogFactory - Logging initialized using 'class org.apache.ibatis.logging.slf4j.Slf4jImpl' adapter.
2025-09-02 17:25:33.451 [Test worker] DEBUG o.m.s.mapper.ClassPathMapperScanner - Identified candidate component class: file [C:\Users\minwo\IdeaProjects\wicrm\build\classes\java\main\com\wio\crm\mapper\AccountMapper.class]
2025-09-02 17:25:33.451 [Test worker] DEBUG o.m.s.mapper.ClassPathMapperScanner - Identified candidate component class: file [C:\Users\minwo\IdeaProjects\wicrm\build\classes\java\main\com\wio\crm\mapper\AdminCodeMapper.class]
2025-09-02 17:25:33.451 [Test worker] DEBUG o.m.s.mapper.ClassPathMapperScanner - Identified candidate component class: file [C:\Users\minwo\IdeaProjects\wicrm\build\classes\java\main\com\wio\crm\mapper\BannerMapper.class]
2025-09-02 17:25:33.452 [Test worker] DEBUG o.m.s.mapper.ClassPathMapperScanner - Identified candidate component class: file [C:\Users\minwo\IdeaProjects\wicrm\build\classes\java\main\com\wio\crm\mapper\BoardMapper.class]
2025-09-02 17:25:33.452 [Test worker] DEBUG o.m.s.mapper.ClassPathMapperScanner - Identified candidate component class: file [C:\Users\minwo\IdeaProjects\wicrm\build\classes\java\main\com\wio\crm\mapper\ConsMapper.class]
2025-09-02 17:25:33.452 [Test worker] DEBUG o.m.s.mapper.ClassPathMapperScanner - Identified candidate component class: file [C:\Users\minwo\IdeaProjects\wicrm\build\classes\java\main\com\wio\crm\mapper\ConsultingMapper.class]
2025-09-02 17:25:33.452 [Test worker] DEBUG o.m.s.mapper.ClassPathMapperScanner - Identified candidate component class: file [C:\Users\minwo\IdeaProjects\wicrm\build\classes\java\main\com\wio\crm\mapper\DashboardMapper.class]
2025-09-02 17:25:33.452 [Test worker] DEBUG o.m.s.mapper.ClassPathMapperScanner - Identified candidate component class: file [C:\Users\minwo\IdeaProjects\wicrm\build\classes\java\main\com\wio\crm\mapper\ExchangeStatsMapper.class]
2025-09-02 17:25:33.452 [Test worker] DEBUG o.m.s.mapper.ClassPathMapperScanner - Identified candidate component class: file [C:\Users\minwo\IdeaProjects\wicrm\build\classes\java\main\com\wio\crm\mapper\InvoiceMapper.class]
2025-09-02 17:25:33.452 [Test worker] DEBUG o.m.s.mapper.ClassPathMapperScanner - Identified candidate component class: file [C:\Users\minwo\IdeaProjects\wicrm\build\classes\java\main\com\wio\crm\mapper\LmsTrackingMapper.class]
2025-09-02 17:25:33.452 [Test worker] DEBUG o.m.s.mapper.ClassPathMapperScanner - Identified candidate component class: file [C:\Users\minwo\IdeaProjects\wicrm\build\classes\java\main\com\wio\crm\mapper\LoginHistoryMapper.class]
2025-09-02 17:25:33.452 [Test worker] DEBUG o.m.s.mapper.ClassPathMapperScanner - Identified candidate component class: file [C:\Users\minwo\IdeaProjects\wicrm\build\classes\java\main\com\wio\crm\mapper\LogisticsDirectReturnMapper.class]
2025-09-02 17:25:33.452 [Test worker] DEBUG o.m.s.mapper.ClassPathMapperScanner - Identified candidate component class: file [C:\Users\minwo\IdeaProjects\wicrm\build\classes\java\main\com\wio\crm\mapper\MenuMapper.class]
2025-09-02 17:25:33.452 [Test worker] DEBUG o.m.s.mapper.ClassPathMapperScanner - Identified candidate component class: file [C:\Users\minwo\IdeaProjects\wicrm\build\classes\java\main\com\wio\crm\mapper\MileageMapper.class]
2025-09-02 17:25:33.452 [Test worker] DEBUG o.m.s.mapper.ClassPathMapperScanner - Identified candidate component class: file [C:\Users\minwo\IdeaProjects\wicrm\build\classes\java\main\com\wio\crm\mapper\OrderMapper.class]
2025-09-02 17:25:33.453 [Test worker] DEBUG o.m.s.mapper.ClassPathMapperScanner - Identified candidate component class: file [C:\Users\minwo\IdeaProjects\wicrm\build\classes\java\main\com\wio\crm\mapper\ReturnItemMapper.class]
2025-09-02 17:25:33.453 [Test worker] DEBUG o.m.s.mapper.ClassPathMapperScanner - Identified candidate component class: file [C:\Users\minwo\IdeaProjects\wicrm\build\classes\java\main\com\wio\crm\mapper\ShippingPaymentMapper.class]
2025-09-02 17:25:33.453 [Test worker] DEBUG o.m.s.mapper.ClassPathMapperScanner - Identified candidate component class: file [C:\Users\minwo\IdeaProjects\wicrm\build\classes\java\main\com\wio\crm\mapper\StaticsMapper.class]
2025-09-02 17:25:33.453 [Test worker] DEBUG o.m.s.mapper.ClassPathMapperScanner - Identified candidate component class: file [C:\Users\minwo\IdeaProjects\wicrm\build\classes\java\main\com\wio\crm\mapper\Tcnt01EmpMapper.class]
2025-09-02 17:25:33.453 [Test worker] DEBUG o.m.s.mapper.ClassPathMapperScanner - Identified candidate component class: file [C:\Users\minwo\IdeaProjects\wicrm\build\classes\java\main\com\wio\crm\mapper\Temp01Mapper.class]
2025-09-02 17:25:33.453 [Test worker] DEBUG o.m.s.mapper.ClassPathMapperScanner - Identified candidate component class: file [C:\Users\minwo\IdeaProjects\wicrm\build\classes\java\main\com\wio\crm\mapper\TipdwMapper.class]
2025-09-02 17:25:33.453 [Test worker] DEBUG o.m.s.mapper.ClassPathMapperScanner - Identified candidate component class: file [C:\Users\minwo\IdeaProjects\wicrm\build\classes\java\main\com\wio\crm\mapper\UserApprovalMapper.class]
2025-09-02 17:25:33.453 [Test worker] DEBUG o.m.s.mapper.ClassPathMapperScanner - Identified candidate component class: file [C:\Users\minwo\IdeaProjects\wicrm\build\classes\java\main\com\wio\crm\mapper\UserMapper.class]
2025-09-02 17:25:33.455 [Test worker] DEBUG o.m.s.mapper.ClassPathMapperScanner - Creating MapperFactoryBean with name 'accountMapper' and 'com.wio.crm.mapper.AccountMapper' mapperInterface
2025-09-02 17:25:33.457 [Test worker] DEBUG o.m.s.mapper.ClassPathMapperScanner - Enabling autowire by type for MapperFactoryBean with name 'accountMapper'.
2025-09-02 17:25:33.457 [Test worker] DEBUG o.m.s.mapper.ClassPathMapperScanner - Creating MapperFactoryBean with name 'adminCodeMapper' and 'com.wio.crm.mapper.AdminCodeMapper' mapperInterface
2025-09-02 17:25:33.458 [Test worker] DEBUG o.m.s.mapper.ClassPathMapperScanner - Enabling autowire by type for MapperFactoryBean with name 'adminCodeMapper'.
2025-09-02 17:25:33.458 [Test worker] DEBUG o.m.s.mapper.ClassPathMapperScanner - Creating MapperFactoryBean with name 'bannerMapper' and 'com.wio.crm.mapper.BannerMapper' mapperInterface
2025-09-02 17:25:33.458 [Test worker] DEBUG o.m.s.mapper.ClassPathMapperScanner - Enabling autowire by type for MapperFactoryBean with name 'bannerMapper'.
2025-09-02 17:25:33.459 [Test worker] DEBUG o.m.s.mapper.ClassPathMapperScanner - Creating MapperFactoryBean with name 'boardMapper' and 'com.wio.crm.mapper.BoardMapper' mapperInterface
2025-09-02 17:25:33.459 [Test worker] DEBUG o.m.s.mapper.ClassPathMapperScanner - Enabling autowire by type for MapperFactoryBean with name 'boardMapper'.
2025-09-02 17:25:33.459 [Test worker] DEBUG o.m.s.mapper.ClassPathMapperScanner - Creating MapperFactoryBean with name 'consMapper' and 'com.wio.crm.mapper.ConsMapper' mapperInterface
2025-09-02 17:25:33.459 [Test worker] DEBUG o.m.s.mapper.ClassPathMapperScanner - Enabling autowire by type for MapperFactoryBean with name 'consMapper'.
2025-09-02 17:25:33.459 [Test worker] DEBUG o.m.s.mapper.ClassPathMapperScanner - Creating MapperFactoryBean with name 'consultingMapper' and 'com.wio.crm.mapper.ConsultingMapper' mapperInterface
2025-09-02 17:25:33.460 [Test worker] DEBUG o.m.s.mapper.ClassPathMapperScanner - Enabling autowire by type for MapperFactoryBean with name 'consultingMapper'.
2025-09-02 17:25:33.460 [Test worker] DEBUG o.m.s.mapper.ClassPathMapperScanner - Creating MapperFactoryBean with name 'dashboardMapper' and 'com.wio.crm.mapper.DashboardMapper' mapperInterface
2025-09-02 17:25:33.460 [Test worker] DEBUG o.m.s.mapper.ClassPathMapperScanner - Enabling autowire by type for MapperFactoryBean with name 'dashboardMapper'.
2025-09-02 17:25:33.460 [Test worker] DEBUG o.m.s.mapper.ClassPathMapperScanner - Creating MapperFactoryBean with name 'exchangeStatsMapper' and 'com.wio.crm.mapper.ExchangeStatsMapper' mapperInterface
2025-09-02 17:25:33.461 [Test worker] DEBUG o.m.s.mapper.ClassPathMapperScanner - Enabling autowire by type for MapperFactoryBean with name 'exchangeStatsMapper'.
2025-09-02 17:25:33.461 [Test worker] DEBUG o.m.s.mapper.ClassPathMapperScanner - Creating MapperFactoryBean with name 'invoiceMapper' and 'com.wio.crm.mapper.InvoiceMapper' mapperInterface
2025-09-02 17:25:33.461 [Test worker] DEBUG o.m.s.mapper.ClassPathMapperScanner - Enabling autowire by type for MapperFactoryBean with name 'invoiceMapper'.
2025-09-02 17:25:33.461 [Test worker] DEBUG o.m.s.mapper.ClassPathMapperScanner - Creating MapperFactoryBean with name 'lmsTrackingMapper' and 'com.wio.crm.mapper.LmsTrackingMapper' mapperInterface
2025-09-02 17:25:33.461 [Test worker] DEBUG o.m.s.mapper.ClassPathMapperScanner - Enabling autowire by type for MapperFactoryBean with name 'lmsTrackingMapper'.
2025-09-02 17:25:33.462 [Test worker] DEBUG o.m.s.mapper.ClassPathMapperScanner - Creating MapperFactoryBean with name 'loginHistoryMapper' and 'com.wio.crm.mapper.LoginHistoryMapper' mapperInterface
2025-09-02 17:25:33.462 [Test worker] DEBUG o.m.s.mapper.ClassPathMapperScanner - Enabling autowire by type for MapperFactoryBean with name 'loginHistoryMapper'.
2025-09-02 17:25:33.462 [Test worker] DEBUG o.m.s.mapper.ClassPathMapperScanner - Creating MapperFactoryBean with name 'logisticsDirectReturnMapper' and 'com.wio.crm.mapper.LogisticsDirectReturnMapper' mapperInterface
2025-09-02 17:25:33.463 [Test worker] DEBUG o.m.s.mapper.ClassPathMapperScanner - Enabling autowire by type for MapperFactoryBean with name 'logisticsDirectReturnMapper'.
2025-09-02 17:25:33.463 [Test worker] DEBUG o.m.s.mapper.ClassPathMapperScanner - Creating MapperFactoryBean with name 'menuMapper' and 'com.wio.crm.mapper.MenuMapper' mapperInterface
2025-09-02 17:25:33.463 [Test worker] DEBUG o.m.s.mapper.ClassPathMapperScanner - Enabling autowire by type for MapperFactoryBean with name 'menuMapper'.
2025-09-02 17:25:33.463 [Test worker] DEBUG o.m.s.mapper.ClassPathMapperScanner - Creating MapperFactoryBean with name 'mileageMapper' and 'com.wio.crm.mapper.MileageMapper' mapperInterface
2025-09-02 17:25:33.464 [Test worker] DEBUG o.m.s.mapper.ClassPathMapperScanner - Enabling autowire by type for MapperFactoryBean with name 'mileageMapper'.
2025-09-02 17:25:33.464 [Test worker] DEBUG o.m.s.mapper.ClassPathMapperScanner - Creating MapperFactoryBean with name 'orderMapper' and 'com.wio.crm.mapper.OrderMapper' mapperInterface
2025-09-02 17:25:33.464 [Test worker] DEBUG o.m.s.mapper.ClassPathMapperScanner - Enabling autowire by type for MapperFactoryBean with name 'orderMapper'.
2025-09-02 17:25:33.464 [Test worker] DEBUG o.m.s.mapper.ClassPathMapperScanner - Creating MapperFactoryBean with name 'returnItemMapper' and 'com.wio.crm.mapper.ReturnItemMapper' mapperInterface
2025-09-02 17:25:33.464 [Test worker] DEBUG o.m.s.mapper.ClassPathMapperScanner - Enabling autowire by type for MapperFactoryBean with name 'returnItemMapper'.
2025-09-02 17:25:33.464 [Test worker] DEBUG o.m.s.mapper.ClassPathMapperScanner - Creating MapperFactoryBean with name 'shippingPaymentMapper' and 'com.wio.crm.mapper.ShippingPaymentMapper' mapperInterface
2025-09-02 17:25:33.465 [Test worker] DEBUG o.m.s.mapper.ClassPathMapperScanner - Enabling autowire by type for MapperFactoryBean with name 'shippingPaymentMapper'.
2025-09-02 17:25:33.465 [Test worker] DEBUG o.m.s.mapper.ClassPathMapperScanner - Creating MapperFactoryBean with name 'staticsMapper' and 'com.wio.crm.mapper.StaticsMapper' mapperInterface
2025-09-02 17:25:33.465 [Test worker] DEBUG o.m.s.mapper.ClassPathMapperScanner - Enabling autowire by type for MapperFactoryBean with name 'staticsMapper'.
2025-09-02 17:25:33.465 [Test worker] DEBUG o.m.s.mapper.ClassPathMapperScanner - Creating MapperFactoryBean with name 'tcnt01EmpMapper' and 'com.wio.crm.mapper.Tcnt01EmpMapper' mapperInterface
2025-09-02 17:25:33.466 [Test worker] DEBUG o.m.s.mapper.ClassPathMapperScanner - Enabling autowire by type for MapperFactoryBean with name 'tcnt01EmpMapper'.
2025-09-02 17:25:33.466 [Test worker] DEBUG o.m.s.mapper.ClassPathMapperScanner - Creating MapperFactoryBean with name 'temp01Mapper' and 'com.wio.crm.mapper.Temp01Mapper' mapperInterface
2025-09-02 17:25:33.466 [Test worker] DEBUG o.m.s.mapper.ClassPathMapperScanner - Enabling autowire by type for MapperFactoryBean with name 'temp01Mapper'.
2025-09-02 17:25:33.466 [Test worker] DEBUG o.m.s.mapper.ClassPathMapperScanner - Creating MapperFactoryBean with name 'tipdwMapper' and 'com.wio.crm.mapper.TipdwMapper' mapperInterface
2025-09-02 17:25:33.467 [Test worker] DEBUG o.m.s.mapper.ClassPathMapperScanner - Enabling autowire by type for MapperFactoryBean with name 'tipdwMapper'.
2025-09-02 17:25:33.467 [Test worker] DEBUG o.m.s.mapper.ClassPathMapperScanner - Creating MapperFactoryBean with name 'userApprovalMapper' and 'com.wio.crm.mapper.UserApprovalMapper' mapperInterface
2025-09-02 17:25:33.467 [Test worker] DEBUG o.m.s.mapper.ClassPathMapperScanner - Enabling autowire by type for MapperFactoryBean with name 'userApprovalMapper'.
2025-09-02 17:25:33.467 [Test worker] DEBUG o.m.s.mapper.ClassPathMapperScanner - Creating MapperFactoryBean with name 'userMapper' and 'com.wio.crm.mapper.UserMapper' mapperInterface
2025-09-02 17:25:33.468 [Test worker] DEBUG o.m.s.mapper.ClassPathMapperScanner - Enabling autowire by type for MapperFactoryBean with name 'userMapper'.
2025-09-02 17:25:34.095 [Test worker] INFO  com.zaxxer.hikari.HikariDataSource - HikariPool-1 - Starting...
2025-09-02 17:25:34.465 [Test worker] INFO  com.zaxxer.hikari.pool.HikariPool - HikariPool-1 - Added connection oracle.jdbc.driver.T4CConnection@254513e8
2025-09-02 17:25:34.466 [Test worker] INFO  com.zaxxer.hikari.HikariDataSource - HikariPool-1 - Start completed.
2025-09-02 17:25:34.502 [Test worker] INFO  o.h.jpa.internal.util.LogHelper - HHH000204: Processing PersistenceUnitInfo [name: default]
2025-09-02 17:25:34.570 [Test worker] INFO  org.hibernate.Version - HHH000412: Hibernate ORM core version 6.4.1.Final
2025-09-02 17:25:34.604 [Test worker] INFO  o.h.c.i.RegionFactoryInitiator - HHH000026: Second-level cache disabled
2025-09-02 17:25:34.812 [Test worker] INFO  o.s.o.j.p.SpringPersistenceUnitInfo - No LoadTimeWeaver setup: ignoring JPA class transformer
2025-09-02 17:25:34.892 [Test worker] WARN  org.hibernate.dialect.Dialect - HHH000511: The 11.2.0 version for [org.hibernate.dialect.OracleDialect] is no longer supported, hence certain features may not work properly. The minimum supported version is 19.0.0. Check the community dialects project for available legacy versions.
2025-09-02 17:25:35.853 [Test worker] INFO  o.h.e.t.j.p.i.JtaPlatformInitiator - HHH000489: No JTA platform available (set 'hibernate.transaction.jta.platform' to enable JTA platform integration)
2025-09-02 17:25:35.857 [Test worker] INFO  o.s.o.j.LocalContainerEntityManagerFactoryBean - Initialized JPA EntityManagerFactory for persistence unit 'default'
2025-09-02 17:25:35.929 [Test worker] DEBUG o.apache.ibatis.logging.LogFactory - Logging initialized using 'class org.apache.ibatis.logging.slf4j.Slf4jImpl' adapter.
2025-09-02 17:25:36.026 [Test worker] DEBUG o.m.spring.SqlSessionFactoryBean - Parsed mapper file: 'file [C:\Users\minwo\IdeaProjects\wicrm\build\resources\main\mapper\AccountMapper.xml]'
2025-09-02 17:25:36.040 [Test worker] DEBUG o.m.spring.SqlSessionFactoryBean - Parsed mapper file: 'file [C:\Users\minwo\IdeaProjects\wicrm\build\resources\main\mapper\BoardMapper.xml]'
2025-09-02 17:25:36.059 [Test worker] DEBUG o.m.spring.SqlSessionFactoryBean - Parsed mapper file: 'file [C:\Users\minwo\IdeaProjects\wicrm\build\resources\main\mapper\ConsMapper.xml]'
2025-09-02 17:25:36.078 [Test worker] DEBUG o.m.spring.SqlSessionFactoryBean - Parsed mapper file: 'file [C:\Users\minwo\IdeaProjects\wicrm\build\resources\main\mapper\ConsultingMapper.xml]'
2025-09-02 17:25:36.102 [Test worker] DEBUG o.m.spring.SqlSessionFactoryBean - Parsed mapper file: 'file [C:\Users\minwo\IdeaProjects\wicrm\build\resources\main\mapper\DashboardMapper.xml]'
2025-09-02 17:25:36.121 [Test worker] DEBUG o.m.spring.SqlSessionFactoryBean - Parsed mapper file: 'file [C:\Users\minwo\IdeaProjects\wicrm\build\resources\main\mapper\ExchangeStatsMapper.xml]'
2025-09-02 17:25:36.129 [Test worker] DEBUG o.m.spring.SqlSessionFactoryBean - Parsed mapper file: 'file [C:\Users\minwo\IdeaProjects\wicrm\build\resources\main\mapper\InvoiceMapper.xml]'
2025-09-02 17:25:36.155 [Test worker] DEBUG o.m.spring.SqlSessionFactoryBean - Parsed mapper file: 'file [C:\Users\minwo\IdeaProjects\wicrm\build\resources\main\mapper\LmsTrackingMapper.xml]'
2025-09-02 17:25:36.180 [Test worker] DEBUG o.m.spring.SqlSessionFactoryBean - Parsed mapper file: 'file [C:\Users\minwo\IdeaProjects\wicrm\build\resources\main\mapper\LogisticsDirectReturnMapper.xml]'
2025-09-02 17:25:36.187 [Test worker] DEBUG o.m.spring.SqlSessionFactoryBean - Parsed mapper file: 'file [C:\Users\minwo\IdeaProjects\wicrm\build\resources\main\mapper\menuMapper.xml]'
2025-09-02 17:25:36.198 [Test worker] DEBUG o.m.spring.SqlSessionFactoryBean - Parsed mapper file: 'file [C:\Users\minwo\IdeaProjects\wicrm\build\resources\main\mapper\MileageMapper.xml]'
2025-09-02 17:25:36.205 [Test worker] DEBUG o.m.spring.SqlSessionFactoryBean - Parsed mapper file: 'file [C:\Users\minwo\IdeaProjects\wicrm\build\resources\main\mapper\OrderMapper.xml]'
2025-09-02 17:25:36.233 [Test worker] DEBUG o.m.spring.SqlSessionFactoryBean - Parsed mapper file: 'file [C:\Users\minwo\IdeaProjects\wicrm\build\resources\main\mapper\ReturnItemMapper.xml]'
2025-09-02 17:25:36.244 [Test worker] DEBUG o.m.spring.SqlSessionFactoryBean - Parsed mapper file: 'file [C:\Users\minwo\IdeaProjects\wicrm\build\resources\main\mapper\ShippingPaymentMapper.xml]'
2025-09-02 17:25:36.272 [Test worker] DEBUG o.m.spring.SqlSessionFactoryBean - Parsed mapper file: 'file [C:\Users\minwo\IdeaProjects\wicrm\build\resources\main\mapper\StaticsMapper.xml]'
2025-09-02 17:25:36.277 [Test worker] DEBUG o.m.spring.SqlSessionFactoryBean - Parsed mapper file: 'file [C:\Users\minwo\IdeaProjects\wicrm\build\resources\main\mapper\Tcnt01EmpMapper.xml]'
2025-09-02 17:25:36.293 [Test worker] DEBUG o.m.spring.SqlSessionFactoryBean - Parsed mapper file: 'file [C:\Users\minwo\IdeaProjects\wicrm\build\resources\main\mapper\UserApprovalMapper.xml]'
2025-09-02 17:25:37.516 [Test worker] INFO  o.s.d.j.r.query.QueryEnhancerFactory - Hibernate is in classpath; If applicable, HQL parser will be used.
2025-09-02 17:25:39.706 [Test worker] INFO  o.s.b.a.e.web.EndpointLinksResolver - Exposing 1 endpoint(s) beneath base path '/actuator'
2025-09-02 17:25:39.782 [Test worker] INFO  o.s.s.web.DefaultSecurityFilterChain - Will secure any request with [org.springframework.security.web.session.DisableEncodeUrlFilter@51430893, org.springframework.security.web.context.request.async.WebAsyncManagerIntegrationFilter@3a5ecb62, org.springframework.security.web.context.SecurityContextHolderFilter@3408de38, org.springframework.security.web.header.HeaderWriterFilter@4452b545, org.springframework.web.filter.CorsFilter@58c9bef9, org.springframework.security.web.csrf.CsrfFilter@7625f4a7, org.springframework.security.web.authentication.logout.LogoutFilter@7fbb3144, org.springframework.security.web.authentication.UsernamePasswordAuthenticationFilter@fd42b93, org.springframework.security.web.savedrequest.RequestCacheAwareFilter@3bc079f1, org.springframework.security.web.servletapi.SecurityContextHolderAwareRequestFilter@15bb197, org.springframework.security.web.authentication.AnonymousAuthenticationFilter@7643c43, org.springframework.security.web.access.ExceptionTranslationFilter@303b9e6e, org.springframework.security.web.access.intercept.AuthorizationFilter@75c85a8a]
2025-09-02 17:25:39.797 [Test worker] WARN  o.s.s.c.a.web.builders.WebSecurity - You are asking Spring Security to ignore Ant [pattern='/assets/**']. This is not recommended -- please use permitAll via HttpSecurity#authorizeHttpRequests instead.
2025-09-02 17:25:39.797 [Test worker] INFO  o.s.s.web.DefaultSecurityFilterChain - Will not secure Ant [pattern='/assets/**']
2025-09-02 17:25:40.665 [Test worker] INFO  com.wio.crm.CrmApplicationTests - Started CrmApplicationTests in 8.827 seconds (process running for 9.712)
2025-09-02 17:25:41.218 [SpringApplicationShutdownHook] INFO  o.s.o.j.LocalContainerEntityManagerFactoryBean - Closing JPA EntityManagerFactory for persistence unit 'default'
2025-09-02 17:25:41.220 [SpringApplicationShutdownHook] INFO  com.zaxxer.hikari.HikariDataSource - HikariPool-1 - Shutdown initiated...
2025-09-02 17:25:41.269 [SpringApplicationShutdownHook] INFO  com.zaxxer.hikari.HikariDataSource - HikariPool-1 - Shutdown completed.
2025-09-02 17:26:23.175 [Test worker] INFO  com.wio.crm.CrmApplicationTests - Starting CrmApplicationTests using Java 17.0.16 with PID 18028 (started by minwo in C:\Users\minwo\IdeaProjects\wicrm)
2025-09-02 17:26:23.176 [Test worker] INFO  com.wio.crm.CrmApplicationTests - No active profile set, falling back to 1 default profile: "default"
2025-09-02 17:26:24.204 [Test worker] INFO  o.s.d.r.c.RepositoryConfigurationDelegate - Bootstrapping Spring Data JPA repositories in DEFAULT mode.
2025-09-02 17:26:24.362 [Test worker] INFO  o.s.d.r.c.RepositoryConfigurationDelegate - Finished Spring Data repository scanning in 151 ms. Found 3 JPA repository interfaces.
2025-09-02 17:26:24.449 [Test worker] DEBUG o.apache.ibatis.logging.LogFactory - Logging initialized using 'class org.apache.ibatis.logging.slf4j.Slf4jImpl' adapter.
2025-09-02 17:26:24.452 [Test worker] DEBUG o.m.s.mapper.ClassPathMapperScanner - Identified candidate component class: file [C:\Users\minwo\IdeaProjects\wicrm\build\classes\java\main\com\wio\crm\mapper\AccountMapper.class]
2025-09-02 17:26:24.452 [Test worker] DEBUG o.m.s.mapper.ClassPathMapperScanner - Identified candidate component class: file [C:\Users\minwo\IdeaProjects\wicrm\build\classes\java\main\com\wio\crm\mapper\AdminCodeMapper.class]
2025-09-02 17:26:24.452 [Test worker] DEBUG o.m.s.mapper.ClassPathMapperScanner - Identified candidate component class: file [C:\Users\minwo\IdeaProjects\wicrm\build\classes\java\main\com\wio\crm\mapper\BannerMapper.class]
2025-09-02 17:26:24.452 [Test worker] DEBUG o.m.s.mapper.ClassPathMapperScanner - Identified candidate component class: file [C:\Users\minwo\IdeaProjects\wicrm\build\classes\java\main\com\wio\crm\mapper\BoardMapper.class]
2025-09-02 17:26:24.452 [Test worker] DEBUG o.m.s.mapper.ClassPathMapperScanner - Identified candidate component class: file [C:\Users\minwo\IdeaProjects\wicrm\build\classes\java\main\com\wio\crm\mapper\ConsMapper.class]
2025-09-02 17:26:24.453 [Test worker] DEBUG o.m.s.mapper.ClassPathMapperScanner - Identified candidate component class: file [C:\Users\minwo\IdeaProjects\wicrm\build\classes\java\main\com\wio\crm\mapper\ConsultingMapper.class]
2025-09-02 17:26:24.453 [Test worker] DEBUG o.m.s.mapper.ClassPathMapperScanner - Identified candidate component class: file [C:\Users\minwo\IdeaProjects\wicrm\build\classes\java\main\com\wio\crm\mapper\DashboardMapper.class]
2025-09-02 17:26:24.453 [Test worker] DEBUG o.m.s.mapper.ClassPathMapperScanner - Identified candidate component class: file [C:\Users\minwo\IdeaProjects\wicrm\build\classes\java\main\com\wio\crm\mapper\ExchangeStatsMapper.class]
2025-09-02 17:26:24.453 [Test worker] DEBUG o.m.s.mapper.ClassPathMapperScanner - Identified candidate component class: file [C:\Users\minwo\IdeaProjects\wicrm\build\classes\java\main\com\wio\crm\mapper\InvoiceMapper.class]
2025-09-02 17:26:24.453 [Test worker] DEBUG o.m.s.mapper.ClassPathMapperScanner - Identified candidate component class: file [C:\Users\minwo\IdeaProjects\wicrm\build\classes\java\main\com\wio\crm\mapper\LmsTrackingMapper.class]
2025-09-02 17:26:24.453 [Test worker] DEBUG o.m.s.mapper.ClassPathMapperScanner - Identified candidate component class: file [C:\Users\minwo\IdeaProjects\wicrm\build\classes\java\main\com\wio\crm\mapper\LoginHistoryMapper.class]
2025-09-02 17:26:24.453 [Test worker] DEBUG o.m.s.mapper.ClassPathMapperScanner - Identified candidate component class: file [C:\Users\minwo\IdeaProjects\wicrm\build\classes\java\main\com\wio\crm\mapper\LogisticsDirectReturnMapper.class]
2025-09-02 17:26:24.453 [Test worker] DEBUG o.m.s.mapper.ClassPathMapperScanner - Identified candidate component class: file [C:\Users\minwo\IdeaProjects\wicrm\build\classes\java\main\com\wio\crm\mapper\MenuMapper.class]
2025-09-02 17:26:24.453 [Test worker] DEBUG o.m.s.mapper.ClassPathMapperScanner - Identified candidate component class: file [C:\Users\minwo\IdeaProjects\wicrm\build\classes\java\main\com\wio\crm\mapper\MileageMapper.class]
2025-09-02 17:26:24.453 [Test worker] DEBUG o.m.s.mapper.ClassPathMapperScanner - Identified candidate component class: file [C:\Users\minwo\IdeaProjects\wicrm\build\classes\java\main\com\wio\crm\mapper\OrderMapper.class]
2025-09-02 17:26:24.453 [Test worker] DEBUG o.m.s.mapper.ClassPathMapperScanner - Identified candidate component class: file [C:\Users\minwo\IdeaProjects\wicrm\build\classes\java\main\com\wio\crm\mapper\ReturnItemMapper.class]
2025-09-02 17:26:24.453 [Test worker] DEBUG o.m.s.mapper.ClassPathMapperScanner - Identified candidate component class: file [C:\Users\minwo\IdeaProjects\wicrm\build\classes\java\main\com\wio\crm\mapper\ShippingPaymentMapper.class]
2025-09-02 17:26:24.453 [Test worker] DEBUG o.m.s.mapper.ClassPathMapperScanner - Identified candidate component class: file [C:\Users\minwo\IdeaProjects\wicrm\build\classes\java\main\com\wio\crm\mapper\StaticsMapper.class]
2025-09-02 17:26:24.453 [Test worker] DEBUG o.m.s.mapper.ClassPathMapperScanner - Identified candidate component class: file [C:\Users\minwo\IdeaProjects\wicrm\build\classes\java\main\com\wio\crm\mapper\Tcnt01EmpMapper.class]
2025-09-02 17:26:24.453 [Test worker] DEBUG o.m.s.mapper.ClassPathMapperScanner - Identified candidate component class: file [C:\Users\minwo\IdeaProjects\wicrm\build\classes\java\main\com\wio\crm\mapper\Temp01Mapper.class]
2025-09-02 17:26:24.453 [Test worker] DEBUG o.m.s.mapper.ClassPathMapperScanner - Identified candidate component class: file [C:\Users\minwo\IdeaProjects\wicrm\build\classes\java\main\com\wio\crm\mapper\TipdwMapper.class]
2025-09-02 17:26:24.453 [Test worker] DEBUG o.m.s.mapper.ClassPathMapperScanner - Identified candidate component class: file [C:\Users\minwo\IdeaProjects\wicrm\build\classes\java\main\com\wio\crm\mapper\UserApprovalMapper.class]
2025-09-02 17:26:24.453 [Test worker] DEBUG o.m.s.mapper.ClassPathMapperScanner - Identified candidate component class: file [C:\Users\minwo\IdeaProjects\wicrm\build\classes\java\main\com\wio\crm\mapper\UserMapper.class]
2025-09-02 17:26:24.456 [Test worker] DEBUG o.m.s.mapper.ClassPathMapperScanner - Creating MapperFactoryBean with name 'accountMapper' and 'com.wio.crm.mapper.AccountMapper' mapperInterface
2025-09-02 17:26:24.457 [Test worker] DEBUG o.m.s.mapper.ClassPathMapperScanner - Enabling autowire by type for MapperFactoryBean with name 'accountMapper'.
2025-09-02 17:26:24.458 [Test worker] DEBUG o.m.s.mapper.ClassPathMapperScanner - Creating MapperFactoryBean with name 'adminCodeMapper' and 'com.wio.crm.mapper.AdminCodeMapper' mapperInterface
2025-09-02 17:26:24.458 [Test worker] DEBUG o.m.s.mapper.ClassPathMapperScanner - Enabling autowire by type for MapperFactoryBean with name 'adminCodeMapper'.
2025-09-02 17:26:24.459 [Test worker] DEBUG o.m.s.mapper.ClassPathMapperScanner - Creating MapperFactoryBean with name 'bannerMapper' and 'com.wio.crm.mapper.BannerMapper' mapperInterface
2025-09-02 17:26:24.459 [Test worker] DEBUG o.m.s.mapper.ClassPathMapperScanner - Enabling autowire by type for MapperFactoryBean with name 'bannerMapper'.
2025-09-02 17:26:24.459 [Test worker] DEBUG o.m.s.mapper.ClassPathMapperScanner - Creating MapperFactoryBean with name 'boardMapper' and 'com.wio.crm.mapper.BoardMapper' mapperInterface
2025-09-02 17:26:24.460 [Test worker] DEBUG o.m.s.mapper.ClassPathMapperScanner - Enabling autowire by type for MapperFactoryBean with name 'boardMapper'.
2025-09-02 17:26:24.460 [Test worker] DEBUG o.m.s.mapper.ClassPathMapperScanner - Creating MapperFactoryBean with name 'consMapper' and 'com.wio.crm.mapper.ConsMapper' mapperInterface
2025-09-02 17:26:24.460 [Test worker] DEBUG o.m.s.mapper.ClassPathMapperScanner - Enabling autowire by type for MapperFactoryBean with name 'consMapper'.
2025-09-02 17:26:24.460 [Test worker] DEBUG o.m.s.mapper.ClassPathMapperScanner - Creating MapperFactoryBean with name 'consultingMapper' and 'com.wio.crm.mapper.ConsultingMapper' mapperInterface
2025-09-02 17:26:24.461 [Test worker] DEBUG o.m.s.mapper.ClassPathMapperScanner - Enabling autowire by type for MapperFactoryBean with name 'consultingMapper'.
2025-09-02 17:26:24.461 [Test worker] DEBUG o.m.s.mapper.ClassPathMapperScanner - Creating MapperFactoryBean with name 'dashboardMapper' and 'com.wio.crm.mapper.DashboardMapper' mapperInterface
2025-09-02 17:26:24.461 [Test worker] DEBUG o.m.s.mapper.ClassPathMapperScanner - Enabling autowire by type for MapperFactoryBean with name 'dashboardMapper'.
2025-09-02 17:26:24.461 [Test worker] DEBUG o.m.s.mapper.ClassPathMapperScanner - Creating MapperFactoryBean with name 'exchangeStatsMapper' and 'com.wio.crm.mapper.ExchangeStatsMapper' mapperInterface
2025-09-02 17:26:24.462 [Test worker] DEBUG o.m.s.mapper.ClassPathMapperScanner - Enabling autowire by type for MapperFactoryBean with name 'exchangeStatsMapper'.
2025-09-02 17:26:24.462 [Test worker] DEBUG o.m.s.mapper.ClassPathMapperScanner - Creating MapperFactoryBean with name 'invoiceMapper' and 'com.wio.crm.mapper.InvoiceMapper' mapperInterface
2025-09-02 17:26:24.462 [Test worker] DEBUG o.m.s.mapper.ClassPathMapperScanner - Enabling autowire by type for MapperFactoryBean with name 'invoiceMapper'.
2025-09-02 17:26:24.462 [Test worker] DEBUG o.m.s.mapper.ClassPathMapperScanner - Creating MapperFactoryBean with name 'lmsTrackingMapper' and 'com.wio.crm.mapper.LmsTrackingMapper' mapperInterface
2025-09-02 17:26:24.462 [Test worker] DEBUG o.m.s.mapper.ClassPathMapperScanner - Enabling autowire by type for MapperFactoryBean with name 'lmsTrackingMapper'.
2025-09-02 17:26:24.462 [Test worker] DEBUG o.m.s.mapper.ClassPathMapperScanner - Creating MapperFactoryBean with name 'loginHistoryMapper' and 'com.wio.crm.mapper.LoginHistoryMapper' mapperInterface
2025-09-02 17:26:24.463 [Test worker] DEBUG o.m.s.mapper.ClassPathMapperScanner - Enabling autowire by type for MapperFactoryBean with name 'loginHistoryMapper'.
2025-09-02 17:26:24.463 [Test worker] DEBUG o.m.s.mapper.ClassPathMapperScanner - Creating MapperFactoryBean with name 'logisticsDirectReturnMapper' and 'com.wio.crm.mapper.LogisticsDirectReturnMapper' mapperInterface
2025-09-02 17:26:24.463 [Test worker] DEBUG o.m.s.mapper.ClassPathMapperScanner - Enabling autowire by type for MapperFactoryBean with name 'logisticsDirectReturnMapper'.
2025-09-02 17:26:24.463 [Test worker] DEBUG o.m.s.mapper.ClassPathMapperScanner - Creating MapperFactoryBean with name 'menuMapper' and 'com.wio.crm.mapper.MenuMapper' mapperInterface
2025-09-02 17:26:24.463 [Test worker] DEBUG o.m.s.mapper.ClassPathMapperScanner - Enabling autowire by type for MapperFactoryBean with name 'menuMapper'.
2025-09-02 17:26:24.464 [Test worker] DEBUG o.m.s.mapper.ClassPathMapperScanner - Creating MapperFactoryBean with name 'mileageMapper' and 'com.wio.crm.mapper.MileageMapper' mapperInterface
2025-09-02 17:26:24.464 [Test worker] DEBUG o.m.s.mapper.ClassPathMapperScanner - Enabling autowire by type for MapperFactoryBean with name 'mileageMapper'.
2025-09-02 17:26:24.464 [Test worker] DEBUG o.m.s.mapper.ClassPathMapperScanner - Creating MapperFactoryBean with name 'orderMapper' and 'com.wio.crm.mapper.OrderMapper' mapperInterface
2025-09-02 17:26:24.464 [Test worker] DEBUG o.m.s.mapper.ClassPathMapperScanner - Enabling autowire by type for MapperFactoryBean with name 'orderMapper'.
2025-09-02 17:26:24.464 [Test worker] DEBUG o.m.s.mapper.ClassPathMapperScanner - Creating MapperFactoryBean with name 'returnItemMapper' and 'com.wio.crm.mapper.ReturnItemMapper' mapperInterface
2025-09-02 17:26:24.465 [Test worker] DEBUG o.m.s.mapper.ClassPathMapperScanner - Enabling autowire by type for MapperFactoryBean with name 'returnItemMapper'.
2025-09-02 17:26:24.465 [Test worker] DEBUG o.m.s.mapper.ClassPathMapperScanner - Creating MapperFactoryBean with name 'shippingPaymentMapper' and 'com.wio.crm.mapper.ShippingPaymentMapper' mapperInterface
2025-09-02 17:26:24.465 [Test worker] DEBUG o.m.s.mapper.ClassPathMapperScanner - Enabling autowire by type for MapperFactoryBean with name 'shippingPaymentMapper'.
2025-09-02 17:26:24.465 [Test worker] DEBUG o.m.s.mapper.ClassPathMapperScanner - Creating MapperFactoryBean with name 'staticsMapper' and 'com.wio.crm.mapper.StaticsMapper' mapperInterface
2025-09-02 17:26:24.466 [Test worker] DEBUG o.m.s.mapper.ClassPathMapperScanner - Enabling autowire by type for MapperFactoryBean with name 'staticsMapper'.
2025-09-02 17:26:24.466 [Test worker] DEBUG o.m.s.mapper.ClassPathMapperScanner - Creating MapperFactoryBean with name 'tcnt01EmpMapper' and 'com.wio.crm.mapper.Tcnt01EmpMapper' mapperInterface
2025-09-02 17:26:24.466 [Test worker] DEBUG o.m.s.mapper.ClassPathMapperScanner - Enabling autowire by type for MapperFactoryBean with name 'tcnt01EmpMapper'.
2025-09-02 17:26:24.466 [Test worker] DEBUG o.m.s.mapper.ClassPathMapperScanner - Creating MapperFactoryBean with name 'temp01Mapper' and 'com.wio.crm.mapper.Temp01Mapper' mapperInterface
2025-09-02 17:26:24.466 [Test worker] DEBUG o.m.s.mapper.ClassPathMapperScanner - Enabling autowire by type for MapperFactoryBean with name 'temp01Mapper'.
2025-09-02 17:26:24.466 [Test worker] DEBUG o.m.s.mapper.ClassPathMapperScanner - Creating MapperFactoryBean with name 'tipdwMapper' and 'com.wio.crm.mapper.TipdwMapper' mapperInterface
2025-09-02 17:26:24.466 [Test worker] DEBUG o.m.s.mapper.ClassPathMapperScanner - Enabling autowire by type for MapperFactoryBean with name 'tipdwMapper'.
2025-09-02 17:26:24.466 [Test worker] DEBUG o.m.s.mapper.ClassPathMapperScanner - Creating MapperFactoryBean with name 'userApprovalMapper' and 'com.wio.crm.mapper.UserApprovalMapper' mapperInterface
2025-09-02 17:26:24.466 [Test worker] DEBUG o.m.s.mapper.ClassPathMapperScanner - Enabling autowire by type for MapperFactoryBean with name 'userApprovalMapper'.
2025-09-02 17:26:24.467 [Test worker] DEBUG o.m.s.mapper.ClassPathMapperScanner - Creating MapperFactoryBean with name 'userMapper' and 'com.wio.crm.mapper.UserMapper' mapperInterface
2025-09-02 17:26:24.467 [Test worker] DEBUG o.m.s.mapper.ClassPathMapperScanner - Enabling autowire by type for MapperFactoryBean with name 'userMapper'.
2025-09-02 17:26:25.041 [Test worker] INFO  com.zaxxer.hikari.HikariDataSource - HikariPool-1 - Starting...
2025-09-02 17:26:25.390 [Test worker] INFO  com.zaxxer.hikari.pool.HikariPool - HikariPool-1 - Added connection oracle.jdbc.driver.T4CConnection@62808e9e
2025-09-02 17:26:25.391 [Test worker] INFO  com.zaxxer.hikari.HikariDataSource - HikariPool-1 - Start completed.
2025-09-02 17:26:25.424 [Test worker] INFO  o.h.jpa.internal.util.LogHelper - HHH000204: Processing PersistenceUnitInfo [name: default]
2025-09-02 17:26:25.487 [Test worker] INFO  org.hibernate.Version - HHH000412: Hibernate ORM core version 6.4.1.Final
2025-09-02 17:26:25.517 [Test worker] INFO  o.h.c.i.RegionFactoryInitiator - HHH000026: Second-level cache disabled
2025-09-02 17:26:25.701 [Test worker] INFO  o.s.o.j.p.SpringPersistenceUnitInfo - No LoadTimeWeaver setup: ignoring JPA class transformer
2025-09-02 17:26:25.779 [Test worker] WARN  org.hibernate.dialect.Dialect - HHH000511: The 11.2.0 version for [org.hibernate.dialect.OracleDialect] is no longer supported, hence certain features may not work properly. The minimum supported version is 19.0.0. Check the community dialects project for available legacy versions.
2025-09-02 17:26:26.565 [Test worker] INFO  o.h.e.t.j.p.i.JtaPlatformInitiator - HHH000489: No JTA platform available (set 'hibernate.transaction.jta.platform' to enable JTA platform integration)
2025-09-02 17:26:26.568 [Test worker] INFO  o.s.o.j.LocalContainerEntityManagerFactoryBean - Initialized JPA EntityManagerFactory for persistence unit 'default'
2025-09-02 17:26:26.635 [Test worker] DEBUG o.apache.ibatis.logging.LogFactory - Logging initialized using 'class org.apache.ibatis.logging.slf4j.Slf4jImpl' adapter.
2025-09-02 17:26:26.733 [Test worker] DEBUG o.m.spring.SqlSessionFactoryBean - Parsed mapper file: 'file [C:\Users\minwo\IdeaProjects\wicrm\build\resources\main\mapper\AccountMapper.xml]'
2025-09-02 17:26:26.755 [Test worker] DEBUG o.m.spring.SqlSessionFactoryBean - Parsed mapper file: 'file [C:\Users\minwo\IdeaProjects\wicrm\build\resources\main\mapper\BoardMapper.xml]'
2025-09-02 17:26:26.767 [Test worker] DEBUG o.m.spring.SqlSessionFactoryBean - Parsed mapper file: 'file [C:\Users\minwo\IdeaProjects\wicrm\build\resources\main\mapper\ConsMapper.xml]'
2025-09-02 17:26:26.782 [Test worker] DEBUG o.m.spring.SqlSessionFactoryBean - Parsed mapper file: 'file [C:\Users\minwo\IdeaProjects\wicrm\build\resources\main\mapper\ConsultingMapper.xml]'
2025-09-02 17:26:26.800 [Test worker] DEBUG o.m.spring.SqlSessionFactoryBean - Parsed mapper file: 'file [C:\Users\minwo\IdeaProjects\wicrm\build\resources\main\mapper\DashboardMapper.xml]'
2025-09-02 17:26:26.816 [Test worker] DEBUG o.m.spring.SqlSessionFactoryBean - Parsed mapper file: 'file [C:\Users\minwo\IdeaProjects\wicrm\build\resources\main\mapper\ExchangeStatsMapper.xml]'
2025-09-02 17:26:26.824 [Test worker] DEBUG o.m.spring.SqlSessionFactoryBean - Parsed mapper file: 'file [C:\Users\minwo\IdeaProjects\wicrm\build\resources\main\mapper\InvoiceMapper.xml]'
2025-09-02 17:26:26.848 [Test worker] DEBUG o.m.spring.SqlSessionFactoryBean - Parsed mapper file: 'file [C:\Users\minwo\IdeaProjects\wicrm\build\resources\main\mapper\LmsTrackingMapper.xml]'
2025-09-02 17:26:26.865 [Test worker] DEBUG o.m.spring.SqlSessionFactoryBean - Parsed mapper file: 'file [C:\Users\minwo\IdeaProjects\wicrm\build\resources\main\mapper\LogisticsDirectReturnMapper.xml]'
2025-09-02 17:26:26.868 [Test worker] DEBUG o.m.spring.SqlSessionFactoryBean - Parsed mapper file: 'file [C:\Users\minwo\IdeaProjects\wicrm\build\resources\main\mapper\menuMapper.xml]'
2025-09-02 17:26:26.875 [Test worker] DEBUG o.m.spring.SqlSessionFactoryBean - Parsed mapper file: 'file [C:\Users\minwo\IdeaProjects\wicrm\build\resources\main\mapper\MileageMapper.xml]'
2025-09-02 17:26:26.882 [Test worker] DEBUG o.m.spring.SqlSessionFactoryBean - Parsed mapper file: 'file [C:\Users\minwo\IdeaProjects\wicrm\build\resources\main\mapper\OrderMapper.xml]'
2025-09-02 17:26:26.906 [Test worker] DEBUG o.m.spring.SqlSessionFactoryBean - Parsed mapper file: 'file [C:\Users\minwo\IdeaProjects\wicrm\build\resources\main\mapper\ReturnItemMapper.xml]'
2025-09-02 17:26:26.916 [Test worker] DEBUG o.m.spring.SqlSessionFactoryBean - Parsed mapper file: 'file [C:\Users\minwo\IdeaProjects\wicrm\build\resources\main\mapper\ShippingPaymentMapper.xml]'
2025-09-02 17:26:26.953 [Test worker] DEBUG o.m.spring.SqlSessionFactoryBean - Parsed mapper file: 'file [C:\Users\minwo\IdeaProjects\wicrm\build\resources\main\mapper\StaticsMapper.xml]'
2025-09-02 17:26:26.957 [Test worker] DEBUG o.m.spring.SqlSessionFactoryBean - Parsed mapper file: 'file [C:\Users\minwo\IdeaProjects\wicrm\build\resources\main\mapper\Tcnt01EmpMapper.xml]'
2025-09-02 17:26:26.971 [Test worker] DEBUG o.m.spring.SqlSessionFactoryBean - Parsed mapper file: 'file [C:\Users\minwo\IdeaProjects\wicrm\build\resources\main\mapper\UserApprovalMapper.xml]'
2025-09-02 17:26:27.652 [Test worker] INFO  o.s.d.j.r.query.QueryEnhancerFactory - Hibernate is in classpath; If applicable, HQL parser will be used.
2025-09-02 17:26:29.315 [Test worker] INFO  o.s.b.a.e.web.EndpointLinksResolver - Exposing 1 endpoint(s) beneath base path '/actuator'
2025-09-02 17:26:29.391 [Test worker] INFO  o.s.s.web.DefaultSecurityFilterChain - Will secure any request with [org.springframework.security.web.session.DisableEncodeUrlFilter@745b4ed4, org.springframework.security.web.context.request.async.WebAsyncManagerIntegrationFilter@250b6762, org.springframework.security.web.context.SecurityContextHolderFilter@21775abc, org.springframework.security.web.header.HeaderWriterFilter@52357015, org.springframework.web.filter.CorsFilter@22448db4, org.springframework.security.web.csrf.CsrfFilter@3dddef98, org.springframework.security.web.authentication.logout.LogoutFilter@6d70965d, org.springframework.security.web.authentication.UsernamePasswordAuthenticationFilter@1232a981, org.springframework.security.web.savedrequest.RequestCacheAwareFilter@4d923ffc, org.springframework.security.web.servletapi.SecurityContextHolderAwareRequestFilter@61f94cac, org.springframework.security.web.authentication.AnonymousAuthenticationFilter@1eb85e83, org.springframework.security.web.access.ExceptionTranslationFilter@5cf69333, org.springframework.security.web.access.intercept.AuthorizationFilter@1062f767]
2025-09-02 17:26:29.406 [Test worker] WARN  o.s.s.c.a.web.builders.WebSecurity - You are asking Spring Security to ignore Ant [pattern='/assets/**']. This is not recommended -- please use permitAll via HttpSecurity#authorizeHttpRequests instead.
2025-09-02 17:26:29.407 [Test worker] INFO  o.s.s.web.DefaultSecurityFilterChain - Will not secure Ant [pattern='/assets/**']
2025-09-02 17:26:30.117 [Test worker] INFO  com.wio.crm.CrmApplicationTests - Started CrmApplicationTests in 7.198 seconds (process running for 8.044)
2025-09-02 17:26:30.599 [SpringApplicationShutdownHook] INFO  o.s.o.j.LocalContainerEntityManagerFactoryBean - Closing JPA EntityManagerFactory for persistence unit 'default'
2025-09-02 17:26:30.600 [SpringApplicationShutdownHook] INFO  com.zaxxer.hikari.HikariDataSource - HikariPool-1 - Shutdown initiated...
2025-09-02 17:26:30.646 [SpringApplicationShutdownHook] INFO  com.zaxxer.hikari.HikariDataSource - HikariPool-1 - Shutdown completed.
2025-09-02 17:52:40.006 [restartedMain] INFO  com.wio.crm.CrmApplication - Starting CrmApplication using Java 17.0.16 with PID 51048 (C:\Users\minwo\IdeaProjects\wicrm\out\production\classes started by minwo in C:\Users\minwo\IdeaProjects\wicrm)
2025-09-02 17:52:40.007 [restartedMain] INFO  com.wio.crm.CrmApplication - No active profile set, falling back to 1 default profile: "default"
2025-09-02 17:52:40.144 [restartedMain] INFO  o.s.b.d.restart.ChangeableUrls - The Class-Path manifest attribute in C:\Users\minwo\.gradle\caches\modules-2\files-2.1\com.oracle.database.jdbc\ojdbc8\21.5.0.0\eb13f0948ca8675f71d59b5e8a1129d4c6189e7a\ojdbc8-21.5.0.0.jar referenced one or more files that do not exist: file:/C:/Users/minwo/.gradle/caches/modules-2/files-2.1/com.oracle.database.jdbc/ojdbc8/21.5.0.0/eb13f0948ca8675f71d59b5e8a1129d4c6189e7a/oraclepki.jar
2025-09-02 17:52:40.144 [restartedMain] INFO  o.s.b.d.restart.ChangeableUrls - The Class-Path manifest attribute in C:\Users\minwo\.gradle\caches\modules-2\files-2.1\com.oracle.ojdbc\orai18n\19.3.0.0\a6960d6c18840e07dbc5b6afe760d099e47517bb\orai18n-19.3.0.0.jar referenced one or more files that do not exist: file:/C:/Users/minwo/.gradle/caches/modules-2/files-2.1/com.oracle.ojdbc/orai18n/19.3.0.0/a6960d6c18840e07dbc5b6afe760d099e47517bb/orai18n-mapping.jar,file:/C:/Users/minwo/.gradle/caches/modules-2/files-2.1/com.oracle.ojdbc/orai18n/19.3.0.0/a6960d6c18840e07dbc5b6afe760d099e47517bb/orai18n-utility.jar,file:/C:/Users/minwo/.gradle/caches/modules-2/files-2.1/com.oracle.ojdbc/orai18n/19.3.0.0/a6960d6c18840e07dbc5b6afe760d099e47517bb/orai18n-collation.jar,file:/C:/Users/minwo/.gradle/caches/modules-2/files-2.1/com.oracle.ojdbc/orai18n/19.3.0.0/a6960d6c18840e07dbc5b6afe760d099e47517bb/orai18n-translation.jar,file:/C:/Users/minwo/.gradle/caches/modules-2/files-2.1/com.oracle.ojdbc/orai18n/19.3.0.0/a6960d6c18840e07dbc5b6afe760d099e47517bb/orai18n-net.jar,file:/C:/Users/minwo/.gradle/caches/modules-2/files-2.1/com.oracle.ojdbc/orai18n/19.3.0.0/a6960d6c18840e07dbc5b6afe760d099e47517bb/orai18n-servlet.jar,file:/C:/Users/minwo/.gradle/caches/modules-2/files-2.1/com.oracle.ojdbc/orai18n/19.3.0.0/a6960d6c18840e07dbc5b6afe760d099e47517bb/orai18n-lcsd.jar,file:/C:/Users/minwo/.gradle/caches/modules-2/files-2.1/com.oracle.ojdbc/orai18n/19.3.0.0/a6960d6c18840e07dbc5b6afe760d099e47517bb/orai18n-tools.jar,file:/C:/Users/minwo/.gradle/caches/modules-2/files-2.1/com.oracle.ojdbc/orai18n/19.3.0.0/a6960d6c18840e07dbc5b6afe760d099e47517bb/gdk_custom.jar
2025-09-02 17:52:40.144 [restartedMain] INFO  o.s.b.d.e.DevToolsPropertyDefaultsPostProcessor - Devtools property defaults active! Set 'spring.devtools.add-properties' to 'false' to disable
2025-09-02 17:52:40.144 [restartedMain] INFO  o.s.b.d.e.DevToolsPropertyDefaultsPostProcessor - For additional web related logging consider setting the 'logging.level.web' property to 'DEBUG'
2025-09-02 17:52:41.032 [restartedMain] INFO  o.s.d.r.c.RepositoryConfigurationDelegate - Bootstrapping Spring Data JPA repositories in DEFAULT mode.
2025-09-02 17:52:41.132 [restartedMain] INFO  o.s.d.r.c.RepositoryConfigurationDelegate - Finished Spring Data repository scanning in 95 ms. Found 3 JPA repository interfaces.
2025-09-02 17:52:41.200 [restartedMain] DEBUG o.apache.ibatis.logging.LogFactory - Logging initialized using 'class org.apache.ibatis.logging.slf4j.Slf4jImpl' adapter.
2025-09-02 17:52:41.202 [restartedMain] DEBUG o.m.s.mapper.ClassPathMapperScanner - Identified candidate component class: file [C:\Users\minwo\IdeaProjects\wicrm\out\production\classes\com\wio\crm\mapper\AccountMapper.class]
2025-09-02 17:52:41.202 [restartedMain] DEBUG o.m.s.mapper.ClassPathMapperScanner - Identified candidate component class: file [C:\Users\minwo\IdeaProjects\wicrm\out\production\classes\com\wio\crm\mapper\AdminCodeMapper.class]
2025-09-02 17:52:41.202 [restartedMain] DEBUG o.m.s.mapper.ClassPathMapperScanner - Identified candidate component class: file [C:\Users\minwo\IdeaProjects\wicrm\out\production\classes\com\wio\crm\mapper\BannerMapper.class]
2025-09-02 17:52:41.202 [restartedMain] DEBUG o.m.s.mapper.ClassPathMapperScanner - Identified candidate component class: file [C:\Users\minwo\IdeaProjects\wicrm\out\production\classes\com\wio\crm\mapper\BoardMapper.class]
2025-09-02 17:52:41.202 [restartedMain] DEBUG o.m.s.mapper.ClassPathMapperScanner - Identified candidate component class: file [C:\Users\minwo\IdeaProjects\wicrm\out\production\classes\com\wio\crm\mapper\ConsMapper.class]
2025-09-02 17:52:41.202 [restartedMain] DEBUG o.m.s.mapper.ClassPathMapperScanner - Identified candidate component class: file [C:\Users\minwo\IdeaProjects\wicrm\out\production\classes\com\wio\crm\mapper\ConsultingMapper.class]
2025-09-02 17:52:41.202 [restartedMain] DEBUG o.m.s.mapper.ClassPathMapperScanner - Identified candidate component class: file [C:\Users\minwo\IdeaProjects\wicrm\out\production\classes\com\wio\crm\mapper\DashboardMapper.class]
2025-09-02 17:52:41.202 [restartedMain] DEBUG o.m.s.mapper.ClassPathMapperScanner - Identified candidate component class: file [C:\Users\minwo\IdeaProjects\wicrm\out\production\classes\com\wio\crm\mapper\ExchangeStatsMapper.class]
2025-09-02 17:52:41.202 [restartedMain] DEBUG o.m.s.mapper.ClassPathMapperScanner - Identified candidate component class: file [C:\Users\minwo\IdeaProjects\wicrm\out\production\classes\com\wio\crm\mapper\InvoiceMapper.class]
2025-09-02 17:52:41.202 [restartedMain] DEBUG o.m.s.mapper.ClassPathMapperScanner - Identified candidate component class: file [C:\Users\minwo\IdeaProjects\wicrm\out\production\classes\com\wio\crm\mapper\LmsTrackingMapper.class]
2025-09-02 17:52:41.202 [restartedMain] DEBUG o.m.s.mapper.ClassPathMapperScanner - Identified candidate component class: file [C:\Users\minwo\IdeaProjects\wicrm\out\production\classes\com\wio\crm\mapper\LoginHistoryMapper.class]
2025-09-02 17:52:41.202 [restartedMain] DEBUG o.m.s.mapper.ClassPathMapperScanner - Identified candidate component class: file [C:\Users\minwo\IdeaProjects\wicrm\out\production\classes\com\wio\crm\mapper\LogisticsDirectReturnMapper.class]
2025-09-02 17:52:41.202 [restartedMain] DEBUG o.m.s.mapper.ClassPathMapperScanner - Identified candidate component class: file [C:\Users\minwo\IdeaProjects\wicrm\out\production\classes\com\wio\crm\mapper\MenuMapper.class]
2025-09-02 17:52:41.202 [restartedMain] DEBUG o.m.s.mapper.ClassPathMapperScanner - Identified candidate component class: file [C:\Users\minwo\IdeaProjects\wicrm\out\production\classes\com\wio\crm\mapper\MileageMapper.class]
2025-09-02 17:52:41.202 [restartedMain] DEBUG o.m.s.mapper.ClassPathMapperScanner - Identified candidate component class: file [C:\Users\minwo\IdeaProjects\wicrm\out\production\classes\com\wio\crm\mapper\OrderMapper.class]
2025-09-02 17:52:41.202 [restartedMain] DEBUG o.m.s.mapper.ClassPathMapperScanner - Identified candidate component class: file [C:\Users\minwo\IdeaProjects\wicrm\out\production\classes\com\wio\crm\mapper\ReturnItemMapper.class]
2025-09-02 17:52:41.202 [restartedMain] DEBUG o.m.s.mapper.ClassPathMapperScanner - Identified candidate component class: file [C:\Users\minwo\IdeaProjects\wicrm\out\production\classes\com\wio\crm\mapper\ShippingPaymentMapper.class]
2025-09-02 17:52:41.202 [restartedMain] DEBUG o.m.s.mapper.ClassPathMapperScanner - Identified candidate component class: file [C:\Users\minwo\IdeaProjects\wicrm\out\production\classes\com\wio\crm\mapper\StaticsMapper.class]
2025-09-02 17:52:41.202 [restartedMain] DEBUG o.m.s.mapper.ClassPathMapperScanner - Identified candidate component class: file [C:\Users\minwo\IdeaProjects\wicrm\out\production\classes\com\wio\crm\mapper\Tcnt01EmpMapper.class]
2025-09-02 17:52:41.202 [restartedMain] DEBUG o.m.s.mapper.ClassPathMapperScanner - Identified candidate component class: file [C:\Users\minwo\IdeaProjects\wicrm\out\production\classes\com\wio\crm\mapper\Temp01Mapper.class]
2025-09-02 17:52:41.202 [restartedMain] DEBUG o.m.s.mapper.ClassPathMapperScanner - Identified candidate component class: file [C:\Users\minwo\IdeaProjects\wicrm\out\production\classes\com\wio\crm\mapper\TipdwMapper.class]
2025-09-02 17:52:41.202 [restartedMain] DEBUG o.m.s.mapper.ClassPathMapperScanner - Identified candidate component class: file [C:\Users\minwo\IdeaProjects\wicrm\out\production\classes\com\wio\crm\mapper\UserApprovalMapper.class]
2025-09-02 17:52:41.202 [restartedMain] DEBUG o.m.s.mapper.ClassPathMapperScanner - Identified candidate component class: file [C:\Users\minwo\IdeaProjects\wicrm\out\production\classes\com\wio\crm\mapper\UserMapper.class]
2025-09-02 17:52:41.203 [restartedMain] DEBUG o.m.s.mapper.ClassPathMapperScanner - Creating MapperFactoryBean with name 'accountMapper' and 'com.wio.crm.mapper.AccountMapper' mapperInterface
2025-09-02 17:52:41.204 [restartedMain] DEBUG o.m.s.mapper.ClassPathMapperScanner - Enabling autowire by type for MapperFactoryBean with name 'accountMapper'.
2025-09-02 17:52:41.204 [restartedMain] DEBUG o.m.s.mapper.ClassPathMapperScanner - Creating MapperFactoryBean with name 'adminCodeMapper' and 'com.wio.crm.mapper.AdminCodeMapper' mapperInterface
2025-09-02 17:52:41.205 [restartedMain] DEBUG o.m.s.mapper.ClassPathMapperScanner - Enabling autowire by type for MapperFactoryBean with name 'adminCodeMapper'.
2025-09-02 17:52:41.205 [restartedMain] DEBUG o.m.s.mapper.ClassPathMapperScanner - Creating MapperFactoryBean with name 'bannerMapper' and 'com.wio.crm.mapper.BannerMapper' mapperInterface
2025-09-02 17:52:41.205 [restartedMain] DEBUG o.m.s.mapper.ClassPathMapperScanner - Enabling autowire by type for MapperFactoryBean with name 'bannerMapper'.
2025-09-02 17:52:41.205 [restartedMain] DEBUG o.m.s.mapper.ClassPathMapperScanner - Creating MapperFactoryBean with name 'boardMapper' and 'com.wio.crm.mapper.BoardMapper' mapperInterface
2025-09-02 17:52:41.205 [restartedMain] DEBUG o.m.s.mapper.ClassPathMapperScanner - Enabling autowire by type for MapperFactoryBean with name 'boardMapper'.
2025-09-02 17:52:41.205 [restartedMain] DEBUG o.m.s.mapper.ClassPathMapperScanner - Creating MapperFactoryBean with name 'consMapper' and 'com.wio.crm.mapper.ConsMapper' mapperInterface
2025-09-02 17:52:41.205 [restartedMain] DEBUG o.m.s.mapper.ClassPathMapperScanner - Enabling autowire by type for MapperFactoryBean with name 'consMapper'.
2025-09-02 17:52:41.205 [restartedMain] DEBUG o.m.s.mapper.ClassPathMapperScanner - Creating MapperFactoryBean with name 'consultingMapper' and 'com.wio.crm.mapper.ConsultingMapper' mapperInterface
2025-09-02 17:52:41.206 [restartedMain] DEBUG o.m.s.mapper.ClassPathMapperScanner - Enabling autowire by type for MapperFactoryBean with name 'consultingMapper'.
2025-09-02 17:52:41.206 [restartedMain] DEBUG o.m.s.mapper.ClassPathMapperScanner - Creating MapperFactoryBean with name 'dashboardMapper' and 'com.wio.crm.mapper.DashboardMapper' mapperInterface
2025-09-02 17:52:41.206 [restartedMain] DEBUG o.m.s.mapper.ClassPathMapperScanner - Enabling autowire by type for MapperFactoryBean with name 'dashboardMapper'.
2025-09-02 17:52:41.206 [restartedMain] DEBUG o.m.s.mapper.ClassPathMapperScanner - Creating MapperFactoryBean with name 'exchangeStatsMapper' and 'com.wio.crm.mapper.ExchangeStatsMapper' mapperInterface
2025-09-02 17:52:41.206 [restartedMain] DEBUG o.m.s.mapper.ClassPathMapperScanner - Enabling autowire by type for MapperFactoryBean with name 'exchangeStatsMapper'.
2025-09-02 17:52:41.206 [restartedMain] DEBUG o.m.s.mapper.ClassPathMapperScanner - Creating MapperFactoryBean with name 'invoiceMapper' and 'com.wio.crm.mapper.InvoiceMapper' mapperInterface
2025-09-02 17:52:41.207 [restartedMain] DEBUG o.m.s.mapper.ClassPathMapperScanner - Enabling autowire by type for MapperFactoryBean with name 'invoiceMapper'.
2025-09-02 17:52:41.207 [restartedMain] DEBUG o.m.s.mapper.ClassPathMapperScanner - Creating MapperFactoryBean with name 'lmsTrackingMapper' and 'com.wio.crm.mapper.LmsTrackingMapper' mapperInterface
2025-09-02 17:52:41.207 [restartedMain] DEBUG o.m.s.mapper.ClassPathMapperScanner - Enabling autowire by type for MapperFactoryBean with name 'lmsTrackingMapper'.
2025-09-02 17:52:41.207 [restartedMain] DEBUG o.m.s.mapper.ClassPathMapperScanner - Creating MapperFactoryBean with name 'loginHistoryMapper' and 'com.wio.crm.mapper.LoginHistoryMapper' mapperInterface
2025-09-02 17:52:41.207 [restartedMain] DEBUG o.m.s.mapper.ClassPathMapperScanner - Enabling autowire by type for MapperFactoryBean with name 'loginHistoryMapper'.
2025-09-02 17:52:41.207 [restartedMain] DEBUG o.m.s.mapper.ClassPathMapperScanner - Creating MapperFactoryBean with name 'logisticsDirectReturnMapper' and 'com.wio.crm.mapper.LogisticsDirectReturnMapper' mapperInterface
2025-09-02 17:52:41.207 [restartedMain] DEBUG o.m.s.mapper.ClassPathMapperScanner - Enabling autowire by type for MapperFactoryBean with name 'logisticsDirectReturnMapper'.
2025-09-02 17:52:41.207 [restartedMain] DEBUG o.m.s.mapper.ClassPathMapperScanner - Creating MapperFactoryBean with name 'menuMapper' and 'com.wio.crm.mapper.MenuMapper' mapperInterface
2025-09-02 17:52:41.207 [restartedMain] DEBUG o.m.s.mapper.ClassPathMapperScanner - Enabling autowire by type for MapperFactoryBean with name 'menuMapper'.
2025-09-02 17:52:41.207 [restartedMain] DEBUG o.m.s.mapper.ClassPathMapperScanner - Creating MapperFactoryBean with name 'mileageMapper' and 'com.wio.crm.mapper.MileageMapper' mapperInterface
2025-09-02 17:52:41.207 [restartedMain] DEBUG o.m.s.mapper.ClassPathMapperScanner - Enabling autowire by type for MapperFactoryBean with name 'mileageMapper'.
2025-09-02 17:52:41.207 [restartedMain] DEBUG o.m.s.mapper.ClassPathMapperScanner - Creating MapperFactoryBean with name 'orderMapper' and 'com.wio.crm.mapper.OrderMapper' mapperInterface
2025-09-02 17:52:41.208 [restartedMain] DEBUG o.m.s.mapper.ClassPathMapperScanner - Enabling autowire by type for MapperFactoryBean with name 'orderMapper'.
2025-09-02 17:52:41.208 [restartedMain] DEBUG o.m.s.mapper.ClassPathMapperScanner - Creating MapperFactoryBean with name 'returnItemMapper' and 'com.wio.crm.mapper.ReturnItemMapper' mapperInterface
2025-09-02 17:52:41.209 [restartedMain] DEBUG o.m.s.mapper.ClassPathMapperScanner - Enabling autowire by type for MapperFactoryBean with name 'returnItemMapper'.
2025-09-02 17:52:41.209 [restartedMain] DEBUG o.m.s.mapper.ClassPathMapperScanner - Creating MapperFactoryBean with name 'shippingPaymentMapper' and 'com.wio.crm.mapper.ShippingPaymentMapper' mapperInterface
2025-09-02 17:52:41.209 [restartedMain] DEBUG o.m.s.mapper.ClassPathMapperScanner - Enabling autowire by type for MapperFactoryBean with name 'shippingPaymentMapper'.
2025-09-02 17:52:41.209 [restartedMain] DEBUG o.m.s.mapper.ClassPathMapperScanner - Creating MapperFactoryBean with name 'staticsMapper' and 'com.wio.crm.mapper.StaticsMapper' mapperInterface
2025-09-02 17:52:41.210 [restartedMain] DEBUG o.m.s.mapper.ClassPathMapperScanner - Enabling autowire by type for MapperFactoryBean with name 'staticsMapper'.
2025-09-02 17:52:41.210 [restartedMain] DEBUG o.m.s.mapper.ClassPathMapperScanner - Creating MapperFactoryBean with name 'tcnt01EmpMapper' and 'com.wio.crm.mapper.Tcnt01EmpMapper' mapperInterface
2025-09-02 17:52:41.210 [restartedMain] DEBUG o.m.s.mapper.ClassPathMapperScanner - Enabling autowire by type for MapperFactoryBean with name 'tcnt01EmpMapper'.
2025-09-02 17:52:41.210 [restartedMain] DEBUG o.m.s.mapper.ClassPathMapperScanner - Creating MapperFactoryBean with name 'temp01Mapper' and 'com.wio.crm.mapper.Temp01Mapper' mapperInterface
2025-09-02 17:52:41.210 [restartedMain] DEBUG o.m.s.mapper.ClassPathMapperScanner - Enabling autowire by type for MapperFactoryBean with name 'temp01Mapper'.
2025-09-02 17:52:41.210 [restartedMain] DEBUG o.m.s.mapper.ClassPathMapperScanner - Creating MapperFactoryBean with name 'tipdwMapper' and 'com.wio.crm.mapper.TipdwMapper' mapperInterface
2025-09-02 17:52:41.211 [restartedMain] DEBUG o.m.s.mapper.ClassPathMapperScanner - Enabling autowire by type for MapperFactoryBean with name 'tipdwMapper'.
2025-09-02 17:52:41.211 [restartedMain] DEBUG o.m.s.mapper.ClassPathMapperScanner - Creating MapperFactoryBean with name 'userApprovalMapper' and 'com.wio.crm.mapper.UserApprovalMapper' mapperInterface
2025-09-02 17:52:41.211 [restartedMain] DEBUG o.m.s.mapper.ClassPathMapperScanner - Enabling autowire by type for MapperFactoryBean with name 'userApprovalMapper'.
2025-09-02 17:52:41.211 [restartedMain] DEBUG o.m.s.mapper.ClassPathMapperScanner - Creating MapperFactoryBean with name 'userMapper' and 'com.wio.crm.mapper.UserMapper' mapperInterface
2025-09-02 17:52:41.211 [restartedMain] DEBUG o.m.s.mapper.ClassPathMapperScanner - Enabling autowire by type for MapperFactoryBean with name 'userMapper'.
2025-09-02 17:52:41.626 [restartedMain] WARN  o.s.b.w.s.c.AnnotationConfigServletWebServerApplicationContext - Exception encountered during context initialization - cancelling refresh attempt: org.springframework.context.ApplicationContextException: Unable to start web server
2025-09-02 17:52:41.632 [restartedMain] INFO  o.s.b.a.l.ConditionEvaluationReportLogger - 

Error starting ApplicationContext. To display the condition evaluation report re-run your application with 'debug' enabled.
2025-09-02 17:52:41.646 [restartedMain] ERROR o.s.boot.SpringApplication - Application run failed
org.springframework.context.ApplicationContextException: Unable to start web server
	at org.springframework.boot.web.servlet.context.ServletWebServerApplicationContext.onRefresh(ServletWebServerApplicationContext.java:165)
	at org.springframework.context.support.AbstractApplicationContext.refresh(AbstractApplicationContext.java:619)
	at org.springframework.boot.web.servlet.context.ServletWebServerApplicationContext.refresh(ServletWebServerApplicationContext.java:146)
	at org.springframework.boot.SpringApplication.refresh(SpringApplication.java:762)
	at org.springframework.boot.SpringApplication.refreshContext(SpringApplication.java:464)
	at org.springframework.boot.SpringApplication.run(SpringApplication.java:334)
	at org.springframework.boot.SpringApplication.run(SpringApplication.java:1358)
	at org.springframework.boot.SpringApplication.run(SpringApplication.java:1347)
	at com.wio.crm.CrmApplication.main(CrmApplication.java:13)
	at java.base/jdk.internal.reflect.NativeMethodAccessorImpl.invoke0(Native Method)
	at java.base/jdk.internal.reflect.NativeMethodAccessorImpl.invoke(NativeMethodAccessorImpl.java:77)
	at java.base/jdk.internal.reflect.DelegatingMethodAccessorImpl.invoke(DelegatingMethodAccessorImpl.java:43)
	at java.base/java.lang.reflect.Method.invoke(Method.java:569)
	at org.springframework.boot.devtools.restart.RestartLauncher.run(RestartLauncher.java:50)
Caused by: java.lang.IllegalStateException: Unable to create key store: Could not load store from 'classpath:keystore.p12'
	at org.springframework.boot.ssl.jks.JksSslStoreBundle.createKeyStore(JksSslStoreBundle.java:93)
	at org.springframework.boot.ssl.jks.JksSslStoreBundle.<init>(JksSslStoreBundle.java:56)
	at org.springframework.boot.web.server.WebServerSslBundle.createJksStoreBundle(WebServerSslBundle.java:77)
	at org.springframework.boot.web.server.WebServerSslBundle.createStoreBundle(WebServerSslBundle.java:164)
	at org.springframework.boot.web.server.WebServerSslBundle.get(WebServerSslBundle.java:155)
	at org.springframework.boot.web.server.AbstractConfigurableWebServerFactory.getSslBundle(AbstractConfigurableWebServerFactory.java:225)
	at org.springframework.boot.web.embedded.tomcat.TomcatServletWebServerFactory.customizeSsl(TomcatServletWebServerFactory.java:373)
	at org.springframework.boot.web.embedded.tomcat.TomcatServletWebServerFactory.customizeConnector(TomcatServletWebServerFactory.java:349)
	at org.springframework.boot.web.embedded.tomcat.TomcatServletWebServerFactory.getWebServer(TomcatServletWebServerFactory.java:210)
	at org.springframework.boot.web.servlet.context.ServletWebServerApplicationContext.createWebServer(ServletWebServerApplicationContext.java:188)
	at org.springframework.boot.web.servlet.context.ServletWebServerApplicationContext.onRefresh(ServletWebServerApplicationContext.java:162)
	... 13 common frames omitted
Caused by: java.lang.IllegalStateException: Could not load store from 'classpath:keystore.p12'
	at org.springframework.boot.ssl.jks.JksSslStoreBundle.loadKeyStore(JksSslStoreBundle.java:122)
	at org.springframework.boot.ssl.jks.JksSslStoreBundle.createKeyStore(JksSslStoreBundle.java:88)
	... 23 common frames omitted
Caused by: java.io.FileNotFoundException: class path resource [keystore.p12] cannot be resolved to URL because it does not exist
	at org.springframework.util.ResourceUtils.getURL(ResourceUtils.java:138)
	at org.springframework.boot.ssl.jks.JksSslStoreBundle.loadKeyStore(JksSslStoreBundle.java:116)
	... 24 common frames omitted
2025-09-02 17:57:25.610 [restartedMain] INFO  com.wio.crm.CrmApplication - Starting CrmApplication using Java 17.0.16 with PID 43020 (C:\Users\minwo\IdeaProjects\wicrm\out\production\classes started by minwo in C:\Users\minwo\IdeaProjects\wicrm)
2025-09-02 17:57:25.612 [restartedMain] INFO  com.wio.crm.CrmApplication - No active profile set, falling back to 1 default profile: "default"
2025-09-02 17:57:25.759 [restartedMain] INFO  o.s.b.d.restart.ChangeableUrls - The Class-Path manifest attribute in C:\Users\minwo\.gradle\caches\modules-2\files-2.1\com.oracle.database.jdbc\ojdbc8\21.5.0.0\eb13f0948ca8675f71d59b5e8a1129d4c6189e7a\ojdbc8-21.5.0.0.jar referenced one or more files that do not exist: file:/C:/Users/minwo/.gradle/caches/modules-2/files-2.1/com.oracle.database.jdbc/ojdbc8/21.5.0.0/eb13f0948ca8675f71d59b5e8a1129d4c6189e7a/oraclepki.jar
2025-09-02 17:57:25.759 [restartedMain] INFO  o.s.b.d.restart.ChangeableUrls - The Class-Path manifest attribute in C:\Users\minwo\.gradle\caches\modules-2\files-2.1\com.oracle.ojdbc\orai18n\19.3.0.0\a6960d6c18840e07dbc5b6afe760d099e47517bb\orai18n-19.3.0.0.jar referenced one or more files that do not exist: file:/C:/Users/minwo/.gradle/caches/modules-2/files-2.1/com.oracle.ojdbc/orai18n/19.3.0.0/a6960d6c18840e07dbc5b6afe760d099e47517bb/orai18n-mapping.jar,file:/C:/Users/minwo/.gradle/caches/modules-2/files-2.1/com.oracle.ojdbc/orai18n/19.3.0.0/a6960d6c18840e07dbc5b6afe760d099e47517bb/orai18n-utility.jar,file:/C:/Users/minwo/.gradle/caches/modules-2/files-2.1/com.oracle.ojdbc/orai18n/19.3.0.0/a6960d6c18840e07dbc5b6afe760d099e47517bb/orai18n-collation.jar,file:/C:/Users/minwo/.gradle/caches/modules-2/files-2.1/com.oracle.ojdbc/orai18n/19.3.0.0/a6960d6c18840e07dbc5b6afe760d099e47517bb/orai18n-translation.jar,file:/C:/Users/minwo/.gradle/caches/modules-2/files-2.1/com.oracle.ojdbc/orai18n/19.3.0.0/a6960d6c18840e07dbc5b6afe760d099e47517bb/orai18n-net.jar,file:/C:/Users/minwo/.gradle/caches/modules-2/files-2.1/com.oracle.ojdbc/orai18n/19.3.0.0/a6960d6c18840e07dbc5b6afe760d099e47517bb/orai18n-servlet.jar,file:/C:/Users/minwo/.gradle/caches/modules-2/files-2.1/com.oracle.ojdbc/orai18n/19.3.0.0/a6960d6c18840e07dbc5b6afe760d099e47517bb/orai18n-lcsd.jar,file:/C:/Users/minwo/.gradle/caches/modules-2/files-2.1/com.oracle.ojdbc/orai18n/19.3.0.0/a6960d6c18840e07dbc5b6afe760d099e47517bb/orai18n-tools.jar,file:/C:/Users/minwo/.gradle/caches/modules-2/files-2.1/com.oracle.ojdbc/orai18n/19.3.0.0/a6960d6c18840e07dbc5b6afe760d099e47517bb/gdk_custom.jar
2025-09-02 17:57:25.759 [restartedMain] INFO  o.s.b.d.e.DevToolsPropertyDefaultsPostProcessor - Devtools property defaults active! Set 'spring.devtools.add-properties' to 'false' to disable
2025-09-02 17:57:25.759 [restartedMain] INFO  o.s.b.d.e.DevToolsPropertyDefaultsPostProcessor - For additional web related logging consider setting the 'logging.level.web' property to 'DEBUG'
2025-09-02 17:57:26.579 [restartedMain] INFO  o.s.d.r.c.RepositoryConfigurationDelegate - Bootstrapping Spring Data JPA repositories in DEFAULT mode.
2025-09-02 17:57:26.699 [restartedMain] INFO  o.s.d.r.c.RepositoryConfigurationDelegate - Finished Spring Data repository scanning in 113 ms. Found 3 JPA repository interfaces.
2025-09-02 17:57:26.787 [restartedMain] DEBUG o.apache.ibatis.logging.LogFactory - Logging initialized using 'class org.apache.ibatis.logging.slf4j.Slf4jImpl' adapter.
2025-09-02 17:57:26.789 [restartedMain] DEBUG o.m.s.mapper.ClassPathMapperScanner - Identified candidate component class: file [C:\Users\minwo\IdeaProjects\wicrm\out\production\classes\com\wio\crm\mapper\AccountMapper.class]
2025-09-02 17:57:26.789 [restartedMain] DEBUG o.m.s.mapper.ClassPathMapperScanner - Identified candidate component class: file [C:\Users\minwo\IdeaProjects\wicrm\out\production\classes\com\wio\crm\mapper\AdminCodeMapper.class]
2025-09-02 17:57:26.789 [restartedMain] DEBUG o.m.s.mapper.ClassPathMapperScanner - Identified candidate component class: file [C:\Users\minwo\IdeaProjects\wicrm\out\production\classes\com\wio\crm\mapper\BannerMapper.class]
2025-09-02 17:57:26.789 [restartedMain] DEBUG o.m.s.mapper.ClassPathMapperScanner - Identified candidate component class: file [C:\Users\minwo\IdeaProjects\wicrm\out\production\classes\com\wio\crm\mapper\BoardMapper.class]
2025-09-02 17:57:26.789 [restartedMain] DEBUG o.m.s.mapper.ClassPathMapperScanner - Identified candidate component class: file [C:\Users\minwo\IdeaProjects\wicrm\out\production\classes\com\wio\crm\mapper\ConsMapper.class]
2025-09-02 17:57:26.789 [restartedMain] DEBUG o.m.s.mapper.ClassPathMapperScanner - Identified candidate component class: file [C:\Users\minwo\IdeaProjects\wicrm\out\production\classes\com\wio\crm\mapper\ConsultingMapper.class]
2025-09-02 17:57:26.790 [restartedMain] DEBUG o.m.s.mapper.ClassPathMapperScanner - Identified candidate component class: file [C:\Users\minwo\IdeaProjects\wicrm\out\production\classes\com\wio\crm\mapper\DashboardMapper.class]
2025-09-02 17:57:26.790 [restartedMain] DEBUG o.m.s.mapper.ClassPathMapperScanner - Identified candidate component class: file [C:\Users\minwo\IdeaProjects\wicrm\out\production\classes\com\wio\crm\mapper\ExchangeStatsMapper.class]
2025-09-02 17:57:26.790 [restartedMain] DEBUG o.m.s.mapper.ClassPathMapperScanner - Identified candidate component class: file [C:\Users\minwo\IdeaProjects\wicrm\out\production\classes\com\wio\crm\mapper\InvoiceMapper.class]
2025-09-02 17:57:26.790 [restartedMain] DEBUG o.m.s.mapper.ClassPathMapperScanner - Identified candidate component class: file [C:\Users\minwo\IdeaProjects\wicrm\out\production\classes\com\wio\crm\mapper\LmsTrackingMapper.class]
2025-09-02 17:57:26.790 [restartedMain] DEBUG o.m.s.mapper.ClassPathMapperScanner - Identified candidate component class: file [C:\Users\minwo\IdeaProjects\wicrm\out\production\classes\com\wio\crm\mapper\LoginHistoryMapper.class]
2025-09-02 17:57:26.790 [restartedMain] DEBUG o.m.s.mapper.ClassPathMapperScanner - Identified candidate component class: file [C:\Users\minwo\IdeaProjects\wicrm\out\production\classes\com\wio\crm\mapper\LogisticsDirectReturnMapper.class]
2025-09-02 17:57:26.790 [restartedMain] DEBUG o.m.s.mapper.ClassPathMapperScanner - Identified candidate component class: file [C:\Users\minwo\IdeaProjects\wicrm\out\production\classes\com\wio\crm\mapper\MenuMapper.class]
2025-09-02 17:57:26.790 [restartedMain] DEBUG o.m.s.mapper.ClassPathMapperScanner - Identified candidate component class: file [C:\Users\minwo\IdeaProjects\wicrm\out\production\classes\com\wio\crm\mapper\MileageMapper.class]
2025-09-02 17:57:26.790 [restartedMain] DEBUG o.m.s.mapper.ClassPathMapperScanner - Identified candidate component class: file [C:\Users\minwo\IdeaProjects\wicrm\out\production\classes\com\wio\crm\mapper\OrderMapper.class]
2025-09-02 17:57:26.790 [restartedMain] DEBUG o.m.s.mapper.ClassPathMapperScanner - Identified candidate component class: file [C:\Users\minwo\IdeaProjects\wicrm\out\production\classes\com\wio\crm\mapper\ReturnItemMapper.class]
2025-09-02 17:57:26.790 [restartedMain] DEBUG o.m.s.mapper.ClassPathMapperScanner - Identified candidate component class: file [C:\Users\minwo\IdeaProjects\wicrm\out\production\classes\com\wio\crm\mapper\ShippingPaymentMapper.class]
2025-09-02 17:57:26.790 [restartedMain] DEBUG o.m.s.mapper.ClassPathMapperScanner - Identified candidate component class: file [C:\Users\minwo\IdeaProjects\wicrm\out\production\classes\com\wio\crm\mapper\StaticsMapper.class]
2025-09-02 17:57:26.790 [restartedMain] DEBUG o.m.s.mapper.ClassPathMapperScanner - Identified candidate component class: file [C:\Users\minwo\IdeaProjects\wicrm\out\production\classes\com\wio\crm\mapper\Tcnt01EmpMapper.class]
2025-09-02 17:57:26.790 [restartedMain] DEBUG o.m.s.mapper.ClassPathMapperScanner - Identified candidate component class: file [C:\Users\minwo\IdeaProjects\wicrm\out\production\classes\com\wio\crm\mapper\Temp01Mapper.class]
2025-09-02 17:57:26.790 [restartedMain] DEBUG o.m.s.mapper.ClassPathMapperScanner - Identified candidate component class: file [C:\Users\minwo\IdeaProjects\wicrm\out\production\classes\com\wio\crm\mapper\TipdwMapper.class]
2025-09-02 17:57:26.790 [restartedMain] DEBUG o.m.s.mapper.ClassPathMapperScanner - Identified candidate component class: file [C:\Users\minwo\IdeaProjects\wicrm\out\production\classes\com\wio\crm\mapper\UserApprovalMapper.class]
2025-09-02 17:57:26.790 [restartedMain] DEBUG o.m.s.mapper.ClassPathMapperScanner - Identified candidate component class: file [C:\Users\minwo\IdeaProjects\wicrm\out\production\classes\com\wio\crm\mapper\UserMapper.class]
2025-09-02 17:57:26.791 [restartedMain] DEBUG o.m.s.mapper.ClassPathMapperScanner - Creating MapperFactoryBean with name 'accountMapper' and 'com.wio.crm.mapper.AccountMapper' mapperInterface
2025-09-02 17:57:26.792 [restartedMain] DEBUG o.m.s.mapper.ClassPathMapperScanner - Enabling autowire by type for MapperFactoryBean with name 'accountMapper'.
2025-09-02 17:57:26.792 [restartedMain] DEBUG o.m.s.mapper.ClassPathMapperScanner - Creating MapperFactoryBean with name 'adminCodeMapper' and 'com.wio.crm.mapper.AdminCodeMapper' mapperInterface
2025-09-02 17:57:26.792 [restartedMain] DEBUG o.m.s.mapper.ClassPathMapperScanner - Enabling autowire by type for MapperFactoryBean with name 'adminCodeMapper'.
2025-09-02 17:57:26.792 [restartedMain] DEBUG o.m.s.mapper.ClassPathMapperScanner - Creating MapperFactoryBean with name 'bannerMapper' and 'com.wio.crm.mapper.BannerMapper' mapperInterface
2025-09-02 17:57:26.793 [restartedMain] DEBUG o.m.s.mapper.ClassPathMapperScanner - Enabling autowire by type for MapperFactoryBean with name 'bannerMapper'.
2025-09-02 17:57:26.793 [restartedMain] DEBUG o.m.s.mapper.ClassPathMapperScanner - Creating MapperFactoryBean with name 'boardMapper' and 'com.wio.crm.mapper.BoardMapper' mapperInterface
2025-09-02 17:57:26.793 [restartedMain] DEBUG o.m.s.mapper.ClassPathMapperScanner - Enabling autowire by type for MapperFactoryBean with name 'boardMapper'.
2025-09-02 17:57:26.793 [restartedMain] DEBUG o.m.s.mapper.ClassPathMapperScanner - Creating MapperFactoryBean with name 'consMapper' and 'com.wio.crm.mapper.ConsMapper' mapperInterface
2025-09-02 17:57:26.793 [restartedMain] DEBUG o.m.s.mapper.ClassPathMapperScanner - Enabling autowire by type for MapperFactoryBean with name 'consMapper'.
2025-09-02 17:57:26.793 [restartedMain] DEBUG o.m.s.mapper.ClassPathMapperScanner - Creating MapperFactoryBean with name 'consultingMapper' and 'com.wio.crm.mapper.ConsultingMapper' mapperInterface
2025-09-02 17:57:26.794 [restartedMain] DEBUG o.m.s.mapper.ClassPathMapperScanner - Enabling autowire by type for MapperFactoryBean with name 'consultingMapper'.
2025-09-02 17:57:26.794 [restartedMain] DEBUG o.m.s.mapper.ClassPathMapperScanner - Creating MapperFactoryBean with name 'dashboardMapper' and 'com.wio.crm.mapper.DashboardMapper' mapperInterface
2025-09-02 17:57:26.794 [restartedMain] DEBUG o.m.s.mapper.ClassPathMapperScanner - Enabling autowire by type for MapperFactoryBean with name 'dashboardMapper'.
2025-09-02 17:57:26.794 [restartedMain] DEBUG o.m.s.mapper.ClassPathMapperScanner - Creating MapperFactoryBean with name 'exchangeStatsMapper' and 'com.wio.crm.mapper.ExchangeStatsMapper' mapperInterface
2025-09-02 17:57:26.794 [restartedMain] DEBUG o.m.s.mapper.ClassPathMapperScanner - Enabling autowire by type for MapperFactoryBean with name 'exchangeStatsMapper'.
2025-09-02 17:57:26.794 [restartedMain] DEBUG o.m.s.mapper.ClassPathMapperScanner - Creating MapperFactoryBean with name 'invoiceMapper' and 'com.wio.crm.mapper.InvoiceMapper' mapperInterface
2025-09-02 17:57:26.794 [restartedMain] DEBUG o.m.s.mapper.ClassPathMapperScanner - Enabling autowire by type for MapperFactoryBean with name 'invoiceMapper'.
2025-09-02 17:57:26.794 [restartedMain] DEBUG o.m.s.mapper.ClassPathMapperScanner - Creating MapperFactoryBean with name 'lmsTrackingMapper' and 'com.wio.crm.mapper.LmsTrackingMapper' mapperInterface
2025-09-02 17:57:26.795 [restartedMain] DEBUG o.m.s.mapper.ClassPathMapperScanner - Enabling autowire by type for MapperFactoryBean with name 'lmsTrackingMapper'.
2025-09-02 17:57:26.795 [restartedMain] DEBUG o.m.s.mapper.ClassPathMapperScanner - Creating MapperFactoryBean with name 'loginHistoryMapper' and 'com.wio.crm.mapper.LoginHistoryMapper' mapperInterface
2025-09-02 17:57:26.795 [restartedMain] DEBUG o.m.s.mapper.ClassPathMapperScanner - Enabling autowire by type for MapperFactoryBean with name 'loginHistoryMapper'.
2025-09-02 17:57:26.796 [restartedMain] DEBUG o.m.s.mapper.ClassPathMapperScanner - Creating MapperFactoryBean with name 'logisticsDirectReturnMapper' and 'com.wio.crm.mapper.LogisticsDirectReturnMapper' mapperInterface
2025-09-02 17:57:26.796 [restartedMain] DEBUG o.m.s.mapper.ClassPathMapperScanner - Enabling autowire by type for MapperFactoryBean with name 'logisticsDirectReturnMapper'.
2025-09-02 17:57:26.796 [restartedMain] DEBUG o.m.s.mapper.ClassPathMapperScanner - Creating MapperFactoryBean with name 'menuMapper' and 'com.wio.crm.mapper.MenuMapper' mapperInterface
2025-09-02 17:57:26.796 [restartedMain] DEBUG o.m.s.mapper.ClassPathMapperScanner - Enabling autowire by type for MapperFactoryBean with name 'menuMapper'.
2025-09-02 17:57:26.796 [restartedMain] DEBUG o.m.s.mapper.ClassPathMapperScanner - Creating MapperFactoryBean with name 'mileageMapper' and 'com.wio.crm.mapper.MileageMapper' mapperInterface
2025-09-02 17:57:26.796 [restartedMain] DEBUG o.m.s.mapper.ClassPathMapperScanner - Enabling autowire by type for MapperFactoryBean with name 'mileageMapper'.
2025-09-02 17:57:26.796 [restartedMain] DEBUG o.m.s.mapper.ClassPathMapperScanner - Creating MapperFactoryBean with name 'orderMapper' and 'com.wio.crm.mapper.OrderMapper' mapperInterface
2025-09-02 17:57:26.797 [restartedMain] DEBUG o.m.s.mapper.ClassPathMapperScanner - Enabling autowire by type for MapperFactoryBean with name 'orderMapper'.
2025-09-02 17:57:26.797 [restartedMain] DEBUG o.m.s.mapper.ClassPathMapperScanner - Creating MapperFactoryBean with name 'returnItemMapper' and 'com.wio.crm.mapper.ReturnItemMapper' mapperInterface
2025-09-02 17:57:26.797 [restartedMain] DEBUG o.m.s.mapper.ClassPathMapperScanner - Enabling autowire by type for MapperFactoryBean with name 'returnItemMapper'.
2025-09-02 17:57:26.797 [restartedMain] DEBUG o.m.s.mapper.ClassPathMapperScanner - Creating MapperFactoryBean with name 'shippingPaymentMapper' and 'com.wio.crm.mapper.ShippingPaymentMapper' mapperInterface
2025-09-02 17:57:26.797 [restartedMain] DEBUG o.m.s.mapper.ClassPathMapperScanner - Enabling autowire by type for MapperFactoryBean with name 'shippingPaymentMapper'.
2025-09-02 17:57:26.798 [restartedMain] DEBUG o.m.s.mapper.ClassPathMapperScanner - Creating MapperFactoryBean with name 'staticsMapper' and 'com.wio.crm.mapper.StaticsMapper' mapperInterface
2025-09-02 17:57:26.798 [restartedMain] DEBUG o.m.s.mapper.ClassPathMapperScanner - Enabling autowire by type for MapperFactoryBean with name 'staticsMapper'.
2025-09-02 17:57:26.798 [restartedMain] DEBUG o.m.s.mapper.ClassPathMapperScanner - Creating MapperFactoryBean with name 'tcnt01EmpMapper' and 'com.wio.crm.mapper.Tcnt01EmpMapper' mapperInterface
2025-09-02 17:57:26.798 [restartedMain] DEBUG o.m.s.mapper.ClassPathMapperScanner - Enabling autowire by type for MapperFactoryBean with name 'tcnt01EmpMapper'.
2025-09-02 17:57:26.798 [restartedMain] DEBUG o.m.s.mapper.ClassPathMapperScanner - Creating MapperFactoryBean with name 'temp01Mapper' and 'com.wio.crm.mapper.Temp01Mapper' mapperInterface
2025-09-02 17:57:26.799 [restartedMain] DEBUG o.m.s.mapper.ClassPathMapperScanner - Enabling autowire by type for MapperFactoryBean with name 'temp01Mapper'.
2025-09-02 17:57:26.799 [restartedMain] DEBUG o.m.s.mapper.ClassPathMapperScanner - Creating MapperFactoryBean with name 'tipdwMapper' and 'com.wio.crm.mapper.TipdwMapper' mapperInterface
2025-09-02 17:57:26.799 [restartedMain] DEBUG o.m.s.mapper.ClassPathMapperScanner - Enabling autowire by type for MapperFactoryBean with name 'tipdwMapper'.
2025-09-02 17:57:26.799 [restartedMain] DEBUG o.m.s.mapper.ClassPathMapperScanner - Creating MapperFactoryBean with name 'userApprovalMapper' and 'com.wio.crm.mapper.UserApprovalMapper' mapperInterface
2025-09-02 17:57:26.799 [restartedMain] DEBUG o.m.s.mapper.ClassPathMapperScanner - Enabling autowire by type for MapperFactoryBean with name 'userApprovalMapper'.
2025-09-02 17:57:26.799 [restartedMain] DEBUG o.m.s.mapper.ClassPathMapperScanner - Creating MapperFactoryBean with name 'userMapper' and 'com.wio.crm.mapper.UserMapper' mapperInterface
2025-09-02 17:57:26.800 [restartedMain] DEBUG o.m.s.mapper.ClassPathMapperScanner - Enabling autowire by type for MapperFactoryBean with name 'userMapper'.
2025-09-02 17:57:27.264 [restartedMain] WARN  o.s.b.w.s.c.AnnotationConfigServletWebServerApplicationContext - Exception encountered during context initialization - cancelling refresh attempt: org.springframework.context.ApplicationContextException: Unable to start web server
2025-09-02 17:57:27.271 [restartedMain] INFO  o.s.b.a.l.ConditionEvaluationReportLogger - 

Error starting ApplicationContext. To display the condition evaluation report re-run your application with 'debug' enabled.
2025-09-02 17:57:27.287 [restartedMain] ERROR o.s.boot.SpringApplication - Application run failed
org.springframework.context.ApplicationContextException: Unable to start web server
	at org.springframework.boot.web.servlet.context.ServletWebServerApplicationContext.onRefresh(ServletWebServerApplicationContext.java:165)
	at org.springframework.context.support.AbstractApplicationContext.refresh(AbstractApplicationContext.java:619)
	at org.springframework.boot.web.servlet.context.ServletWebServerApplicationContext.refresh(ServletWebServerApplicationContext.java:146)
	at org.springframework.boot.SpringApplication.refresh(SpringApplication.java:762)
	at org.springframework.boot.SpringApplication.refreshContext(SpringApplication.java:464)
	at org.springframework.boot.SpringApplication.run(SpringApplication.java:334)
	at org.springframework.boot.SpringApplication.run(SpringApplication.java:1358)
	at org.springframework.boot.SpringApplication.run(SpringApplication.java:1347)
	at com.wio.crm.CrmApplication.main(CrmApplication.java:13)
	at java.base/jdk.internal.reflect.NativeMethodAccessorImpl.invoke0(Native Method)
	at java.base/jdk.internal.reflect.NativeMethodAccessorImpl.invoke(NativeMethodAccessorImpl.java:77)
	at java.base/jdk.internal.reflect.DelegatingMethodAccessorImpl.invoke(DelegatingMethodAccessorImpl.java:43)
	at java.base/java.lang.reflect.Method.invoke(Method.java:569)
	at org.springframework.boot.devtools.restart.RestartLauncher.run(RestartLauncher.java:50)
Caused by: java.lang.IllegalStateException: Unable to create key store: Could not load store from 'classpath:keystore.p12'
	at org.springframework.boot.ssl.jks.JksSslStoreBundle.createKeyStore(JksSslStoreBundle.java:93)
	at org.springframework.boot.ssl.jks.JksSslStoreBundle.<init>(JksSslStoreBundle.java:56)
	at org.springframework.boot.web.server.WebServerSslBundle.createJksStoreBundle(WebServerSslBundle.java:77)
	at org.springframework.boot.web.server.WebServerSslBundle.createStoreBundle(WebServerSslBundle.java:164)
	at org.springframework.boot.web.server.WebServerSslBundle.get(WebServerSslBundle.java:155)
	at org.springframework.boot.web.server.AbstractConfigurableWebServerFactory.getSslBundle(AbstractConfigurableWebServerFactory.java:225)
	at org.springframework.boot.web.embedded.tomcat.TomcatServletWebServerFactory.customizeSsl(TomcatServletWebServerFactory.java:373)
	at org.springframework.boot.web.embedded.tomcat.TomcatServletWebServerFactory.customizeConnector(TomcatServletWebServerFactory.java:349)
	at org.springframework.boot.web.embedded.tomcat.TomcatServletWebServerFactory.getWebServer(TomcatServletWebServerFactory.java:210)
	at org.springframework.boot.web.servlet.context.ServletWebServerApplicationContext.createWebServer(ServletWebServerApplicationContext.java:188)
	at org.springframework.boot.web.servlet.context.ServletWebServerApplicationContext.onRefresh(ServletWebServerApplicationContext.java:162)
	... 13 common frames omitted
Caused by: java.lang.IllegalStateException: Could not load store from 'classpath:keystore.p12'
	at org.springframework.boot.ssl.jks.JksSslStoreBundle.loadKeyStore(JksSslStoreBundle.java:122)
	at org.springframework.boot.ssl.jks.JksSslStoreBundle.createKeyStore(JksSslStoreBundle.java:88)
	... 23 common frames omitted
Caused by: java.io.FileNotFoundException: class path resource [keystore.p12] cannot be resolved to URL because it does not exist
	at org.springframework.util.ResourceUtils.getURL(ResourceUtils.java:138)
	at org.springframework.boot.ssl.jks.JksSslStoreBundle.loadKeyStore(JksSslStoreBundle.java:116)
	... 24 common frames omitted
